{
	"texture_size": [64, 32],
	"textures": {
		"0": "item/mobs/cow_cleared"
	},
	"elements": [
		{
			"name": "leg4",
			"from": [-3, 8, -1],
			"to": [9, 12, 3],
			"rotation": {"angle": 22.5, "axis": "z", "origin": [8, 8, 8]},
			"faces": {
				"north": {"uv": [1, 10, 2, 16], "rotation": 270, "texture": "#0"},
				"east": {"uv": [2, 10, 1, 8], "rotation": 90, "texture": "#0"},
				"south": {"uv": [3, 10, 4, 16], "rotation": 90, "texture": "#0"},
				"west": {"uv": [3, 8, 2, 10], "rotation": 90, "texture": "#0"},
				"up": {"uv": [2, 10, 3, 16], "rotation": 90, "texture": "#0"},
				"down": {"uv": [0, 10, 1, 16], "rotation": 90, "texture": "#0"}
			}
		},
		{
			"name": "leg3",
			"from": [-4, 0, -1],
			"to": [8, 4, 3],
			"rotation": {"angle": 0, "axis": "z", "origin": [8, 8, 8]},
			"faces": {
				"north": {"uv": [1, 10, 2, 16], "rotation": 270, "texture": "#0"},
				"east": {"uv": [2, 10, 1, 8], "rotation": 90, "texture": "#0"},
				"south": {"uv": [3, 10, 4, 16], "rotation": 90, "texture": "#0"},
				"west": {"uv": [3, 8, 2, 10], "rotation": 90, "texture": "#0"},
				"up": {"uv": [2, 10, 3, 16], "rotation": 90, "texture": "#0"},
				"down": {"uv": [0, 10, 1, 16], "rotation": 90, "texture": "#0"}
			}
		},
		{
			"name": "leg2",
			"from": [-3, 8, 11],
			"to": [9, 12, 15],
			"rotation": {"angle": 22.5, "axis": "z", "origin": [8, 8, 8]},
			"faces": {
				"north": {"uv": [1, 10, 2, 16], "rotation": 270, "texture": "#0"},
				"east": {"uv": [2, 10, 1, 8], "rotation": 90, "texture": "#0"},
				"south": {"uv": [3, 10, 4, 16], "rotation": 90, "texture": "#0"},
				"west": {"uv": [3, 8, 2, 10], "rotation": 90, "texture": "#0"},
				"up": {"uv": [2, 10, 3, 16], "rotation": 90, "texture": "#0"},
				"down": {"uv": [0, 10, 1, 16], "rotation": 90, "texture": "#0"}
			}
		},
		{
			"name": "leg1",
			"from": [-4, 0, 11],
			"to": [8, 4, 15],
			"rotation": {"angle": 0, "axis": "z", "origin": [8, 8, 8]},
			"faces": {
				"north": {"uv": [1, 10, 2, 16], "rotation": 270, "texture": "#0"},
				"east": {"uv": [2, 10, 1, 8], "rotation": 90, "texture": "#0"},
				"south": {"uv": [3, 10, 4, 16], "rotation": 90, "texture": "#0"},
				"west": {"uv": [3, 8, 2, 10], "rotation": 90, "texture": "#0"},
				"up": {"uv": [2, 10, 3, 16], "rotation": 90, "texture": "#0"},
				"down": {"uv": [0, 10, 1, 16], "rotation": 90, "texture": "#0"}
			}
		},
		{
			"name": "head",
			"from": [12, 0, -8],
			"to": [20, 8, -2],
			"rotation": {"angle": 0, "axis": "x", "origin": [8, 8, 8]},
			"faces": {
				"north": {"uv": [1.5, 3, 3.5, 7], "rotation": 270, "texture": "#0"},
				"east": {"uv": [3.5, 3, 1.5, 0], "rotation": 90, "texture": "#0"},
				"south": {"uv": [5, 3, 7, 7], "rotation": 90, "texture": "#0"},
				"west": {"uv": [5.5, 0, 3.5, 3], "rotation": 90, "texture": "#0"},
				"up": {"uv": [3.5, 3, 5, 7], "rotation": 90, "texture": "#0"},
				"down": {"uv": [0, 3, 1.5, 7], "rotation": 90, "texture": "#0"}
			}
		},
		{
			"name": "head",
			"from": [18, 8, -6],
			"to": [21, 9, -5],
			"rotation": {"angle": 0, "axis": "x", "origin": [8, 8, 8]},
			"faces": {
				"north": {"uv": [5.75, 0.5, 6, 2], "rotation": 270, "texture": "#0"},
				"east": {"uv": [6, 0.5, 5.75, 0], "rotation": 90, "texture": "#0"},
				"south": {"uv": [6.25, 0.5, 6.5, 2], "rotation": 90, "texture": "#0"},
				"west": {"uv": [6.25, 0, 6, 0.5], "rotation": 90, "texture": "#0"},
				"up": {"uv": [6, 0.5, 6.25, 2], "rotation": 90, "texture": "#0"},
				"down": {"uv": [5.5, 0.5, 5.75, 2], "rotation": 90, "texture": "#0"}
			}
		},
		{
			"name": "head",
			"from": [18, -1, -6],
			"to": [21, 0, -5],
			"rotation": {"angle": 0, "axis": "x", "origin": [8, 8, 8]},
			"faces": {
				"north": {"uv": [5.75, 0.5, 6, 2], "rotation": 270, "texture": "#0"},
				"east": {"uv": [6, 0.5, 5.75, 0], "rotation": 90, "texture": "#0"},
				"south": {"uv": [6.25, 0.5, 6.5, 2], "rotation": 90, "texture": "#0"},
				"west": {"uv": [6.25, 0, 6, 0.5], "rotation": 90, "texture": "#0"},
				"up": {"uv": [6, 0.5, 6.25, 2], "rotation": 90, "texture": "#0"},
				"down": {"uv": [5.5, 0.5, 5.75, 2], "rotation": 90, "texture": "#0"}
			}
		},
		{
			"name": "rotation",
			"from": [8, 0, -2],
			"to": [18, 12, 16],
			"rotation": {"angle": 0, "axis": "z", "origin": [8, 8, 8]},
			"faces": {
				"north": {"uv": [10, 7, 7, 2], "rotation": 90, "texture": "#0"},
				"east": {"uv": [12.5, 7, 15.5, 16], "rotation": 90, "texture": "#0"},
				"south": {"uv": [13, 2, 10, 7], "rotation": 90, "texture": "#0"},
				"west": {"uv": [7, 7, 10, 16], "rotation": 270, "texture": "#0"},
				"up": {"uv": [10, 7, 12.5, 16], "texture": "#0"},
				"down": {"uv": [4.5, 7, 7, 16], "rotation": 180, "texture": "#0"}
			}
		},
		{
			"name": "rotation",
			"from": [7, 4, 10],
			"to": [8, 8, 16],
			"rotation": {"angle": 0, "axis": "z", "origin": [8, 8, 8]},
			"faces": {
				"north": {"uv": [15.25, 0, 14.25, 0.5], "rotation": 90, "texture": "#0"},
				"east": {"uv": [13.25, 0.5, 14.25, 3.5], "rotation": 270, "texture": "#0"},
				"south": {"uv": [14.25, 0.5, 13.25, 0], "rotation": 90, "texture": "#0"},
				"west": {"uv": [13.25, 0.5, 14.25, 3.5], "rotation": 90, "texture": "#0"},
				"up": {"uv": [14.25, 0.5, 14.5, 3.5], "rotation": 180, "texture": "#0"},
				"down": {"uv": [13, 0.5, 13.25, 3.5], "texture": "#0"}
			}
		}
	],
	"display": {
		"thirdperson_lefthand": {
			"rotation": [66, 0, -89],
			"translation": [-4.25, 1.25, -10.25]
		},
		"head": {
			"translation": [-1.5, -30.5, 0],
			"scale": [1.61, 1.61, 1.61]
		},
		"fixed": {
			"rotation": [2, 29, 57],
			"translation": [-2, 1, 2.5],
			"scale": [1.61, 1.61, 1.61]
		}
	},
	"groups": [
		{
			"name": "bone",
			"origin": [-2, 7, 0],
			"color": 0,
			"children": [
				{
					"name": "leg4",
					"origin": [4, 12, -6],
					"color": 0,
					"children": [0]
				},
				{
					"name": "leg3",
					"origin": [-4, 12, -6],
					"color": 0,
					"children": [1]
				},
				{
					"name": "leg2",
					"origin": [4, 12, 7],
					"color": 0,
					"children": [2]
				},
				{
					"name": "leg1",
					"origin": [-4, 12, 7],
					"color": 0,
					"children": [3]
				},
				{
					"name": "head",
					"origin": [0, 20, -8],
					"color": 0,
					"children": [4, 5, 6]
				},
				{
					"name": "body",
					"origin": [0, 19, 2],
					"color": 0,
					"children": [
						{
							"name": "rotation",
							"origin": [0, 19, 2],
							"color": 0,
							"children": [7, 8]
						}
					]
				}
			]
		}
	]
}