{
	"credit": "Made with Blockbench",
	"texture_size": [128, 64],
	"textures": {
		"0": "item/mobs/polar_bear_d2"
	},
	"elements": [
		{
			"name": "head",
			"from": [4.5, 10, -10],
			"to": [11.5, 17, -3],
			"rotation": {"angle": 0, "axis": "y", "origin": [0, 0, 3]},
			"faces": {
				"north": {"uv": [0.875, 1.75, 1.75, 3.5], "texture": "#0"},
				"east": {"uv": [0, 1.75, 0.875, 3.5], "texture": "#0"},
				"south": {"uv": [2.625, 1.75, 3.5, 3.5], "texture": "#0"},
				"west": {"uv": [1.75, 1.75, 2.625, 3.5], "texture": "#0"},
				"up": {"uv": [1.75, 1.75, 0.875, 0], "texture": "#0"},
				"down": {"uv": [2.625, 0, 1.75, 1.75], "texture": "#0"}
			}
		},
		{
			"name": "head",
			"from": [5.5, 10, -13],
			"to": [10.5, 13, -10],
			"rotation": {"angle": 0, "axis": "y", "origin": [0, 0, 3]},
			"faces": {
				"north": {"uv": [0.375, 11.75, 1, 12.5], "texture": "#0"},
				"east": {"uv": [0, 11.75, 0.375, 12.5], "texture": "#0"},
				"south": {"uv": [1.375, 11.75, 2, 12.5], "texture": "#0"},
				"west": {"uv": [1, 11.75, 1.375, 12.5], "texture": "#0"},
				"up": {"uv": [1, 11.75, 0.375, 11], "texture": "#0"},
				"down": {"uv": [1.625, 11, 1, 11.75], "texture": "#0"}
			}
		},
		{
			"name": "head",
			"from": [3.5, 16, -8],
			"to": [5.5, 18, -7],
			"rotation": {"angle": 0, "axis": "y", "origin": [0, 0, 3]},
			"faces": {
				"north": {"uv": [3.375, 0.25, 3.625, 0.75], "texture": "#0"},
				"east": {"uv": [3.25, 0.25, 3.375, 0.75], "texture": "#0"},
				"south": {"uv": [3.75, 0.25, 4, 0.75], "texture": "#0"},
				"west": {"uv": [3.625, 0.25, 3.75, 0.75], "texture": "#0"},
				"up": {"uv": [3.625, 0.25, 3.375, 0], "texture": "#0"},
				"down": {"uv": [3.875, 0, 3.625, 0.25], "texture": "#0"}
			}
		},
		{
			"name": "head",
			"from": [10.5, 16, -8],
			"to": [12.5, 18, -7],
			"rotation": {"angle": 0, "axis": "y", "origin": [0, 0, 3]},
			"faces": {
				"north": {"uv": [3.375, 0.25, 3.625, 0.75], "texture": "#0"},
				"east": {"uv": [3.25, 0.25, 3.375, 0.75], "texture": "#0"},
				"south": {"uv": [3.75, 0.25, 4, 0.75], "texture": "#0"},
				"west": {"uv": [3.625, 0.25, 3.75, 0.75], "texture": "#0"},
				"up": {"uv": [3.625, 0.25, 3.375, 0], "texture": "#0"},
				"down": {"uv": [3.875, 0, 3.625, 0.25], "texture": "#0"}
			}
		},
		{
			"name": "body_sub_1",
			"from": [1, 10, 9],
			"to": [15, 21, 23],
			"rotation": {"angle": 0, "axis": "y", "origin": [0, 21, 4]},
			"faces": {
				"north": {"uv": [3.125, 7.5, 1.375, 4.75], "rotation": 180, "texture": "#0"},
				"east": {"uv": [0, 7.5, 1.375, 11], "rotation": 90, "texture": "#0"},
				"south": {"uv": [4.875, 4.75, 3.125, 7.5], "texture": "#0"},
				"west": {"uv": [3.125, 7.5, 4.5, 11], "rotation": 270, "texture": "#0"},
				"up": {"uv": [4.5, 7.5, 6.25, 11], "texture": "#0"},
				"down": {"uv": [1.375, 7.5, 3.125, 11], "rotation": 180, "texture": "#0"}
			}
		},
		{
			"name": "body_sub_1",
			"from": [2, 10, -3],
			"to": [14, 20, 9],
			"rotation": {"angle": 0, "axis": "y", "origin": [0, 21, 4]},
			"faces": {
				"north": {"uv": [7.625, 2.5, 6.125, 0], "rotation": 180, "texture": "#0"},
				"east": {"uv": [4.875, 2.5, 6.125, 5.5], "rotation": 90, "texture": "#0"},
				"south": {"uv": [9.125, 0, 7.625, 2.5], "texture": "#0"},
				"west": {"uv": [7.625, 2.5, 8.875, 5.5], "rotation": 270, "texture": "#0"},
				"up": {"uv": [8.875, 2.5, 10.375, 5.5], "texture": "#0"},
				"down": {"uv": [6.125, 2.5, 7.625, 5.5], "rotation": 180, "texture": "#0"}
			}
		},
		{
			"name": "leg1",
			"from": [-3, 6, 12],
			"to": [1, 14, 22],
			"rotation": {"angle": -22.5, "axis": "x", "origin": [2, 10, 17]},
			"faces": {
				"north": {"uv": [8.25, 5.5, 7.75, 7.5], "rotation": 180, "texture": "#0"},
				"east": {"uv": [6.25, 7.5, 7.25, 10], "rotation": 270, "texture": "#0"},
				"south": {"uv": [7.75, 7.5, 7.25, 5.5], "texture": "#0"},
				"west": {"uv": [7.75, 7.5, 8.75, 10], "rotation": 90, "texture": "#0"},
				"up": {"uv": [7.25, 7.5, 7.75, 10], "rotation": 180, "texture": "#0"},
				"down": {"uv": [8.75, 7.5, 9.25, 10], "texture": "#0"}
			}
		},
		{
			"name": "leg2",
			"from": [15, 6, 12],
			"to": [19, 14, 22],
			"rotation": {"angle": -22.5, "axis": "x", "origin": [2, 10, 17]},
			"faces": {
				"north": {"uv": [8.25, 5.5, 7.75, 7.5], "rotation": 180, "texture": "#0"},
				"east": {"uv": [6.25, 7.5, 7.25, 10], "rotation": 270, "texture": "#0"},
				"south": {"uv": [7.75, 7.5, 7.25, 5.5], "texture": "#0"},
				"west": {"uv": [7.75, 7.5, 8.75, 10], "rotation": 90, "texture": "#0"},
				"up": {"uv": [7.25, 7.5, 7.75, 10], "rotation": 180, "texture": "#0"},
				"down": {"uv": [8.75, 7.5, 9.25, 10], "texture": "#0"}
			}
		},
		{
			"name": "leg3",
			"from": [-1.5, 9, -4],
			"to": [2.5, 15, 6],
			"rotation": {"angle": -22.5, "axis": "x", "origin": [0, 7, 3]},
			"faces": {
				"north": {"uv": [8, 10, 7.5, 11.5], "rotation": 180, "texture": "#0"},
				"east": {"uv": [6.25, 11.5, 7, 14], "rotation": 270, "texture": "#0"},
				"south": {"uv": [7.5, 11.5, 7, 10], "texture": "#0"},
				"west": {"uv": [7.5, 11.5, 8.25, 14], "rotation": 90, "texture": "#0"},
				"up": {"uv": [7, 11.5, 7.5, 14], "rotation": 180, "texture": "#0"},
				"down": {"uv": [8.25, 11.5, 8.75, 14], "texture": "#0"}
			}
		},
		{
			"name": "leg4",
			"from": [13.5, 9, -4],
			"to": [17.5, 15, 6],
			"rotation": {"angle": -22.5, "axis": "x", "origin": [0, 7, 3]},
			"faces": {
				"north": {"uv": [8, 10, 7.5, 11.5], "rotation": 180, "texture": "#0"},
				"east": {"uv": [6.25, 11.5, 7, 14], "rotation": 270, "texture": "#0"},
				"south": {"uv": [7.5, 11.5, 7, 10], "texture": "#0"},
				"west": {"uv": [7.5, 11.5, 8.25, 14], "rotation": 90, "texture": "#0"},
				"up": {"uv": [7, 11.5, 7.5, 14], "rotation": 180, "texture": "#0"},
				"down": {"uv": [8.25, 11.5, 8.75, 14], "texture": "#0"}
			}
		}
	],
	"display": {
		"head": {
			"translation": [0, -42.75, 0],
			"scale": [1.61, 1.61, 1.61]
		}
	},
	"groups": [
		{
			"name": "leg4",
			"origin": [-3.5, 10, -8],
			"color": 0,
			"children": [
				{
					"name": "bone",
					"origin": [0, 0, 3],
					"color": 0,
					"children": [
						0,
						1,
						2,
						3,
						{
							"name": "bone2",
							"origin": [0, 5, 28],
							"color": 0,
							"children": [4, 5]
						},
						6,
						7,
						8,
						9
					]
				},
				{
					"name": "body",
					"origin": [-2, 15, 12],
					"color": 0,
					"children": [
						{
							"name": "rotation",
							"origin": [0, 15, 12],
							"color": 0,
							"children": [
								{
									"name": "body_sub_1",
									"origin": [0, 15, 12],
									"color": 0,
									"children": []
								}
							]
						}
					]
				}
			]
		}
	]
}