{
	"credit": "Made with Blockbench",
	"texture_size": [64, 32],
	"textures": {
		"0": "item/mobs/rabbit_d2"
	},
	"elements": [
		{
			"name": "head",
			"from": [4.5, 0.5, -1],
			"to": [8.5, 5.5, 4],
			"rotation": {"angle": 0, "axis": "y", "origin": [8, 8, 8]},
			"faces": {
				"north": {"uv": [9.25, 2.5, 10.5, 4.5], "rotation": 90, "texture": "#0"},
				"east": {"uv": [11.75, 0, 10.5, 2.5], "rotation": 270, "texture": "#0"},
				"south": {"uv": [11.75, 2.5, 13, 4.5], "rotation": 270, "texture": "#0"},
				"west": {"uv": [10.5, 2.5, 9.25, 0], "rotation": 270, "texture": "#0"},
				"up": {"uv": [8, 2.5, 9.25, 4.5], "rotation": 270, "texture": "#0"},
				"down": {"uv": [10.5, 2.5, 11.75, 4.5], "rotation": 270, "texture": "#0"}
			}
		},
		{
			"name": "nose",
			"from": [6, 2.5, -1.5],
			"to": [7, 3.5, -0.5],
			"rotation": {"angle": 0, "axis": "y", "origin": [8, 8, 8]},
			"faces": {
				"north": {"uv": [8.25, 5, 8.5, 5.5], "rotation": 90, "texture": "#0"},
				"east": {"uv": [8.75, 4.5, 8.5, 5], "rotation": 270, "texture": "#0"},
				"south": {"uv": [8.75, 5, 9, 5.5], "rotation": 270, "texture": "#0"},
				"west": {"uv": [8.5, 5, 8.25, 4.5], "rotation": 270, "texture": "#0"},
				"up": {"uv": [8, 5, 8.25, 5.5], "rotation": 270, "texture": "#0"},
				"down": {"uv": [8.5, 5, 8.75, 5.5], "rotation": 270, "texture": "#0"}
			}
		},
		{
			"name": "left_ear",
			"from": [-0.5, 0.5, 3],
			"to": [4.5, 2.5, 4],
			"rotation": {"angle": 0, "axis": "y", "origin": [8, 8, 8]},
			"faces": {
				"north": {"uv": [14.75, 0.5, 15.25, 3], "rotation": 90, "texture": "#0"},
				"east": {"uv": [15.75, 0, 15.25, 0.5], "rotation": 270, "texture": "#0"},
				"south": {"uv": [15.5, 0.5, 16, 3], "rotation": 270, "texture": "#0"},
				"west": {"uv": [15.25, 0.5, 14.75, 0], "rotation": 270, "texture": "#0"},
				"up": {"uv": [14.5, 0.5, 14.75, 3], "rotation": 270, "texture": "#0"},
				"down": {"uv": [15.25, 0.5, 15.5, 3], "rotation": 270, "texture": "#0"}
			}
		},
		{
			"name": "right_ear",
			"from": [-1.2, 4.9, 3.1],
			"to": [3.8, 6.9, 4.1],
			"rotation": {"angle": 22.5, "axis": "z", "origin": [8, 8, 8]},
			"faces": {
				"north": {"uv": [13.25, 0.5, 13.75, 3], "rotation": 90, "texture": "#0"},
				"east": {"uv": [14.25, 0, 13.75, 0.5], "rotation": 270, "texture": "#0"},
				"south": {"uv": [14, 0.5, 14.5, 3], "rotation": 270, "texture": "#0"},
				"west": {"uv": [13.75, 0.5, 13.25, 0], "rotation": 270, "texture": "#0"},
				"up": {"uv": [13, 0.5, 13.25, 3], "rotation": 270, "texture": "#0"},
				"down": {"uv": [13.75, 0.5, 14, 3], "rotation": 270, "texture": "#0"}
			}
		},
		{
			"name": "body",
			"from": [6, 0, 4],
			"to": [11, 6, 14],
			"rotation": {"angle": 0, "axis": "y", "origin": [8, 8, 8]},
			"faces": {
				"north": {"uv": [2.5, 5, 4, 7.5], "rotation": 90, "texture": "#0"},
				"east": {"uv": [5.5, 0, 4, 5], "rotation": 270, "texture": "#0"},
				"south": {"uv": [6.5, 5, 8, 7.5], "rotation": 270, "texture": "#0"},
				"west": {"uv": [4, 5, 2.5, 0], "rotation": 270, "texture": "#0"},
				"up": {"uv": [0, 5, 2.5, 7.5], "rotation": 270, "texture": "#0"},
				"down": {"uv": [4, 5, 6.5, 7.5], "rotation": 270, "texture": "#0"}
			}
		},
		{
			"name": "left_arm",
			"from": [9, -1, 3],
			"to": [16, 1, 5],
			"rotation": {"angle": 0, "axis": "y", "origin": [8, 8, 8]},
			"faces": {
				"north": {"uv": [2.5, 8.5, 3, 12], "rotation": 90, "texture": "#0"},
				"east": {"uv": [3.5, 7.5, 3, 8.5], "rotation": 270, "texture": "#0"},
				"south": {"uv": [3.5, 8.5, 4, 12], "rotation": 270, "texture": "#0"},
				"west": {"uv": [3, 8.5, 2.5, 7.5], "rotation": 270, "texture": "#0"},
				"up": {"uv": [2, 8.5, 2.5, 12], "rotation": 270, "texture": "#0"},
				"down": {"uv": [3, 8.5, 3.5, 12], "rotation": 270, "texture": "#0"}
			}
		},
		{
			"name": "right_arm",
			"from": [10.4, 5.3, 3],
			"to": [17.4, 7.3, 5],
			"rotation": {"angle": -22.5, "axis": "z", "origin": [8, 8, 8]},
			"faces": {
				"north": {"uv": [0.5, 8.5, 1, 12], "rotation": 90, "texture": "#0"},
				"east": {"uv": [1.5, 7.5, 1, 8.5], "rotation": 270, "texture": "#0"},
				"south": {"uv": [1.5, 8.5, 2, 12], "rotation": 270, "texture": "#0"},
				"west": {"uv": [1, 8.5, 0.5, 7.5], "rotation": 270, "texture": "#0"},
				"up": {"uv": [0, 8.5, 0.5, 12], "rotation": 270, "texture": "#0"},
				"down": {"uv": [1, 8.5, 1.5, 12], "rotation": 270, "texture": "#0"}
			}
		},
		{
			"name": "left_thigh",
			"from": [8, -1, 9.5],
			"to": [12, 1, 14.5],
			"rotation": {"angle": 0, "axis": "y", "origin": [8, 8, 8]},
			"faces": {
				"north": {"uv": [5.25, 10, 5.75, 12], "rotation": 90, "texture": "#0"},
				"east": {"uv": [6.25, 7.5, 5.75, 10], "rotation": 270, "texture": "#0"},
				"south": {"uv": [7, 10, 7.5, 12], "rotation": 270, "texture": "#0"},
				"west": {"uv": [5.75, 10, 5.25, 7.5], "rotation": 270, "texture": "#0"},
				"up": {"uv": [4, 10, 5.25, 12], "rotation": 270, "texture": "#0"},
				"down": {"uv": [5.75, 10, 7, 12], "rotation": 270, "texture": "#0"}
			}
		},
		{
			"name": "right_thigh",
			"from": [9.4, 5.3, 9.5],
			"to": [13.4, 7.3, 14.5],
			"rotation": {"angle": -22.5, "axis": "z", "origin": [8, 8, 8]},
			"faces": {
				"north": {"uv": [8.75, 10, 9.25, 12], "rotation": 90, "texture": "#0"},
				"east": {"uv": [9.75, 7.5, 9.25, 10], "rotation": 270, "texture": "#0"},
				"south": {"uv": [10.5, 10, 11, 12], "rotation": 270, "texture": "#0"},
				"west": {"uv": [9.25, 10, 8.75, 7.5], "rotation": 270, "texture": "#0"},
				"up": {"uv": [7.5, 10, 8.75, 12], "rotation": 270, "texture": "#0"},
				"down": {"uv": [9.25, 10, 10.5, 12], "rotation": 270, "texture": "#0"}
			}
		},
		{
			"name": "left_foot",
			"from": [12, -1, 7.5],
			"to": [13, 1, 14.5],
			"rotation": {"angle": 0, "axis": "y", "origin": [8, 8, 8]},
			"faces": {
				"north": {"uv": [8.25, 15.5, 8.75, 16], "rotation": 90, "texture": "#0"},
				"east": {"uv": [9.25, 12, 8.75, 15.5], "rotation": 270, "texture": "#0"},
				"south": {"uv": [10.5, 15.5, 11, 16], "rotation": 270, "texture": "#0"},
				"west": {"uv": [8.75, 15.5, 8.25, 12], "rotation": 270, "texture": "#0"},
				"up": {"uv": [6.5, 15.5, 8.25, 16], "rotation": 270, "texture": "#0"},
				"down": {"uv": [8.75, 15.5, 10.5, 16], "rotation": 270, "texture": "#0"}
			}
		},
		{
			"name": "right_foot",
			"from": [13.4, 5.3, 7.5],
			"to": [14.4, 7.3, 14.5],
			"rotation": {"angle": -22.5, "axis": "z", "origin": [8, 8, 8]},
			"faces": {
				"north": {"uv": [3.75, 15.5, 4.25, 16], "rotation": 90, "texture": "#0"},
				"east": {"uv": [4.75, 12, 4.25, 15.5], "rotation": 270, "texture": "#0"},
				"south": {"uv": [6, 15.5, 6.5, 16], "rotation": 270, "texture": "#0"},
				"west": {"uv": [4.25, 15.5, 3.75, 12], "rotation": 270, "texture": "#0"},
				"up": {"uv": [2, 15.5, 3.75, 16], "rotation": 270, "texture": "#0"},
				"down": {"uv": [4.25, 15.5, 6, 16], "rotation": 270, "texture": "#0"}
			}
		},
		{
			"name": "tail",
			"from": [7.75, 1.5, 13.5],
			"to": [10.75, 4.5, 15.5],
			"rotation": {"angle": 0, "axis": "y", "origin": [8, 8, 8]},
			"faces": {
				"north": {"uv": [13.5, 4, 14.25, 5.5], "rotation": 90, "texture": "#0"},
				"east": {"uv": [15, 3, 14.25, 4], "rotation": 270, "texture": "#0"},
				"south": {"uv": [14.75, 4, 15.5, 5.5], "rotation": 270, "texture": "#0"},
				"west": {"uv": [14.25, 4, 13.5, 3], "rotation": 270, "texture": "#0"},
				"up": {"uv": [13, 4, 13.5, 5.5], "rotation": 270, "texture": "#0"},
				"down": {"uv": [14.25, 4, 14.75, 5.5], "rotation": 270, "texture": "#0"}
			}
		}
	],
	"display": {
		"head": {
			"translation": [0, -34.25, 0]
		}
	},
	"groups": [
		{
			"name": "group",
			"origin": [0, 6.75, 6.5],
			"color": 0,
			"children": [
				{
					"name": "head",
					"origin": [0, 7.5, -3],
					"color": 0,
					"children": [0]
				},
				{
					"name": "nose",
					"origin": [0, 7.5, -3],
					"color": 0,
					"children": [1]
				},
				{
					"name": "left_ear",
					"origin": [0, 7.5, -3],
					"color": 0,
					"children": [2]
				},
				{
					"name": "right_ear",
					"origin": [0, 7.5, -3],
					"color": 0,
					"children": [3]
				},
				{
					"name": "body",
					"origin": [0, 8, 7],
					"color": 0,
					"children": [4]
				},
				{
					"name": "left_arm",
					"origin": [3, 7, -3],
					"color": 0,
					"children": [5]
				},
				{
					"name": "right_arm",
					"origin": [-3, 7, -3],
					"color": 0,
					"children": [6]
				},
				{
					"name": "left_thigh",
					"origin": [3, 8, 2.5],
					"color": 0,
					"children": [7]
				},
				{
					"name": "right_thigh",
					"origin": [-3, 8, 2.5],
					"color": 0,
					"children": [8]
				},
				{
					"name": "left_foot",
					"origin": [3, 9.5, 4.2],
					"color": 0,
					"children": [9]
				},
				{
					"name": "right_foot",
					"origin": [-3, 9.5, 4.2],
					"color": 0,
					"children": [10]
				},
				{
					"name": "tail",
					"origin": [0, 6.75, 6.5],
					"color": 0,
					"children": [11]
				}
			]
		}
	]
}