{
	"credit": "Made with Blockbench",
	"texture_size": [64, 32],
	"textures": {
		"0": "item/mobs/wolf_d2"
	},
	"elements": [
		{
			"name": "head",
			"from": [2.5, 0, -2],
			"to": [8.5, 6, 2],
			"rotation": {"angle": 0, "axis": "y", "origin": [8, 8, 8]},
			"faces": {
				"north": {"uv": [1, 2, 2.5, 5], "rotation": 90, "texture": "#0"},
				"east": {"uv": [4, 0, 2.5, 2], "rotation": 270, "texture": "#0"},
				"south": {"uv": [3.5, 2, 5, 5], "rotation": 270, "texture": "#0"},
				"west": {"uv": [2.5, 2, 1, 0], "rotation": 270, "texture": "#0"},
				"up": {"uv": [0, 2, 1, 5], "rotation": 270, "texture": "#0"},
				"down": {"uv": [2.5, 2, 3.5, 5], "rotation": 270, "texture": "#0"}
			}
		},
		{
			"name": "head",
			"from": [0.5, 0, 0],
			"to": [2.5, 2, 1],
			"rotation": {"angle": 0, "axis": "y", "origin": [8, 8, 8]},
			"faces": {
				"north": {"uv": [4.25, 7.5, 4.75, 8.5], "rotation": 90, "texture": "#0"},
				"east": {"uv": [5.25, 7, 4.75, 7.5], "rotation": 270, "texture": "#0"},
				"south": {"uv": [5, 7.5, 5.5, 8.5], "rotation": 270, "texture": "#0"},
				"west": {"uv": [4.75, 7.5, 4.25, 7], "rotation": 270, "texture": "#0"},
				"up": {"uv": [4, 7.5, 4.25, 8.5], "rotation": 270, "texture": "#0"},
				"down": {"uv": [4.75, 7.5, 5, 8.5], "rotation": 270, "texture": "#0"}
			}
		},
		{
			"name": "head",
			"from": [0.1, 6.1, 0],
			"to": [2.1, 8.1, 1],
			"rotation": {"angle": 22.5, "axis": "z", "origin": [8, 8, 8]},
			"faces": {
				"north": {"uv": [4.25, 7.5, 4.75, 8.5], "rotation": 90, "texture": "#0"},
				"east": {"uv": [5.25, 7, 4.75, 7.5], "rotation": 270, "texture": "#0"},
				"south": {"uv": [5, 7.5, 5.5, 8.5], "rotation": 270, "texture": "#0"},
				"west": {"uv": [4.75, 7.5, 4.25, 7], "rotation": 270, "texture": "#0"},
				"up": {"uv": [4, 7.5, 4.25, 8.5], "rotation": 270, "texture": "#0"},
				"down": {"uv": [4.75, 7.5, 5, 8.5], "rotation": 270, "texture": "#0"}
			}
		},
		{
			"name": "head",
			"from": [5.48, 1.5, -5],
			"to": [8.48, 4.5, -1],
			"rotation": {"angle": 0, "axis": "y", "origin": [8, 8, 8]},
			"faces": {
				"north": {"uv": [1, 7, 1.75, 8.5], "rotation": 90, "texture": "#0"},
				"east": {"uv": [2.5, 5, 1.75, 7], "rotation": 270, "texture": "#0"},
				"south": {"uv": [2.75, 7, 3.5, 8.5], "rotation": 270, "texture": "#0"},
				"west": {"uv": [1.75, 7, 1, 5], "rotation": 270, "texture": "#0"},
				"up": {"uv": [0, 7, 1, 8.5], "rotation": 270, "texture": "#0"},
				"down": {"uv": [1.75, 7, 2.75, 8.5], "rotation": 270, "texture": "#0"}
			}
		},
		{
			"name": "body_rotation",
			"from": [3, 0, 8],
			"to": [9, 6, 17],
			"rotation": {"angle": 0, "axis": "y", "origin": [8, 8, 8]},
			"faces": {
				"north": {"uv": [7.5, 10, 6, 7], "rotation": 270, "texture": "#0"},
				"east": {"uv": [6, 10, 7.5, 14.5], "rotation": 90, "texture": "#0"},
				"south": {"uv": [9, 7, 7.5, 10], "rotation": 270, "texture": "#0"},
				"west": {"uv": [9, 10, 10.5, 14.5], "rotation": 270, "texture": "#0"},
				"up": {"uv": [4.5, 10, 6, 14.5], "texture": "#0"},
				"down": {"uv": [7.5, 10, 9, 14.5], "rotation": 180, "texture": "#0"}
			}
		},
		{
			"name": "mane_rotation",
			"from": [2, -1, 2],
			"to": [9, 7, 8],
			"rotation": {"angle": 0, "axis": "y", "origin": [8, 8, 8]},
			"faces": {
				"north": {"uv": [9, 3.5, 7, 0], "rotation": 270, "texture": "#0"},
				"east": {"uv": [7, 3.5, 9, 6.5], "rotation": 90, "texture": "#0"},
				"south": {"uv": [11, 0, 9, 3.5], "rotation": 270, "texture": "#0"},
				"west": {"uv": [10.75, 3.5, 12.75, 6.5], "rotation": 270, "texture": "#0"},
				"up": {"uv": [5.25, 3.5, 7, 6.5], "texture": "#0"},
				"down": {"uv": [9, 3.5, 10.75, 6.5], "rotation": 180, "texture": "#0"}
			}
		},
		{
			"name": "leg1",
			"from": [9.2, 4.4, 13.1],
			"to": [17.2, 6.4, 15.1],
			"rotation": {"angle": -22.5, "axis": "z", "origin": [8, 8, 8]},
			"faces": {
				"north": {"uv": [0.5, 10, 1, 14], "rotation": 90, "texture": "#0"},
				"east": {"uv": [1.5, 9, 1, 10], "rotation": 270, "texture": "#0"},
				"south": {"uv": [1.5, 10, 2, 14], "rotation": 270, "texture": "#0"},
				"west": {"uv": [1, 10, 0.5, 9], "rotation": 270, "texture": "#0"},
				"up": {"uv": [0, 10, 0.5, 14], "rotation": 270, "texture": "#0"},
				"down": {"uv": [1, 10, 1.5, 14], "rotation": 270, "texture": "#0"}
			}
		},
		{
			"name": "leg2",
			"from": [8, 0.5, 13],
			"to": [16, 2.5, 15],
			"rotation": {"angle": 0, "axis": "y", "origin": [8, 8, 8]},
			"faces": {
				"north": {"uv": [0.5, 10, 1, 14], "rotation": 90, "texture": "#0"},
				"east": {"uv": [1.5, 9, 1, 10], "rotation": 270, "texture": "#0"},
				"south": {"uv": [1.5, 10, 2, 14], "rotation": 270, "texture": "#0"},
				"west": {"uv": [1, 10, 0.5, 9], "rotation": 270, "texture": "#0"},
				"up": {"uv": [0, 10, 0.5, 14], "rotation": 270, "texture": "#0"},
				"down": {"uv": [1, 10, 1.5, 14], "rotation": 270, "texture": "#0"}
			}
		},
		{
			"name": "leg3",
			"from": [9.2, 4.4, 2.1],
			"to": [17.2, 6.4, 4.1],
			"rotation": {"angle": -22.5, "axis": "z", "origin": [8, 8, 8]},
			"faces": {
				"north": {"uv": [0.5, 10, 1, 14], "rotation": 90, "texture": "#0"},
				"east": {"uv": [1.5, 9, 1, 10], "rotation": 270, "texture": "#0"},
				"south": {"uv": [1.5, 10, 2, 14], "rotation": 270, "texture": "#0"},
				"west": {"uv": [1, 10, 0.5, 9], "rotation": 270, "texture": "#0"},
				"up": {"uv": [0, 10, 0.5, 14], "rotation": 270, "texture": "#0"},
				"down": {"uv": [1, 10, 1.5, 14], "rotation": 270, "texture": "#0"}
			}
		},
		{
			"name": "leg4",
			"from": [8, 0.5, 2],
			"to": [16, 2.5, 4],
			"rotation": {"angle": 0, "axis": "y", "origin": [8, 8, 8]},
			"faces": {
				"north": {"uv": [0.5, 10, 1, 14], "rotation": 90, "texture": "#0"},
				"east": {"uv": [1.5, 9, 1, 10], "rotation": 270, "texture": "#0"},
				"south": {"uv": [1.5, 10, 2, 14], "rotation": 270, "texture": "#0"},
				"west": {"uv": [1, 10, 0.5, 9], "rotation": 270, "texture": "#0"},
				"up": {"uv": [0, 10, 0.5, 14], "rotation": 270, "texture": "#0"},
				"down": {"uv": [1, 10, 1.5, 14], "rotation": 270, "texture": "#0"}
			}
		},
		{
			"name": "tail",
			"from": [7.5, 1.5, 16],
			"to": [15.5, 3.5, 18],
			"rotation": {"angle": -22.5, "axis": "z", "origin": [8, 8, 8]},
			"faces": {
				"north": {"uv": [2.75, 10, 3.25, 14], "rotation": 90, "texture": "#0"},
				"east": {"uv": [3.75, 9, 3.25, 10], "rotation": 270, "texture": "#0"},
				"south": {"uv": [3.75, 10, 4.25, 14], "rotation": 270, "texture": "#0"},
				"west": {"uv": [3.25, 10, 2.75, 9], "rotation": 270, "texture": "#0"},
				"up": {"uv": [2.25, 10, 2.75, 14], "rotation": 270, "texture": "#0"},
				"down": {"uv": [3.25, 10, 3.75, 14], "rotation": 270, "texture": "#0"}
			}
		}
	],
	"display": {
		"head": {
			"translation": [1.75, -28.75, 0],
			"scale": [1.61, 1.61, 1.61]
		}
	},
	"groups": [
		{
			"name": "group",
			"origin": [0, 0, 0],
			"color": 0,
			"children": [
				{
					"name": "head",
					"origin": [-1, 10.5, -7],
					"color": 0,
					"children": [0, 1, 2, 3]
				},
				{
					"name": "body",
					"origin": [0, 10, 2],
					"color": 0,
					"children": [
						{
							"name": "body_rotation",
							"origin": [0, 10, 2],
							"color": 0,
							"children": [4]
						}
					]
				},
				{
					"name": "mane",
					"origin": [-1, 10, 2],
					"color": 0,
					"children": [
						{
							"name": "mane_rotation",
							"origin": [0, 7.5, -0.5],
							"color": 0,
							"children": [5]
						}
					]
				},
				{
					"name": "leg1",
					"origin": [-2.5, 8, 7],
					"color": 0,
					"children": [6]
				},
				{
					"name": "leg2",
					"origin": [0.5, 8, 7],
					"color": 0,
					"children": [7]
				},
				{
					"name": "leg3",
					"origin": [-2.5, 8, -4],
					"color": 0,
					"children": [8]
				},
				{
					"name": "leg4",
					"origin": [0.5, 8, -4],
					"color": 0,
					"children": [9]
				},
				{
					"name": "tail",
					"origin": [-1, 12, 10],
					"color": 0,
					"children": [10]
				}
			]
		}
	]
}