{
	"credit": "Made with Blockbench",
	"parent": "stick",
	"textures": {
		"1": "block/oak_planks",
		"2": "block/white_wool",
		"particle": "block/white_wool"
	},
	"elements": [
		{
			"from": [1, 13, 11.5],
			"to": [15, 13.25, 12],
			"faces": {
				"north": {"uv": [1, 2.5, 15, 2.75], "texture": "#2"},
				"east": {"uv": [4, 2.5, 4.5, 2.75], "texture": "#2"},
				"south": {"uv": [1, 2.5, 15, 2.75], "texture": "#2"},
				"west": {"uv": [11.5, 2.5, 12, 2.75], "texture": "#2"},
				"up": {"uv": [1, 11.5, 15, 12], "texture": "#2"},
				"down": {"uv": [1, 4, 15, 4.5], "texture": "#2"}
			}
		},
		{
			"from": [1, 13, 2.5],
			"to": [15, 13.25, 3],
			"faces": {
				"north": {"uv": [1, 2.5, 15, 2.75], "texture": "#2"},
				"east": {"uv": [13, 2.5, 13.5, 2.75], "texture": "#2"},
				"south": {"uv": [1, 2.5, 15, 2.75], "texture": "#2"},
				"west": {"uv": [2.5, 2.5, 3, 2.75], "texture": "#2"},
				"up": {"uv": [1, 2.5, 15, 3], "texture": "#2"},
				"down": {"uv": [1, 13, 15, 13.5], "texture": "#2"}
			}
		},
		{
			"from": [1, 13, 4],
			"to": [15, 13.25, 4.5],
			"faces": {
				"north": {"uv": [1, 2.5, 15, 2.75], "texture": "#2"},
				"east": {"uv": [11.5, 2.5, 12, 2.75], "texture": "#2"},
				"south": {"uv": [1, 2.5, 15, 2.75], "texture": "#2"},
				"west": {"uv": [4, 2.5, 4.5, 2.75], "texture": "#2"},
				"up": {"uv": [1, 4, 15, 4.5], "texture": "#2"},
				"down": {"uv": [1, 11.5, 15, 12], "texture": "#2"}
			}
		},
		{
			"from": [1, 13, 5.5],
			"to": [15, 13.25, 6],
			"faces": {
				"north": {"uv": [1, 2.5, 15, 2.75], "texture": "#2"},
				"east": {"uv": [10, 2.5, 10.5, 2.75], "texture": "#2"},
				"south": {"uv": [1, 2.5, 15, 2.75], "texture": "#2"},
				"west": {"uv": [5.5, 2.5, 6, 2.75], "texture": "#2"},
				"up": {"uv": [1, 5.5, 15, 6], "texture": "#2"},
				"down": {"uv": [1, 10, 15, 10.5], "texture": "#2"}
			}
		},
		{
			"from": [1, 13, 7],
			"to": [15, 13.25, 7.5],
			"faces": {
				"north": {"uv": [1, 2.5, 15, 2.75], "texture": "#2"},
				"east": {"uv": [8.5, 2.5, 9, 2.75], "texture": "#2"},
				"south": {"uv": [1, 2.5, 15, 2.75], "texture": "#2"},
				"west": {"uv": [7, 2.5, 7.5, 2.75], "texture": "#2"},
				"up": {"uv": [1, 7, 15, 7.5], "texture": "#2"},
				"down": {"uv": [1, 8.5, 15, 9], "texture": "#2"}
			}
		},
		{
			"from": [1, 13, 8.5],
			"to": [15, 13.25, 9],
			"faces": {
				"north": {"uv": [1, 2.5, 15, 2.75], "texture": "#2"},
				"east": {"uv": [7, 2.5, 7.5, 2.75], "texture": "#2"},
				"south": {"uv": [1, 2.5, 15, 2.75], "texture": "#2"},
				"west": {"uv": [8.5, 2.5, 9, 2.75], "texture": "#2"},
				"up": {"uv": [1, 8.5, 15, 9], "texture": "#2"},
				"down": {"uv": [1, 7, 15, 7.5], "texture": "#2"}
			}
		},
		{
			"from": [1, 13, 10],
			"to": [15, 13.25, 10.5],
			"faces": {
				"north": {"uv": [1, 2.5, 15, 2.75], "texture": "#2"},
				"east": {"uv": [5.5, 2.5, 6, 2.75], "texture": "#2"},
				"south": {"uv": [1, 2.5, 15, 2.75], "texture": "#2"},
				"west": {"uv": [10, 2.5, 10.5, 2.75], "texture": "#2"},
				"up": {"uv": [1, 10, 15, 10.5], "texture": "#2"},
				"down": {"uv": [1, 5.5, 15, 6], "texture": "#2"}
			}
		},
		{
			"from": [1, 13, 13],
			"to": [15, 13.25, 13.5],
			"faces": {
				"north": {"uv": [1, 2.5, 15, 2.75], "texture": "#2"},
				"east": {"uv": [2.5, 2.5, 3, 2.75], "texture": "#2"},
				"south": {"uv": [1, 2.5, 15, 2.75], "texture": "#2"},
				"west": {"uv": [13, 2.5, 13.5, 2.75], "texture": "#2"},
				"up": {"uv": [1, 13, 15, 13.5], "texture": "#2"},
				"down": {"uv": [1, 2.5, 15, 3], "texture": "#2"}
			}
		},
		{
			"from": [2.5, 13, 1],
			"to": [3, 13.25, 15],
			"faces": {
				"north": {"uv": [13, 2.51, 13.5, 2.76], "texture": "#2"},
				"east": {"uv": [1, 2.51, 15, 2.76], "texture": "#2"},
				"south": {"uv": [2.5, 2.51, 3, 2.76], "texture": "#2"},
				"west": {"uv": [1, 2.51, 15, 2.76], "texture": "#2"},
				"up": {"uv": [2.5, 1, 3, 15], "texture": "#2"},
				"down": {"uv": [2.5, 1, 3, 15], "texture": "#2"}
			}
		},
		{
			"from": [4, 13, 1],
			"to": [4.5, 13.25, 15],
			"faces": {
				"north": {"uv": [11.5, 2.51, 12, 2.76], "texture": "#2"},
				"east": {"uv": [1, 2.51, 15, 2.76], "texture": "#2"},
				"south": {"uv": [4, 2.51, 4.5, 2.76], "texture": "#2"},
				"west": {"uv": [1, 2.51, 15, 2.76], "texture": "#2"},
				"up": {"uv": [4, 1, 4.5, 15], "texture": "#2"},
				"down": {"uv": [4, 1, 4.5, 15], "texture": "#2"}
			}
		},
		{
			"from": [5.5, 13, 1],
			"to": [6, 13.25, 15],
			"faces": {
				"north": {"uv": [10, 2.51, 10.5, 2.76], "texture": "#2"},
				"east": {"uv": [1, 2.51, 15, 2.76], "texture": "#2"},
				"south": {"uv": [5.5, 2.51, 6, 2.76], "texture": "#2"},
				"west": {"uv": [1, 2.51, 15, 2.76], "texture": "#2"},
				"up": {"uv": [5.5, 1, 6, 15], "texture": "#2"},
				"down": {"uv": [5.5, 1, 6, 15], "texture": "#2"}
			}
		},
		{
			"from": [7, 13, 1],
			"to": [7.5, 13.25, 15],
			"faces": {
				"north": {"uv": [8.5, 2.51, 9, 2.76], "texture": "#2"},
				"east": {"uv": [1, 2.51, 15, 2.76], "texture": "#2"},
				"south": {"uv": [7, 2.51, 7.5, 2.76], "texture": "#2"},
				"west": {"uv": [1, 2.51, 15, 2.76], "texture": "#2"},
				"up": {"uv": [7, 1, 7.5, 15], "texture": "#2"},
				"down": {"uv": [7, 1, 7.5, 15], "texture": "#2"}
			}
		},
		{
			"from": [8.5, 13, 1],
			"to": [9, 13.25, 15],
			"faces": {
				"north": {"uv": [7, 2.51, 7.5, 2.76], "texture": "#2"},
				"east": {"uv": [1, 2.51, 15, 2.76], "texture": "#2"},
				"south": {"uv": [8.5, 2.51, 9, 2.76], "texture": "#2"},
				"west": {"uv": [1, 2.51, 15, 2.76], "texture": "#2"},
				"up": {"uv": [8.5, 1, 9, 15], "texture": "#2"},
				"down": {"uv": [8.5, 1, 9, 15], "texture": "#2"}
			}
		},
		{
			"from": [10, 13, 1],
			"to": [10.5, 13.25, 15],
			"faces": {
				"north": {"uv": [5.5, 2.51, 6, 2.76], "texture": "#2"},
				"east": {"uv": [1, 2.51, 15, 2.76], "texture": "#2"},
				"south": {"uv": [10, 2.51, 10.5, 2.76], "texture": "#2"},
				"west": {"uv": [1, 2.51, 15, 2.76], "texture": "#2"},
				"up": {"uv": [10, 1, 10.5, 15], "texture": "#2"},
				"down": {"uv": [10, 1, 10.5, 15], "texture": "#2"}
			}
		},
		{
			"from": [11.5, 13, 1],
			"to": [12, 13.25, 15],
			"faces": {
				"north": {"uv": [4, 2.51, 4.5, 2.76], "texture": "#2"},
				"east": {"uv": [1, 2.51, 15, 2.76], "texture": "#2"},
				"south": {"uv": [11.5, 2.51, 12, 2.76], "texture": "#2"},
				"west": {"uv": [1, 2.51, 15, 2.76], "texture": "#2"},
				"up": {"uv": [11.5, 1, 12, 15], "texture": "#2"},
				"down": {"uv": [11.5, 1, 12, 15], "texture": "#2"}
			}
		},
		{
			"from": [13, 13, 1],
			"to": [13.5, 13.25, 15],
			"faces": {
				"north": {"uv": [2.5, 2.51, 3, 2.76], "texture": "#2"},
				"east": {"uv": [1, 2.51, 15, 2.76], "texture": "#2"},
				"south": {"uv": [13, 2.51, 13.5, 2.76], "texture": "#2"},
				"west": {"uv": [1, 2.51, 15, 2.76], "texture": "#2"},
				"up": {"uv": [13, 1, 13.5, 15], "texture": "#2"},
				"down": {"uv": [13, 1, 13.5, 15], "texture": "#2"}
			}
		},
		{
			"from": [0, 12, 0],
			"to": [15, 16, 1],
			"faces": {
				"north": {"uv": [1, 0, 16, 4], "texture": "#1"},
				"east": {"uv": [15, 0, 16, 4], "texture": "#1"},
				"south": {"uv": [0, 0, 15, 4], "texture": "#1"},
				"west": {"uv": [0, 0, 1, 4], "texture": "#1"},
				"up": {"uv": [0, 0, 15, 1], "texture": "#1"},
				"down": {"uv": [0, 15, 15, 16], "texture": "#1"}
			}
		},
		{
			"from": [15, 12, 0],
			"to": [16, 16, 15],
			"faces": {
				"north": {"uv": [0, 0, 1, 4], "texture": "#1"},
				"east": {"uv": [1, 0, 16, 4], "texture": "#1"},
				"south": {"uv": [15, 0, 16, 4], "texture": "#1"},
				"west": {"uv": [0, 0, 15, 4], "texture": "#1"},
				"up": {"uv": [15, 0, 16, 15], "texture": "#1"},
				"down": {"uv": [15, 1, 16, 16], "texture": "#1"}
			}
		},
		{
			"from": [1, 12, 15],
			"to": [16, 16, 16],
			"faces": {
				"north": {"uv": [0, 0, 15, 4], "texture": "#1"},
				"east": {"uv": [0, 0, 1, 4], "texture": "#1"},
				"south": {"uv": [1, 0, 16, 4], "texture": "#1"},
				"west": {"uv": [15, 0, 16, 4], "texture": "#1"},
				"up": {"uv": [1, 15, 16, 16], "texture": "#1"},
				"down": {"uv": [1, 0, 16, 1], "texture": "#1"}
			}
		},
		{
			"from": [0, 12, 1],
			"to": [1, 16, 16],
			"faces": {
				"north": {"uv": [15, 0, 16, 4], "texture": "#1"},
				"east": {"uv": [0, 0, 15, 4], "texture": "#1"},
				"south": {"uv": [0, 0, 1, 4], "texture": "#1"},
				"west": {"uv": [1, 0, 16, 4], "texture": "#1"},
				"up": {"uv": [0, 1, 1, 16], "texture": "#1"},
				"down": {"uv": [0, 0, 1, 15], "texture": "#1"}
			}
		},
		{
			"from": [1, 0, 1],
			"to": [2, 16, 2],
			"faces": {
				"north": {"uv": [14, 0, 15, 16], "texture": "#1"},
				"east": {"uv": [14, 0, 15, 16], "texture": "#1"},
				"south": {"uv": [1, 0, 2, 16], "texture": "#1"},
				"west": {"uv": [1, 0, 2, 16], "texture": "#1"},
				"up": {"uv": [1, 1, 2, 2], "texture": "#1"},
				"down": {"uv": [1, 14, 2, 15], "texture": "#1"}
			}
		},
		{
			"from": [1, 0, 14],
			"to": [2, 16, 15],
			"faces": {
				"north": {"uv": [14, 0, 15, 16], "texture": "#1"},
				"east": {"uv": [1, 0, 2, 16], "texture": "#1"},
				"south": {"uv": [1, 0, 2, 16], "texture": "#1"},
				"west": {"uv": [14, 0, 15, 16], "texture": "#1"},
				"up": {"uv": [1, 14, 2, 15], "texture": "#1"},
				"down": {"uv": [1, 1, 2, 2], "texture": "#1"}
			}
		},
		{
			"from": [14, 0, 1],
			"to": [15, 16, 2],
			"faces": {
				"north": {"uv": [1, 0, 2, 16], "texture": "#1"},
				"east": {"uv": [14, 0, 15, 16], "texture": "#1"},
				"south": {"uv": [14, 0, 15, 16], "texture": "#1"},
				"west": {"uv": [1, 0, 2, 16], "texture": "#1"},
				"up": {"uv": [14, 1, 15, 2], "texture": "#1"},
				"down": {"uv": [14, 14, 15, 15], "texture": "#1"}
			}
		},
		{
			"from": [14, 0, 14],
			"to": [15, 16, 15],
			"faces": {
				"north": {"uv": [1, 0, 2, 16], "texture": "#1"},
				"east": {"uv": [1, 0, 2, 16], "texture": "#1"},
				"south": {"uv": [14, 0, 15, 16], "texture": "#1"},
				"west": {"uv": [14, 0, 15, 16], "texture": "#1"},
				"up": {"uv": [14, 14, 15, 15], "texture": "#1"},
				"down": {"uv": [14, 1, 15, 2], "texture": "#1"}
			}
		}
	],
	"display": {
		"thirdperson_righthand": {
			"rotation": [0, 45, 0],
			"translation": [0, 0, -0.75],
			"scale": [0.25, 0.25, 0.25]
		},
		"thirdperson_lefthand": {
			"rotation": [0, 45, 0],
			"translation": [0, 0, -0.75],
			"scale": [0.25, 0.25, 0.25]
		},
		"firstperson_righthand": {
			"translation": [-0.75, 0, 0],
			"scale": [0.25, 0.25, 0.25]
		},
		"firstperson_lefthand": {
			"translation": [-0.75, 0, 0],
			"scale": [0.25, 0.25, 0.25]
		},
		"ground": {
			"translation": [0, -1.75, 0],
			"scale": [0.25, 0.25, 0.25]
		},
		"gui": {
			"rotation": [30, 24, 0],
			"translation": [0, -0.25, 0],
			"scale": [0.66, 0.66, 0.66]
		},
		"head": {
			"translation": [0, 1, 0]
		},
		"fixed": {
			"rotation": [-90, 0, 0],
			"translation": [0, 0, -15],
			"scale": [2, 2, 2]
		}
	},
	"groups": [
		{
			"name": "group",
			"origin": [0, 0, 0],
			"color": 0,
			"children": [0, 1, 2, 3, 4, 5, 6, 7, 8, 9, 10, 11, 12, 13, 14, 15]
		},
		{
			"name": "group",
			"origin": [0, 0, 0],
			"color": 0,
			"children": [16, 17, 18, 19, 20, 21, 22, 23]
		}
	]
}