{
	"credit": "Made with Blockbench",
	"textures": {
		"6": "block/lava_still"
	},
	"elements": [
		{
			"from": [1, 7.5, 1],
			"to": [15, 8.5, 15],
			"faces": {
				"north": {"uv": [0, 15, 16, 16], "texture": "#6"},
				"east": {"uv": [0, 15, 16, 16], "texture": "#6"},
				"south": {"uv": [0, 15, 16, 16], "texture": "#6"},
				"west": {"uv": [0, 15, 16, 16], "texture": "#6"},
				"up": {"uv": [16, 0, 0, 16], "texture": "#6"},
				"down": {"uv": [0, 0, 16, 16], "texture": "#6"}
			}
		}
	],
	"display": {
		"thirdperson_righthand": {
			"rotation": [47, 0, 0],
			"translation": [0.25, 0, -1],
			"scale": [0.22, 0.22, 0.22]
		},
		"thirdperson_lefthand": {
			"rotation": [53, 0, 0],
			"translation": [0, 0, -1.25],
			"scale": [0.22, 0.22, 0.22]
		},
		"firstperson_righthand": {
			"rotation": [5, 90, 0],
			"translation": [0.25, 0, 0],
			"scale": [0.22, 0.22, 0.22]
		},
		"firstperson_lefthand": {
			"rotation": [28, 83, 0],
			"scale": [0.22, 0.22, 0.22]
		},
		"ground": {
			"scale": [0.24, 0.24, 0.24]
		},
		"gui": {
			"rotation": [13, -165, 0],
			"scale": [0.74, 0.74, 0.74]
		},
		"head": {
			"translation": [0, -43.25, 0],
			"scale": [1.61, 1.61, 1.61]
		},
		"fixed": {
			"rotation": [-90, 0, 0],
			"translation": [0, 0, -16],
			"scale": [2.001, 2.001, 2.001]
		}
	}
}