{
	"credit": "Made with Blockbench",
	"textures": {
		"0": "block/bricks",
		"2": "block/melter_side",
		"3": "block/melter_active",
		"5": "block/e",
		"7": "block/melter_out",
		"particle": "block/bricks"
	},
	"elements": [
		{
			"from": [0, 0, 0],
			"to": [16, 8, 16],
			"faces": {
				"north": {"uv": [0, 8, 16, 16], "texture": "#3"},
				"east": {"uv": [16, 8, 0, 16], "texture": "#0"},
				"south": {"uv": [0, 8, 16, 16], "texture": "#0"},
				"west": {"uv": [16, 8, 0, 16], "texture": "#0"},
				"up": {"uv": [0, 0, 16, 16], "texture": "#7"},
				"down": {"uv": [0, 0, 16, 16], "texture": "#0"}
			}
		},
		{
			"from": [0, 15, 0],
			"to": [16, 16, 16],
			"rotation": {"angle": 0, "axis": "y", "origin": [8, 8, 8]},
			"faces": {
				"north": {"uv": [16, 1, 0, 0], "texture": "#0"},
				"east": {"uv": [16, 0, 15, 16], "rotation": 90, "texture": "#0"},
				"south": {"uv": [16, 15, 0, 16], "texture": "#0"},
				"west": {"uv": [1, 16, 0, 0], "rotation": 90, "texture": "#0"},
				"up": {"uv": [0, 0, 16, 16], "texture": "#0"},
				"down": {"uv": [16, 0, 0, 16], "rotation": 180, "texture": "#0"}
			}
		},
		{
			"from": [0, 8, 0],
			"to": [1, 15, 16],
			"rotation": {"angle": 0, "axis": "y", "origin": [8, 8, 8]},
			"faces": {
				"north": {"uv": [1, 8, 0, 1], "rotation": 180, "texture": "#0"},
				"east": {"uv": [16, 1, 0, 8], "texture": "#0"},
				"south": {"uv": [16, 1, 15, 8], "texture": "#0"},
				"west": {"uv": [0, 1, 16, 8], "texture": "#0"},
				"up": {"uv": [16, 2, 0, 1], "rotation": 270, "texture": "#0"},
				"down": {"uv": [16, 7, 0, 8], "rotation": 270, "texture": "#0"}
			}
		},
		{
			"from": [15, 8, 0],
			"to": [16, 15, 16],
			"rotation": {"angle": 0, "axis": "y", "origin": [8, 8, 8]},
			"faces": {
				"north": {"uv": [16, 1, 15, 8], "texture": "#0"},
				"east": {"uv": [0, 1, 16, 8], "texture": "#0"},
				"south": {"uv": [1, 8, 0, 1], "rotation": 180, "texture": "#0"},
				"west": {"uv": [16, 1, 0, 8], "texture": "#0"},
				"up": {"uv": [16, 2, 0, 1], "rotation": 90, "texture": "#0"},
				"down": {"uv": [16, 7, 0, 8], "rotation": 90, "texture": "#0"}
			}
		},
		{
			"from": [1, 8, 15],
			"to": [15, 15, 16],
			"rotation": {"angle": 0, "axis": "y", "origin": [8, 8, 8]},
			"faces": {
				"north": {"uv": [15, 1, 1, 8], "texture": "#0"},
				"east": {"uv": [15, 1, 14, 8], "texture": "#0"},
				"south": {"uv": [1, 1, 15, 8], "texture": "#0"},
				"west": {"uv": [2, 8, 1, 1], "rotation": 180, "texture": "#0"},
				"up": {"uv": [15, 2, 1, 1], "rotation": 180, "texture": "#0"},
				"down": {"uv": [15, 7, 1, 8], "texture": "#0"}
			}
		},
		{
			"from": [1, 8, 0],
			"to": [15, 15, 1],
			"rotation": {"angle": 0, "axis": "y", "origin": [8, 8, 8]},
			"faces": {
				"north": {"uv": [1, 1, 15, 8], "texture": "#2"},
				"east": {"uv": [2, 8, 1, 1], "rotation": 180, "texture": "#5"},
				"south": {"uv": [15, 1, 1, 8], "texture": "#5"},
				"west": {"uv": [15, 1, 14, 8], "texture": "#5"},
				"up": {"uv": [15, 2, 1, 1], "texture": "#2"},
				"down": {"uv": [15, 7, 1, 8], "rotation": 180, "texture": "#2"}
			}
		}
	],
	"display": {
		"thirdperson_righthand": {
			"rotation": [47, 0, 0],
			"translation": [0.25, 0, -1],
			"scale": [0.22, 0.22, 0.22]
		},
		"thirdperson_lefthand": {
			"rotation": [53, 0, 0],
			"translation": [0, 0, -1.25],
			"scale": [0.22, 0.22, 0.22]
		},
		"firstperson_righthand": {
			"rotation": [5, 90, 0],
			"translation": [0.25, 0, 0],
			"scale": [0.22, 0.22, 0.22]
		},
		"firstperson_lefthand": {
			"rotation": [28, 83, 0],
			"scale": [0.22, 0.22, 0.22]
		},
		"ground": {
			"scale": [0.24, 0.24, 0.24]
		},
		"gui": {
			"rotation": [13, -165, 0],
			"scale": [0.74, 0.74, 0.74]
		},
		"head": {
			"scale": [0.95, 0.95, 0.95]
		},
		"fixed": {
			"rotation": [-90, 0, 0],
			"translation": [0, 0, -16],
			"scale": [2.001, 2.001, 2.001]
		}
	}
}