{
	"credit": "Made with Blockbench",
	"textures": {
		"1": "block/liqid_metal",
		"particle": "block/bricks",
		"tex": "block/bricks"
	},
	"elements": [
		{
			"name": "The bottom platform, facing south with the dark texture side",
			"from": [6, 6, 10],
			"to": [10, 8, 16],
			"faces": {
				"north": {"uv": [6, 9, 10, 11], "texture": "#1"},
				"east": {"uv": [12, 10, 14, 16], "rotation": 90, "texture": "#1"},
				"south": {"uv": [6, 11, 10, 9], "texture": "#1", "cullface": "south"},
				"west": {"uv": [2, 10, 4, 16], "rotation": 270, "texture": "#1"},
				"up": {"uv": [6, 10, 10, 16], "texture": "#1"},
				"down": {"uv": [6, 10, 10, 16], "rotation": 180, "texture": "#1"}
			}
		},
		{
			"name": "The bottom platform, facing south with the dark texture side",
			"from": [6, -0.84, 7.14],
			"to": [10, 5.16, 9.14],
			"rotation": {"angle": 0, "axis": "x", "origin": [8, 7, 13]},
			"faces": {
				"north": {"uv": [6, 10, 10, 16], "rotation": 180, "texture": "#1"},
				"east": {"uv": [12, 10, 14, 16], "rotation": 180, "texture": "#1"},
				"south": {"uv": [6, 10, 10, 16], "rotation": 180, "texture": "#1"},
				"west": {"uv": [2, 10, 4, 16], "rotation": 180, "texture": "#1"},
				"up": {"uv": [6, 11, 10, 9], "texture": "#1", "cullface": "south"},
				"down": {"uv": [6, 9, 10, 11], "rotation": 180, "texture": "#1"}
			}
		},
		{
			"name": "The bottom platform, facing south with the dark texture side",
			"from": [6.01, 3.6, 5.8],
			"to": [10.01, 5.6, 9.8],
			"rotation": {"angle": -45, "axis": "x", "origin": [8, 7, 7]},
			"faces": {
				"north": {"uv": [6, 9, 10, 11], "texture": "#1"},
				"east": {"uv": [12, 10, 14, 16], "rotation": 90, "texture": "#1"},
				"south": {"uv": [6, 11, 10, 9], "texture": "#1", "cullface": "south"},
				"west": {"uv": [2, 10, 4, 16], "rotation": 270, "texture": "#1"},
				"up": {"uv": [6, 10, 10, 16], "texture": "#1"},
				"down": {"uv": [6, 10, 10, 16], "rotation": 180, "texture": "#1"}
			}
		},
		{
			"name": "Right side from front (west)",
			"from": [4, 6, 10],
			"to": [6, 10, 16],
			"faces": {
				"north": {"uv": [10, 9, 12, 5], "texture": "#tex"},
				"east": {"uv": [2, 10, 6, 16], "rotation": 90, "texture": "#tex"},
				"south": {"uv": [6, 9, 4, 5], "texture": "#tex", "cullface": "south"},
				"west": {"uv": [7, 10, 11, 16], "rotation": 270, "texture": "#tex"},
				"up": {"uv": [1, 10, 3, 16], "texture": "#tex"},
				"down": {"uv": [0, 0, 0, 0], "texture": "#tex"}
			}
		},
		{
			"name": "The bottom platform, facing south with the dark texture side",
			"from": [4, 4, 10],
			"to": [12, 6, 16],
			"faces": {
				"north": {"uv": [4, 9, 12, 11], "texture": "#tex"},
				"east": {"uv": [12, 10, 14, 16], "rotation": 90, "texture": "#tex"},
				"south": {"uv": [4, 11, 12, 9], "texture": "#tex", "cullface": "south"},
				"west": {"uv": [2, 10, 4, 16], "rotation": 270, "texture": "#tex"},
				"up": {"uv": [4, 10, 12, 16], "texture": "#tex"},
				"down": {"uv": [4, 10, 12, 16], "rotation": 180, "texture": "#tex"}
			}
		},
		{
			"name": "Left side from front (east)",
			"from": [10, 6, 10],
			"to": [12, 10, 16],
			"faces": {
				"north": {"uv": [4, 9, 6, 5], "texture": "#tex"},
				"east": {"uv": [8, 10, 12, 16], "rotation": 90, "texture": "#tex"},
				"south": {"uv": [10, 9, 12, 5], "texture": "#tex", "cullface": "south"},
				"west": {"uv": [2, 10, 6, 16], "rotation": 270, "texture": "#tex"},
				"up": {"uv": [13, 10, 15, 16], "texture": "#tex"},
				"down": {"uv": [0, 0, 0, 0], "texture": "#tex"}
			}
		}
	],
	"display": {
		"thirdperson_righthand": {
			"rotation": [75, 45, 0],
			"translation": [0, 3, 0.5],
			"scale": [0.4, 0.4, 0.4]
		},
		"thirdperson_lefthand": {
			"rotation": [75, 45, 0],
			"translation": [0, 3, 0.5],
			"scale": [0.4, 0.4, 0.4]
		},
		"firstperson_righthand": {
			"rotation": [0, 135, 0],
			"translation": [0, 0.5, 0],
			"scale": [0.5, 0.5, 0.5]
		},
		"firstperson_lefthand": {
			"rotation": [0, 135, 0],
			"translation": [0, 0.5, 0],
			"scale": [0.5, 0.5, 0.5]
		},
		"ground": {
			"translation": [0, 3, -1],
			"scale": [0.25, 0.25, 0.25]
		},
		"gui": {
			"rotation": [30, 225, 0],
			"translation": [3, -1, 0],
			"scale": [0.9375, 0.9375, 0.9375]
		},
		"fixed": {
			"translation": [0, 0, -16],
			"scale": [2, 2, 2]
		}
	}
}