{
	"credit": "Made with Blockbench",
	"texture_size": [64, 64],
	"textures": {
		"0": "item/piglin_brute"
	},
	"elements": [
		{
			"name": "head",
			"from": [3, 23, 0],
			"to": [13, 31, 8],
			"rotation": {"angle": 0, "axis": "x", "origin": [7.85882, 26.203, 1.04118]},
			"faces": {
				"north": {"uv": [2, 2, 4.5, 4], "texture": "#0"},
				"east": {"uv": [0, 2, 2, 4], "texture": "#0"},
				"south": {"uv": [6.5, 2, 9, 4], "texture": "#0"},
				"west": {"uv": [4.5, 2, 6.5, 4], "texture": "#0"},
				"up": {"uv": [4.5, 2, 2, 0], "texture": "#0"},
				"down": {"uv": [7, 0, 4.5, 2], "texture": "#0"}
			}
		},
		{
			"name": "head",
			"from": [6, 23, -1],
			"to": [10, 27, 0],
			"rotation": {"angle": 0, "axis": "x", "origin": [7.85882, 26.203, 1.04118]},
			"faces": {
				"north": {"uv": [8, 0.5, 9, 1.5], "texture": "#0"},
				"east": {"uv": [7.75, 0.5, 8, 1.5], "texture": "#0"},
				"south": {"uv": [9.25, 0.5, 10.25, 1.5], "texture": "#0"},
				"west": {"uv": [9, 0.5, 9.25, 1.5], "texture": "#0"},
				"up": {"uv": [9, 0.5, 8, 0.25], "texture": "#0"},
				"down": {"uv": [10, 0.25, 9, 0.5], "texture": "#0"}
			}
		},
		{
			"name": "head",
			"from": [4.6, 26.8, -0.3],
			"to": [6.6, 28.8, 0.7],
			"rotation": {"angle": 0, "axis": "z", "origin": [7.85882, 26.203, 1.04118]},
			"faces": {
				"north": {"uv": [10, 13, 10.5, 13.5], "texture": "#0"},
				"east": {"uv": [8.25, 13.25, 8.75, 13.5], "texture": "#0"},
				"south": {"uv": [11.25, 13, 11.75, 13.5], "texture": "#0"},
				"west": {"uv": [9.5, 13.25, 10, 13.5], "texture": "#0"},
				"up": {"uv": [9.75, 12.75, 9.25, 13], "texture": "#0"},
				"down": {"uv": [9.75, 13.25, 9.5, 12.75], "texture": "#0"}
			}
		},
		{
			"name": "head",
			"from": [3, 28.2, 7.2],
			"to": [13, 29.2, 8.2],
			"rotation": {"angle": 0, "axis": "z", "origin": [7.85882, 26.203, 1.04118]},
			"faces": {
				"north": {"uv": [10, 13, 10.5, 13.5], "texture": "#0"},
				"east": {"uv": [8.25, 13.25, 8.75, 13.5], "texture": "#0"},
				"south": {"uv": [11.25, 13, 11.75, 13.5], "texture": "#0"},
				"west": {"uv": [9.5, 13.25, 10, 13.5], "texture": "#0"},
				"up": {"uv": [9.75, 12.75, 9.25, 13], "texture": "#0"},
				"down": {"uv": [9.75, 13.25, 9.5, 12.75], "texture": "#0"}
			}
		},
		{
			"name": "head",
			"from": [12.1, 28.2, -0.1],
			"to": [13.1, 29.2, 8.1],
			"rotation": {"angle": 0, "axis": "z", "origin": [7.85882, 26.203, 1.04118]},
			"faces": {
				"north": {"uv": [10, 13, 10.5, 13.5], "texture": "#0"},
				"east": {"uv": [8.25, 13.25, 8.75, 13.5], "texture": "#0"},
				"south": {"uv": [11.25, 13, 11.75, 13.5], "texture": "#0"},
				"west": {"uv": [9.5, 13.25, 10, 13.5], "texture": "#0"},
				"up": {"uv": [9.75, 12.75, 9.25, 13], "texture": "#0"},
				"down": {"uv": [9.75, 13.25, 9.5, 12.75], "texture": "#0"}
			}
		},
		{
			"name": "head",
			"from": [2.9, 28.2, -0.1],
			"to": [3.9, 29.2, 8.1],
			"rotation": {"angle": 0, "axis": "z", "origin": [7.85882, 26.203, 1.04118]},
			"faces": {
				"north": {"uv": [10, 13, 10.5, 13.5], "texture": "#0"},
				"east": {"uv": [8.25, 13.25, 8.75, 13.5], "texture": "#0"},
				"south": {"uv": [11.25, 13, 11.75, 13.5], "texture": "#0"},
				"west": {"uv": [9.5, 13.25, 10, 13.5], "texture": "#0"},
				"up": {"uv": [9.75, 12.75, 9.25, 13], "texture": "#0"},
				"down": {"uv": [9.75, 13.25, 9.5, 12.75], "texture": "#0"}
			}
		},
		{
			"name": "head",
			"from": [3, 28.2, -0.2],
			"to": [13, 29.2, 0.8],
			"rotation": {"angle": 0, "axis": "z", "origin": [7.85882, 26.203, 1.04118]},
			"faces": {
				"north": {"uv": [10, 13, 10.5, 13.5], "texture": "#0"},
				"east": {"uv": [8.25, 13.25, 8.75, 13.5], "texture": "#0"},
				"south": {"uv": [11.25, 13, 11.75, 13.5], "texture": "#0"},
				"west": {"uv": [9.5, 13.25, 10, 13.5], "texture": "#0"},
				"up": {"uv": [9.75, 12.75, 9.25, 13], "texture": "#0"},
				"down": {"uv": [9.75, 13.25, 9.5, 12.75], "texture": "#0"}
			}
		},
		{
			"name": "head",
			"from": [5, 23, -1],
			"to": [6, 25, 0],
			"rotation": {"angle": 0, "axis": "x", "origin": [7.85882, 26.203, 1.04118]},
			"faces": {
				"north": {"uv": [0.75, 1.25, 1, 1.75], "texture": "#0"},
				"east": {"uv": [0.5, 1.25, 0.75, 1.75], "texture": "#0"},
				"south": {"uv": [1.25, 1.25, 1.5, 1.75], "texture": "#0"},
				"west": {"uv": [1, 1.25, 1.25, 1.75], "texture": "#0"},
				"up": {"uv": [1, 1.25, 0.75, 1], "texture": "#0"},
				"down": {"uv": [1.25, 1, 1, 1.25], "texture": "#0"}
			}
		},
		{
			"name": "head",
			"from": [4, 24, -2],
			"to": [5, 26, -1],
			"rotation": {"angle": 0, "axis": "x", "origin": [7.85882, 26.203, 1.04118]},
			"faces": {
				"north": {"uv": [0.75, 1.25, 1, 1.75], "texture": "#0"},
				"east": {"uv": [0.5, 1.25, 0.75, 1.75], "texture": "#0"},
				"south": {"uv": [1.25, 1.25, 1.5, 1.75], "texture": "#0"},
				"west": {"uv": [1, 1.25, 1.25, 1.75], "texture": "#0"},
				"up": {"uv": [1, 1.25, 0.75, 1], "texture": "#0"},
				"down": {"uv": [1.25, 1, 1, 1.25], "texture": "#0"}
			}
		},
		{
			"name": "head",
			"from": [10, 23, -1],
			"to": [11, 25, 0],
			"rotation": {"angle": 0, "axis": "x", "origin": [7.85882, 26.203, 1.04118]},
			"faces": {
				"north": {"uv": [0.75, 0.25, 1, 0.75], "texture": "#0"},
				"east": {"uv": [0.5, 0.25, 0.75, 0.75], "texture": "#0"},
				"south": {"uv": [1.25, 0.25, 1.5, 0.75], "texture": "#0"},
				"west": {"uv": [1, 0.25, 1.25, 0.75], "texture": "#0"},
				"up": {"uv": [1, 0.25, 0.75, 0], "texture": "#0"},
				"down": {"uv": [1.25, 0, 1, 0.25], "texture": "#0"}
			}
		},
		{
			"name": "head",
			"from": [11, 24, -2],
			"to": [12, 26, -1],
			"rotation": {"angle": 0, "axis": "x", "origin": [7.85882, 26.203, 1.04118]},
			"faces": {
				"north": {"uv": [0.75, 0.25, 1, 0.75], "texture": "#0"},
				"east": {"uv": [0.5, 0.25, 0.75, 0.75], "texture": "#0"},
				"south": {"uv": [1.25, 0.25, 1.5, 0.75], "texture": "#0"},
				"west": {"uv": [1, 0.25, 1.25, 0.75], "texture": "#0"},
				"up": {"uv": [1, 0.25, 0.75, 0], "texture": "#0"},
				"down": {"uv": [1.25, 0, 1, 0.25], "texture": "#0"}
			}
		},
		{
			"name": "head",
			"from": [11, 24, -1],
			"to": [12, 25, 0],
			"rotation": {"angle": 0, "axis": "x", "origin": [7.85882, 26.203, 1.04118]},
			"faces": {
				"north": {"uv": [0.75, 0.25, 1, 0.75], "texture": "#0"},
				"east": {"uv": [0.5, 0.25, 0.75, 0.75], "texture": "#0"},
				"south": {"uv": [1.25, 0.25, 1.5, 0.75], "texture": "#0"},
				"west": {"uv": [1, 0.25, 1.25, 0.75], "texture": "#0"},
				"up": {"uv": [1, 0.25, 0.75, 0], "texture": "#0"},
				"down": {"uv": [1.25, 0, 1, 0.25], "texture": "#0"}
			}
		},
		{
			"name": "head",
			"from": [4, 24, -1],
			"to": [5, 25, 0],
			"rotation": {"angle": 0, "axis": "x", "origin": [7.85882, 26.203, 1.04118]},
			"faces": {
				"north": {"uv": [0.75, 1.25, 1, 1.75], "texture": "#0"},
				"east": {"uv": [0.5, 1.25, 0.75, 1.75], "texture": "#0"},
				"south": {"uv": [1.25, 1.25, 1.5, 1.75], "texture": "#0"},
				"west": {"uv": [1, 1.25, 1.25, 1.75], "texture": "#0"},
				"up": {"uv": [1, 1.25, 0.75, 1], "texture": "#0"},
				"down": {"uv": [1.25, 1, 1, 1.25], "texture": "#0"}
			}
		},
		{
			"name": "head",
			"from": [11, 25, -3],
			"to": [12, 27, -2],
			"rotation": {"angle": 0, "axis": "x", "origin": [7.85882, 26.203, 1.04118]},
			"faces": {
				"north": {"uv": [0.75, 0.25, 1, 0.75], "texture": "#0"},
				"east": {"uv": [0.5, 0.25, 0.75, 0.75], "texture": "#0"},
				"south": {"uv": [1.25, 0.25, 1.5, 0.75], "texture": "#0"},
				"west": {"uv": [1, 0.25, 1.25, 0.75], "texture": "#0"},
				"up": {"uv": [1, 0.25, 0.75, 0], "texture": "#0"},
				"down": {"uv": [1.25, 0, 1, 0.25], "texture": "#0"}
			}
		},
		{
			"name": "head",
			"from": [4, 25, -3],
			"to": [5, 27, -2],
			"rotation": {"angle": 0, "axis": "x", "origin": [7.85882, 26.203, 1.04118]},
			"faces": {
				"north": {"uv": [0.75, 1.25, 1, 1.75], "texture": "#0"},
				"east": {"uv": [0.5, 1.25, 0.75, 1.75], "texture": "#0"},
				"south": {"uv": [1.25, 1.25, 1.5, 1.75], "texture": "#0"},
				"west": {"uv": [1, 1.25, 1.25, 1.75], "texture": "#0"},
				"up": {"uv": [1, 1.25, 0.75, 1], "texture": "#0"},
				"down": {"uv": [1.25, 1, 1, 1.25], "texture": "#0"}
			}
		},
		{
			"name": "left_ear",
			"from": [1.8756, 21.13142, 2],
			"to": [2.8756, 26.13142, 6],
			"rotation": {"angle": -22.5, "axis": "z", "origin": [7.85882, 26.203, 1.04118]},
			"faces": {
				"north": {"uv": [13.75, 2.5, 14, 3.75], "texture": "#0"},
				"east": {"uv": [12.75, 2.5, 13.75, 3.75], "texture": "#0"},
				"south": {"uv": [15, 2.5, 15.25, 3.75], "texture": "#0"},
				"west": {"uv": [14, 2.5, 15, 3.75], "texture": "#0"},
				"up": {"uv": [14, 2.5, 13.75, 1.5], "texture": "#0"},
				"down": {"uv": [14.25, 1.5, 14, 2.5], "texture": "#0"}
			}
		},
		{
			"name": "left_ear",
			"from": [1.4756, 22.13142, 1.5],
			"to": [3.4756, 23.13142, 3.5],
			"rotation": {"angle": -22.5, "axis": "z", "origin": [7.85882, 26.203, 1.04118]},
			"faces": {
				"north": {"uv": [9.75, 14, 10, 14.25], "texture": "#0"},
				"east": {"uv": [9.75, 14, 10, 14.25], "texture": "#0"},
				"south": {"uv": [9.75, 14, 10, 14.25], "texture": "#0"},
				"west": {"uv": [9.75, 14, 10, 14.25], "texture": "#0"},
				"up": {"uv": [10, 14.25, 9.75, 14], "texture": "#0"},
				"down": {"uv": [10, 14, 9.75, 14.25], "texture": "#0"}
			}
		},
		{
			"name": "right_ear",
			"from": [13.10291, 21.02337, 2],
			"to": [14.10291, 26.02337, 6],
			"rotation": {"angle": 22.5, "axis": "z", "origin": [7.85882, 26.203, 1.04118]},
			"faces": {
				"north": {"uv": [10.75, 2.5, 11, 3.75], "texture": "#0"},
				"east": {"uv": [9.75, 2.5, 10.75, 3.75], "texture": "#0"},
				"south": {"uv": [12, 2.5, 12.25, 3.75], "texture": "#0"},
				"west": {"uv": [11, 2.5, 12, 3.75], "texture": "#0"},
				"up": {"uv": [11, 2.5, 10.75, 1.5], "texture": "#0"},
				"down": {"uv": [11.25, 1.5, 11, 2.5], "texture": "#0"}
			}
		}
	],
	"display": {
		"thirdperson_righthand": {
			"rotation": [74, 0, 0],
			"scale": [0.26, 0.26, 0.26]
		},
		"thirdperson_lefthand": {
			"rotation": [71, 0, 0],
			"scale": [0.26, 0.26, 0.26]
		},
		"firstperson_righthand": {
			"scale": [0.17, 0.17, 0.17]
		},
		"firstperson_lefthand": {
			"scale": [0.18, 0.18, 0.18]
		},
		"ground": {
			"rotation": [61, 0, 0],
			"scale": [0.22, 0.22, 0.22]
		},
		"gui": {
			"rotation": [-49, -149, -20],
			"translation": [0, -4.75, 0],
			"scale": [0.51, 0.51, 0.51]
		},
		"head": {
			"translation": [0, -61.75, 15.25],
			"scale": [3.5, 3.5, 3.5]
		},
		"fixed": {
			"rotation": [-13, 0, 0],
			"translation": [-16, -76.75, 0.75],
			"scale": [4, 4, 4]
		}
	},
	"groups": [
		{
			"name": "bone",
			"origin": [0, 0, 0],
			"color": 0,
			"children": [0, 1, 2, 3, 4, 5, 6, 7, 8, 9, 10, 11, 12, 13, 14, 15, 16, 17]
		}
	]
}