{
	"credit": "Made with Blockbench",
	"texture_size": [64, 64],
	"textures": {
		"0": "item/piglin_brute"
	},
	"elements": [
		{
			"name": "left_leg",
			"from": [3, 1.1, -4.5],
			"to": [8, 8.1, 0.5],
			"rotation": {"angle": 22.5, "axis": "y", "origin": [5.5, 12.1, 7.5]},
			"faces": {
				"north": {"uv": [5, 14.25, 6, 16], "texture": "#0"},
				"east": {"uv": [4, 14.25, 5, 16], "texture": "#0"},
				"south": {"uv": [7, 14.25, 8, 16], "texture": "#0"},
				"west": {"uv": [6, 14.25, 7, 16], "texture": "#0"},
				"up": {"uv": [6, 13, 5, 12], "texture": "#0"},
				"down": {"uv": [7, 12, 6, 13], "texture": "#0"}
			}
		},
		{
			"name": "left_leg",
			"from": [3, 8.1, -4.5],
			"to": [8, 13.1, 0.5],
			"rotation": {"angle": 22.5, "axis": "y", "origin": [5.5, 12.1, 7.5]},
			"faces": {
				"north": {"uv": [5, 14.5, 6, 15.75], "texture": "#0"},
				"east": {"uv": [4, 14.5, 5, 15.75], "texture": "#0"},
				"south": {"uv": [7, 14.5, 8, 15.75], "texture": "#0"},
				"west": {"uv": [6, 14.5, 7, 15.75], "texture": "#0"},
				"up": {"uv": [6, 15.5, 5, 14.5], "texture": "#0"},
				"down": {"uv": [7, 12, 6, 13], "texture": "#0"}
			}
		},
		{
			"name": "right_leg",
			"from": [7.57454, 8.1, -0.58722],
			"to": [12.57454, 13.1, 6.41278],
			"rotation": {"angle": -22.5, "axis": "y", "origin": [6.09619, 10.5, 7.93443]},
			"faces": {
				"north": {"uv": [3, 4, 2, 5], "rotation": 180, "texture": "#0"},
				"east": {"uv": [0, 5, 1, 6.75], "rotation": 270, "texture": "#0"},
				"south": {"uv": [2, 5, 1, 4], "texture": "#0"},
				"west": {"uv": [2, 5, 3, 6.75], "rotation": 90, "texture": "#0"},
				"up": {"uv": [1, 5, 2, 6.75], "rotation": 180, "texture": "#0"},
				"down": {"uv": [3, 5, 4, 6.75], "texture": "#0"}
			}
		},
		{
			"name": "right_leg",
			"from": [7.62479, 1.1, -5.53697],
			"to": [12.62479, 8.1, -0.53697],
			"rotation": {"angle": -22.5, "axis": "y", "origin": [6.09619, 10.4, 7.93443]},
			"faces": {
				"north": {"uv": [1, 6.25, 2, 8], "texture": "#0"},
				"east": {"uv": [0, 6.25, 1, 8], "texture": "#0"},
				"south": {"uv": [3, 6.25, 4, 8], "texture": "#0"},
				"west": {"uv": [2, 6.25, 3, 8], "texture": "#0"},
				"up": {"uv": [2, 5, 1, 4], "texture": "#0"},
				"down": {"uv": [3, 4, 2, 5], "texture": "#0"}
			}
		},
		{
			"name": "right_leg",
			"from": [7.58926, 8.1, -5.5725],
			"to": [12.58926, 13.1, -0.5725],
			"rotation": {"angle": -22.5, "axis": "y", "origin": [6.09619, 10.4, 7.93443]},
			"faces": {
				"north": {"uv": [10.5, 6.25, 11.5, 7.5], "texture": "#0"},
				"east": {"uv": [0, 6.5, 1, 7.75], "texture": "#0"},
				"south": {"uv": [3, 6.5, 4, 7.75], "texture": "#0"},
				"west": {"uv": [2, 6.5, 3, 7.75], "texture": "#0"},
				"up": {"uv": [2, 7.5, 1, 6.5], "texture": "#0"},
				"down": {"uv": [3, 4, 2, 5], "texture": "#0"}
			}
		},
		{
			"name": "left_leg",
			"from": [3, 8.1, 0.5],
			"to": [8, 13.1, 7.5],
			"rotation": {"angle": 22.5, "axis": "y", "origin": [5.5, 12.2, 7.5]},
			"faces": {
				"north": {"uv": [7, 12, 6, 13], "rotation": 180, "texture": "#0"},
				"east": {"uv": [4, 13, 5, 14.75], "rotation": 270, "texture": "#0"},
				"south": {"uv": [6, 13, 5, 12], "texture": "#0"},
				"west": {"uv": [6, 13, 7, 14.75], "rotation": 90, "texture": "#0"},
				"up": {"uv": [5, 13, 6, 14.75], "rotation": 180, "texture": "#0"},
				"down": {"uv": [7, 13, 8, 14.75], "texture": "#0"}
			}
		}
	],
	"display": {
		"thirdperson_righthand": {
			"rotation": [74, 0, 0],
			"scale": [0.26, 0.26, 0.26]
		},
		"thirdperson_lefthand": {
			"rotation": [71, 0, 0],
			"scale": [0.26, 0.26, 0.26]
		},
		"firstperson_righthand": {
			"scale": [0.17, 0.17, 0.17]
		},
		"firstperson_lefthand": {
			"scale": [0.18, 0.18, 0.18]
		},
		"ground": {
			"rotation": [61, 0, 0],
			"scale": [0.22, 0.22, 0.22]
		},
		"gui": {
			"rotation": [-49, -149, -20],
			"translation": [0, -4.75, 0],
			"scale": [0.51, 0.51, 0.51]
		},
		"head": {
			"translation": [0, -29.75, 5.75],
			"scale": [1.6, 1.6, 1.6]
		},
		"fixed": {
			"translation": [-16.25, -15.75, -5.75],
			"scale": [4, 4, 4]
		}
	},
	"groups": [
		{
			"name": "bone",
			"origin": [0, 0, 0],
			"color": 0,
			"children": [0, 1, 2, 3, 4, 5]
		}
	]
}