{
	"credit": "Made with Blockbench",
	"texture_size": [64, 64],
	"textures": {
		"1": "item/piglionboss"
	},
	"elements": [
		{
			"name": "head",
			"from": [3, -1, 4],
			"to": [13, 7, 12],
			"faces": {
				"north": {"uv": [2, 2, 4.5, 4], "texture": "#1"},
				"east": {"uv": [0, 2, 2, 4], "texture": "#1"},
				"south": {"uv": [6.5, 2, 9, 4], "texture": "#1"},
				"west": {"uv": [4.5, 2, 6.5, 4], "texture": "#1"},
				"up": {"uv": [4.5, 2, 2, 0], "texture": "#1"},
				"down": {"uv": [7, 0, 4.5, 2], "texture": "#1"}
			}
		},
		{
			"name": "head",
			"from": [6, -1, 3],
			"to": [10, 3, 4],
			"faces": {
				"north": {"uv": [8, 0.5, 9, 1.5], "texture": "#1"},
				"east": {"uv": [7.75, 0.5, 8, 1.5], "texture": "#1"},
				"south": {"uv": [9.25, 0.5, 10.25, 1.5], "texture": "#1"},
				"west": {"uv": [9, 0.5, 9.25, 1.5], "texture": "#1"},
				"up": {"uv": [9, 0.5, 8, 0.25], "texture": "#1"},
				"down": {"uv": [10, 0.25, 9, 0.5], "texture": "#1"}
			}
		},
		{
			"name": "head",
			"from": [5, -1, 3],
			"to": [6, 1, 4],
			"faces": {
				"north": {"uv": [0.75, 1.25, 1, 1.75], "texture": "#1"},
				"east": {"uv": [0.5, 1.25, 0.75, 1.75], "texture": "#1"},
				"south": {"uv": [1.25, 1.25, 1.5, 1.75], "texture": "#1"},
				"west": {"uv": [1, 1.25, 1.25, 1.75], "texture": "#1"},
				"up": {"uv": [1, 1.25, 0.75, 1], "texture": "#1"},
				"down": {"uv": [1.25, 1, 1, 1.25], "texture": "#1"}
			}
		},
		{
			"name": "head",
			"from": [10, -1, 3],
			"to": [11, 1, 4],
			"faces": {
				"north": {"uv": [0.75, 0.25, 1, 0.75], "texture": "#1"},
				"east": {"uv": [0.5, 0.25, 0.75, 0.75], "texture": "#1"},
				"south": {"uv": [1.25, 0.25, 1.5, 0.75], "texture": "#1"},
				"west": {"uv": [1, 0.25, 1.25, 0.75], "texture": "#1"},
				"up": {"uv": [1, 0.25, 0.75, 0], "texture": "#1"},
				"down": {"uv": [1.25, 0, 1, 0.25], "texture": "#1"}
			}
		},
		{
			"name": "left_ear",
			"from": [2, 0, 6],
			"to": [3, 5, 10],
			"faces": {
				"north": {"uv": [13.75, 2.5, 14, 3.75], "texture": "#1"},
				"east": {"uv": [12.75, 2.5, 13.75, 3.75], "texture": "#1"},
				"south": {"uv": [15, 2.5, 15.25, 3.75], "texture": "#1"},
				"west": {"uv": [14, 2.5, 15, 3.75], "texture": "#1"},
				"up": {"uv": [14, 2.5, 13.75, 1.5], "texture": "#1"},
				"down": {"uv": [14.25, 1.5, 14, 2.5], "texture": "#1"}
			}
		},
		{
			"name": "right_ear",
			"from": [13, 0, 6],
			"to": [14, 5, 10],
			"faces": {
				"north": {"uv": [10.75, 2.5, 11, 3.75], "texture": "#1"},
				"east": {"uv": [9.75, 2.5, 10.75, 3.75], "texture": "#1"},
				"south": {"uv": [12, 2.5, 12.25, 3.75], "texture": "#1"},
				"west": {"uv": [11, 2.5, 12, 3.75], "texture": "#1"},
				"up": {"uv": [11, 2.5, 10.75, 1.5], "texture": "#1"},
				"down": {"uv": [11.25, 1.5, 11, 2.5], "texture": "#1"}
			}
		}
	],
	"display": {
		"head": {
			"translation": [0, 9, 0],
			"scale": [1.72, 1.72, 1.72]
		}
	},
	"groups": [
		{
			"name": "head",
			"origin": [0, 24, 0],
			"color": 0,
			"children": [
				0,
				1,
				2,
				3,
				{
					"name": "left_ear",
					"origin": [5, 30, 0],
					"color": 0,
					"children": [4]
				},
				{
					"name": "right_ear",
					"origin": [-5, 30, 0],
					"color": 0,
					"children": [5]
				}
			]
		}
	]
}