{
	"credit": "Made with Blockbench",
	"parent": "stick",
	"texture_size": [32, 32],
	"textures": {
		"0": "item/key/key8",
		"particle": "item/key/key8"
	},
	"elements": [
		{
			"name": "Body",
			"from": [7, 3, 6],
			"to": [9, 5, 16],
			"faces": {
				"north": {"uv": [3, 3.5, 4, 4.5], "texture": "#0"},
				"east": {"uv": [3, 3.5, 8, 4.5], "texture": "#0"},
				"south": {"uv": [7, 3.5, 8, 4.5], "texture": "#0"},
				"west": {"uv": [3, 3.5, 8, 4.5], "texture": "#0"},
				"up": {"uv": [3, 3.5, 8, 4.5], "rotation": 90, "texture": "#0"},
				"down": {"uv": [3, 3.5, 8, 4.5], "rotation": 90, "texture": "#0"}
			}
		}
	],
	"display": {
		"thirdperson_righthand": {
			"rotation": [46, -180, 0],
			"translation": [0, 3.25, 2]
		},
		"thirdperson_lefthand": {
			"rotation": [65, -180, 0],
			"translation": [-0.25, 6, -1.5]
		},
		"firstperson_righthand": {
			"rotation": [4, -180, 13],
			"translation": [0.75, 1, 0.5]
		},
		"firstperson_lefthand": {
			"rotation": [23, -180, 14],
			"translation": [2, 2, -1]
		},
		"ground": {
			"rotation": [0, 0, -89]
		},
		"gui": {
			"rotation": [43, 123, -86],
			"translation": [0.5, 0, 0],
			"scale": [0.83, 0.83, 0.83]
		},
		"head": {
			"rotation": [90, 0, 0],
			"translation": [0, 6, 0.25]
		},
		"fixed": {
			"rotation": [90, 0, 0],
			"translation": [0, 5.5, 6],
			"scale": [2, 2, 2]
		}
	}
}