{
	"credit": "Made with Blockbench",
	"parent": "book",
	"ambientocclusion": false,
	"texture_size": [64, 32],
	"textures": {
		"0": "item/anubis_armor_layer_1",
		"particle": "item/anubis_armor_layer_1"
	},
	"elements": [
		{
			"from": [8, 10, 6],
			"to": [9, 11, 11],
			"faces": {
				"north": {"uv": [1.25, 12, 1.5, 12.5], "texture": "#0"},
				"east": {"uv": [0, 12, 1.25, 12.5], "texture": "#0"},
				"south": {"uv": [2.75, 12, 3, 12.5], "texture": "#0"},
				"west": {"uv": [1.5, 12, 2.75, 12.5], "texture": "#0"},
				"up": {"uv": [1.5, 12, 1.25, 9.5], "texture": "#0"},
				"down": {"uv": [1.75, 9.5, 1.5, 12], "texture": "#0"}
			}
		},
		{
			"from": [8, 9, 5],
			"to": [9, 10, 6],
			"faces": {
				"north": {"uv": [0.25, 1, 0.5, 1.5], "texture": "#0"},
				"east": {"uv": [0, 1, 0.25, 1.5], "texture": "#0"},
				"south": {"uv": [0.75, 1, 1, 1.5], "texture": "#0"},
				"west": {"uv": [0.5, 1, 0.75, 1.5], "texture": "#0"},
				"up": {"uv": [0.5, 1, 0.25, 0.5], "texture": "#0"},
				"down": {"uv": [0.75, 0.5, 0.5, 1], "texture": "#0"}
			}
		},
		{
			"from": [8, 9, 11],
			"to": [9, 10, 12],
			"faces": {
				"north": {"uv": [0.25, 0.5, 0.5, 1], "texture": "#0"},
				"east": {"uv": [0, 0.5, 0.25, 1], "texture": "#0"},
				"south": {"uv": [0.75, 0.5, 1, 1], "texture": "#0"},
				"west": {"uv": [0.5, 0.5, 0.75, 1], "texture": "#0"},
				"up": {"uv": [0.5, 0.5, 0.25, 0], "texture": "#0"},
				"down": {"uv": [0.75, 0, 0.5, 0.5], "texture": "#0"}
			}
		},
		{
			"from": [8, 7, 4],
			"to": [9, 9, 5],
			"faces": {
				"north": {"uv": [3.75, 6, 4, 7], "texture": "#0"},
				"east": {"uv": [3.5, 6, 3.75, 7], "texture": "#0"},
				"south": {"uv": [4.25, 6, 4.5, 7], "texture": "#0"},
				"west": {"uv": [4, 6, 4.25, 7], "texture": "#0"},
				"up": {"uv": [4, 6, 3.75, 5.5], "texture": "#0"},
				"down": {"uv": [4.25, 5.5, 4, 6], "texture": "#0"}
			}
		},
		{
			"from": [8, 7, 12],
			"to": [9, 9, 13],
			"faces": {
				"north": {"uv": [0.25, 0.5, 0.5, 1.5], "texture": "#0"},
				"east": {"uv": [0, 0.5, 0.25, 1.5], "texture": "#0"},
				"south": {"uv": [0.75, 0.5, 1, 1.5], "texture": "#0"},
				"west": {"uv": [0.5, 0.5, 0.75, 1.5], "texture": "#0"},
				"up": {"uv": [0.5, 0.5, 0.25, 0], "texture": "#0"},
				"down": {"uv": [0.75, 0, 0.5, 0.5], "texture": "#0"}
			}
		},
		{
			"from": [8, 7, 2],
			"to": [9, 8, 4],
			"faces": {
				"north": {"uv": [11.75, 6.5, 12, 7], "texture": "#0"},
				"east": {"uv": [11.25, 6.5, 11.75, 7], "texture": "#0"},
				"south": {"uv": [12.5, 6.5, 12.75, 7], "texture": "#0"},
				"west": {"uv": [12, 6.5, 12.5, 7], "texture": "#0"},
				"up": {"uv": [12, 6.5, 11.75, 5.5], "texture": "#0"},
				"down": {"uv": [12.25, 5.5, 12, 6.5], "texture": "#0"}
			}
		},
		{
			"from": [8, 3, 13],
			"to": [9, 7, 14],
			"faces": {
				"north": {"uv": [4.75, 0.5, 5, 2.5], "texture": "#0"},
				"east": {"uv": [4.5, 0.5, 4.75, 2.5], "texture": "#0"},
				"south": {"uv": [5.25, 0.5, 5.5, 2.5], "texture": "#0"},
				"west": {"uv": [5, 0.5, 5.25, 2.5], "texture": "#0"},
				"up": {"uv": [5, 0.5, 4.75, 0], "texture": "#0"},
				"down": {"uv": [5.25, 0, 5, 0.5], "texture": "#0"}
			}
		},
		{
			"from": [8, 6, -2],
			"to": [9, 7, 4],
			"faces": {
				"north": {"uv": [4, 3, 4.25, 3.5], "texture": "#0"},
				"east": {"uv": [2.5, 3, 4, 3.5], "texture": "#0"},
				"south": {"uv": [5.75, 3, 6, 3.5], "texture": "#0"},
				"west": {"uv": [4.25, 3, 5.75, 3.5], "texture": "#0"},
				"up": {"uv": [4.25, 3, 4, 0], "texture": "#0"},
				"down": {"uv": [4.5, 0, 4.25, 3], "texture": "#0"}
			}
		},
		{
			"from": [8, 3, -3],
			"to": [9, 4, 1],
			"shade": false,
			"faces": {
				"north": {"uv": [1.25, 2, 1, 2.5], "texture": "#0"},
				"east": {"uv": [2.25, 2, 1.25, 2.5], "texture": "#0"},
				"south": {"uv": [2.5, 2, 2.25, 2.5], "texture": "#0"},
				"west": {"uv": [1, 2, 0, 2.5], "texture": "#0"},
				"up": {"uv": [1, 2, 1.25, 0], "texture": "#0"},
				"down": {"uv": [1.25, 0, 1.5, 2], "texture": "#0"}
			}
		},
		{
			"from": [8, 2, 1],
			"to": [9, 3, 4],
			"faces": {
				"north": {"uv": [14.75, 9, 15, 9.5], "texture": "#0"},
				"east": {"uv": [14, 9, 14.75, 9.5], "texture": "#0"},
				"south": {"uv": [15.75, 9, 16, 9.5], "texture": "#0"},
				"west": {"uv": [15, 9, 15.75, 9.5], "texture": "#0"},
				"up": {"uv": [15, 9, 14.75, 7.5], "texture": "#0"},
				"down": {"uv": [15.25, 7.5, 15, 9], "texture": "#0"}
			}
		},
		{
			"from": [8, 1, 2],
			"to": [9, 2, 4],
			"faces": {
				"north": {"uv": [15, 10.5, 15.25, 11], "texture": "#0"},
				"east": {"uv": [14.5, 10.5, 15, 11], "texture": "#0"},
				"south": {"uv": [15.75, 10.5, 16, 11], "texture": "#0"},
				"west": {"uv": [15.25, 10.5, 15.75, 11], "texture": "#0"},
				"up": {"uv": [15.25, 10.5, 15, 9.5], "texture": "#0"},
				"down": {"uv": [15.5, 9.5, 15.25, 10.5], "texture": "#0"}
			}
		},
		{
			"from": [8, 0, 4],
			"to": [9, 1, 12],
			"faces": {
				"north": {"uv": [13, 5, 13.25, 5.5], "texture": "#0"},
				"east": {"uv": [11, 5, 13, 5.5], "texture": "#0"},
				"south": {"uv": [15.25, 5, 15.5, 5.5], "texture": "#0"},
				"west": {"uv": [13.25, 5, 15.25, 5.5], "texture": "#0"},
				"up": {"uv": [13.25, 5, 13, 1], "texture": "#0"},
				"down": {"uv": [13.5, 1, 13.25, 5], "texture": "#0"}
			}
		},
		{
			"from": [8, 1, 12],
			"to": [9, 3, 13],
			"faces": {
				"north": {"uv": [0.25, 0.5, 0.5, 1.5], "texture": "#0"},
				"east": {"uv": [0, 0.5, 0.25, 1.5], "texture": "#0"},
				"south": {"uv": [0.75, 0.5, 1, 1.5], "texture": "#0"},
				"west": {"uv": [0.5, 0.5, 0.75, 1.5], "texture": "#0"},
				"up": {"uv": [0.5, 0.5, 0.25, 0], "texture": "#0"},
				"down": {"uv": [0.75, 0, 0.5, 0.5], "texture": "#0"}
			}
		},
		{
			"from": [8, 4, -4],
			"to": [9, 6, -2],
			"faces": {
				"north": {"uv": [2, 1, 2.25, 2], "texture": "#0"},
				"east": {"uv": [1.5, 1, 2, 2], "texture": "#0"},
				"south": {"uv": [2.75, 1, 3, 2], "texture": "#0"},
				"west": {"uv": [2.25, 1, 2.75, 2], "texture": "#0"},
				"up": {"uv": [2.25, 1, 2, 0], "texture": "#0"},
				"down": {"uv": [2.5, 0, 2.25, 1], "texture": "#0"}
			}
		},
		{
			"from": [9, 1, 4],
			"to": [10, 2, 6],
			"faces": {
				"north": {"uv": [13.75, 8.5, 14, 9], "texture": "#0"},
				"east": {"uv": [13.25, 8.5, 13.75, 9], "texture": "#0"},
				"south": {"uv": [14.5, 8.5, 14.75, 9], "texture": "#0"},
				"west": {"uv": [14, 8.5, 14.5, 9], "texture": "#0"},
				"up": {"uv": [14, 8.5, 13.75, 7.5], "texture": "#0"},
				"down": {"uv": [14.25, 7.5, 14, 8.5], "texture": "#0"}
			}
		},
		{
			"from": [9, 2, 2],
			"to": [10, 3, 4],
			"faces": {
				"north": {"uv": [15, 10.5, 15.25, 11], "texture": "#0"},
				"east": {"uv": [14.5, 10.5, 15, 11], "texture": "#0"},
				"south": {"uv": [15.75, 10.5, 16, 11], "texture": "#0"},
				"west": {"uv": [15.25, 10.5, 15.75, 11], "texture": "#0"},
				"up": {"uv": [15.25, 10.5, 15, 9.5], "texture": "#0"},
				"down": {"uv": [15.5, 9.5, 15.25, 10.5], "texture": "#0"}
			}
		},
		{
			"from": [7, 1, 4],
			"to": [8, 2, 6],
			"faces": {
				"north": {"uv": [13.75, 8.5, 14, 9], "texture": "#0"},
				"east": {"uv": [13.25, 8.5, 13.75, 9], "texture": "#0"},
				"south": {"uv": [14.5, 8.5, 14.75, 9], "texture": "#0"},
				"west": {"uv": [14, 8.5, 14.5, 9], "texture": "#0"},
				"up": {"uv": [14, 8.5, 13.75, 7.5], "texture": "#0"},
				"down": {"uv": [14.25, 7.5, 14, 8.5], "texture": "#0"}
			}
		},
		{
			"from": [7, 2, 2],
			"to": [8, 3, 4],
			"faces": {
				"north": {"uv": [15, 10.5, 15.25, 11], "texture": "#0"},
				"east": {"uv": [14.5, 10.5, 15, 11], "texture": "#0"},
				"south": {"uv": [15.75, 10.5, 16, 11], "texture": "#0"},
				"west": {"uv": [15.25, 10.5, 15.75, 11], "texture": "#0"},
				"up": {"uv": [15.25, 10.5, 15, 9.5], "texture": "#0"},
				"down": {"uv": [15.5, 9.5, 15.25, 10.5], "texture": "#0"}
			}
		},
		{
			"from": [9, 9, 11],
			"to": [10, 10, 12],
			"faces": {
				"north": {"uv": [9.5, 0.5, 9.75, 1], "texture": "#0"},
				"east": {"uv": [9.25, 0.5, 9.5, 1], "texture": "#0"},
				"south": {"uv": [10, 0.5, 10.25, 1], "texture": "#0"},
				"west": {"uv": [9.75, 0.5, 10, 1], "texture": "#0"},
				"up": {"uv": [9.75, 0.5, 9.5, 0], "texture": "#0"},
				"down": {"uv": [10, 0, 9.75, 0.5], "texture": "#0"}
			}
		},
		{
			"from": [12, 2, 11],
			"to": [13, 6, 13],
			"faces": {
				"north": {"uv": [15, 14, 15.25, 16], "texture": "#0"},
				"east": {"uv": [14.5, 14, 15, 16], "texture": "#0"},
				"south": {"uv": [15.75, 14, 16, 16], "texture": "#0"},
				"west": {"uv": [15.25, 14, 15.75, 16], "texture": "#0"},
				"up": {"uv": [15.25, 14, 15, 13], "texture": "#0"},
				"down": {"uv": [15.5, 13, 15.25, 14], "texture": "#0"}
			}
		},
		{
			"from": [9, 0, 10],
			"to": [13, 2, 12],
			"faces": {
				"north": {"uv": [12, 15, 13, 16], "texture": "#0"},
				"east": {"uv": [11.5, 15, 12, 16], "texture": "#0"},
				"south": {"uv": [13.5, 15, 14.5, 16], "texture": "#0"},
				"west": {"uv": [13, 15, 13.5, 16], "texture": "#0"},
				"up": {"uv": [13, 15, 12, 14], "texture": "#0"},
				"down": {"uv": [14, 13, 13, 14], "texture": "#0"}
			}
		},
		{
			"from": [9, 0, 7],
			"to": [13, 2, 8],
			"faces": {
				"north": {"uv": [12, 15, 13, 16], "texture": "#0"},
				"east": {"uv": [11.5, 15, 12, 16], "texture": "#0"},
				"south": {"uv": [13.5, 15, 14.5, 16], "texture": "#0"},
				"west": {"uv": [13, 15, 13.5, 16], "texture": "#0"},
				"up": {"uv": [13, 15, 12, 14], "texture": "#0"},
				"down": {"uv": [14, 13, 13, 14], "texture": "#0"}
			}
		},
		{
			"from": [9, 0, 6],
			"to": [11, 2, 7],
			"faces": {
				"north": {"uv": [12, 15, 13, 16], "texture": "#0"},
				"east": {"uv": [11.5, 15, 12, 16], "texture": "#0"},
				"south": {"uv": [13.5, 15, 14.5, 16], "texture": "#0"},
				"west": {"uv": [13, 15, 13.5, 16], "texture": "#0"},
				"up": {"uv": [13, 15, 12, 14], "texture": "#0"},
				"down": {"uv": [14, 13, 13, 14], "texture": "#0"}
			}
		},
		{
			"from": [9, 0, 8],
			"to": [13, 2, 10],
			"faces": {
				"north": {"uv": [12, 15, 13, 16], "texture": "#0"},
				"east": {"uv": [11.5, 15, 12, 16], "texture": "#0"},
				"south": {"uv": [13.5, 15, 14.5, 16], "texture": "#0"},
				"west": {"uv": [13, 15, 13.5, 16], "texture": "#0"},
				"up": {"uv": [13, 15, 12, 14], "texture": "#0"},
				"down": {"uv": [14, 13, 13, 14], "texture": "#0"}
			}
		},
		{
			"from": [9, 9, 7],
			"to": [11, 11, 11],
			"faces": {
				"north": {"uv": [4.5, 7, 5, 8], "texture": "#0"},
				"east": {"uv": [3.5, 7, 4.5, 8], "texture": "#0"},
				"south": {"uv": [6, 7, 6.5, 8], "texture": "#0"},
				"west": {"uv": [5, 7, 6, 8], "texture": "#0"},
				"up": {"uv": [5, 7, 4.5, 5], "texture": "#0"},
				"down": {"uv": [5.5, 5, 5, 7], "texture": "#0"}
			}
		},
		{
			"from": [9, 9, 5],
			"to": [10, 10, 7],
			"faces": {
				"north": {"uv": [3, 2, 3.25, 2.5], "texture": "#0"},
				"east": {"uv": [2.5, 2, 3, 2.5], "texture": "#0"},
				"south": {"uv": [3.75, 2, 4, 2.5], "texture": "#0"},
				"west": {"uv": [3.25, 2, 3.75, 2.5], "texture": "#0"},
				"up": {"uv": [3.25, 2, 3, 1], "texture": "#0"},
				"down": {"uv": [3.5, 1, 3.25, 2], "texture": "#0"}
			}
		},
		{
			"from": [9, 8, 4],
			"to": [11, 9, 8],
			"faces": {
				"north": {"uv": [11, 2, 11.5, 2.5], "texture": "#0"},
				"east": {"uv": [10, 2, 11, 2.5], "texture": "#0"},
				"south": {"uv": [12.5, 2, 13, 2.5], "texture": "#0"},
				"west": {"uv": [11.5, 2, 12.5, 2.5], "texture": "#0"},
				"up": {"uv": [11.5, 2, 11, 0], "texture": "#0"},
				"down": {"uv": [12, 0, 11.5, 2], "texture": "#0"}
			}
		},
		{
			"from": [9, 5, 11],
			"to": [12, 9, 12],
			"faces": {
				"north": {"uv": [6.75, 5.5, 7.5, 7.5], "texture": "#0"},
				"east": {"uv": [6.5, 5.5, 6.75, 7.5], "texture": "#0"},
				"south": {"uv": [7.75, 5.5, 8.5, 7.5], "texture": "#0"},
				"west": {"uv": [7.5, 5.5, 7.75, 7.5], "texture": "#0"},
				"up": {"uv": [7.5, 5.5, 6.75, 5], "texture": "#0"},
				"down": {"uv": [8.25, 5, 7.5, 5.5], "texture": "#0"}
			}
		},
		{
			"from": [9, 4, 13],
			"to": [10, 6, 14],
			"faces": {
				"north": {"uv": [10.25, 1, 10.5, 2], "texture": "#0"},
				"east": {"uv": [10, 1, 10.25, 2], "texture": "#0"},
				"south": {"uv": [10.75, 1, 11, 2], "texture": "#0"},
				"west": {"uv": [10.5, 1, 10.75, 2], "texture": "#0"},
				"up": {"uv": [10.5, 1, 10.25, 0.5], "texture": "#0"},
				"down": {"uv": [10.75, 0.5, 10.5, 1], "texture": "#0"}
			}
		},
		{
			"from": [9, 1, 12],
			"to": [12, 8, 13],
			"faces": {
				"north": {"uv": [9.75, 12.5, 10.5, 16], "texture": "#0"},
				"east": {"uv": [9.5, 12.5, 9.75, 16], "texture": "#0"},
				"south": {"uv": [10.75, 12.5, 11.5, 16], "texture": "#0"},
				"west": {"uv": [10.5, 12.5, 10.75, 16], "texture": "#0"},
				"up": {"uv": [10.5, 12.5, 9.75, 12], "texture": "#0"},
				"down": {"uv": [11.25, 12, 10.5, 12.5], "texture": "#0"}
			}
		},
		{
			"from": [9, 7, 4],
			"to": [10, 8, 8],
			"faces": {
				"north": {"uv": [11, 4.5, 11.25, 5], "texture": "#0"},
				"east": {"uv": [10, 4.5, 11, 5], "texture": "#0"},
				"south": {"uv": [12.25, 4.5, 12.5, 5], "texture": "#0"},
				"west": {"uv": [11.25, 4.5, 12.25, 5], "texture": "#0"},
				"up": {"uv": [11.25, 4.5, 11, 2.5], "texture": "#0"},
				"down": {"uv": [11.5, 2.5, 11.25, 4.5], "texture": "#0"}
			}
		},
		{
			"from": [11, 8, 6],
			"to": [12, 9, 9],
			"faces": {
				"north": {"uv": [12.75, 7, 13, 7.5], "texture": "#0"},
				"east": {"uv": [12, 7, 12.75, 7.5], "texture": "#0"},
				"south": {"uv": [13.75, 7, 14, 7.5], "texture": "#0"},
				"west": {"uv": [13, 7, 13.75, 7.5], "texture": "#0"},
				"up": {"uv": [13, 7, 12.75, 5.5], "texture": "#0"},
				"down": {"uv": [13.25, 5.5, 13, 7], "texture": "#0"}
			}
		},
		{
			"from": [12, 8, 7],
			"to": [13, 9, 10],
			"faces": {
				"north": {"uv": [14.75, 7, 15, 7.5], "texture": "#0"},
				"east": {"uv": [14, 7, 14.75, 7.5], "texture": "#0"},
				"south": {"uv": [15.75, 7, 16, 7.5], "texture": "#0"},
				"west": {"uv": [15, 7, 15.75, 7.5], "texture": "#0"},
				"up": {"uv": [15, 7, 14.75, 5.5], "texture": "#0"},
				"down": {"uv": [15.25, 5.5, 15, 7], "texture": "#0"}
			}
		},
		{
			"from": [10, 6, 6],
			"to": [12, 7, 7],
			"faces": {
				"north": {"uv": [11.75, 4, 12.25, 4.5], "texture": "#0"},
				"east": {"uv": [11.5, 4, 11.75, 4.5], "texture": "#0"},
				"south": {"uv": [12.5, 4, 13, 4.5], "texture": "#0"},
				"west": {"uv": [12.25, 4, 12.5, 4.5], "texture": "#0"},
				"up": {"uv": [12.25, 4, 11.75, 3.5], "texture": "#0"},
				"down": {"uv": [12.75, 3.5, 12.25, 4], "texture": "#0"}
			}
		},
		{
			"from": [12, 3, 6],
			"to": [13, 7, 7],
			"faces": {
				"north": {"uv": [3, 10, 3.25, 12], "texture": "#0"},
				"east": {"uv": [2.75, 10, 3, 12], "texture": "#0"},
				"south": {"uv": [3.5, 10, 3.75, 12], "texture": "#0"},
				"west": {"uv": [3.25, 10, 3.5, 12], "texture": "#0"},
				"up": {"uv": [3.25, 10, 3, 9.5], "texture": "#0"},
				"down": {"uv": [3.5, 9.5, 3.25, 10], "texture": "#0"}
			}
		},
		{
			"from": [11, 0, 6],
			"to": [14, 3, 7],
			"faces": {
				"north": {"uv": [6.25, 14.5, 7, 16], "texture": "#0"},
				"east": {"uv": [6, 14.5, 6.25, 16], "texture": "#0"},
				"south": {"uv": [7.25, 14.5, 8, 16], "texture": "#0"},
				"west": {"uv": [7, 14.5, 7.25, 16], "texture": "#0"},
				"up": {"uv": [7, 14.5, 6.25, 14], "texture": "#0"},
				"down": {"uv": [7.75, 14.5, 7, 15], "texture": "#0"}
			}
		},
		{
			"from": [13, 0, 5],
			"to": [14, 1, 6],
			"faces": {
				"north": {"uv": [9.5, 0.5, 9.75, 1], "texture": "#0"},
				"east": {"uv": [9.25, 0.5, 9.5, 1], "texture": "#0"},
				"south": {"uv": [10, 0.5, 10.25, 1], "texture": "#0"},
				"west": {"uv": [9.5, 0.5, 9.75, 1], "texture": "#0"},
				"up": {"uv": [9.75, 0.5, 9.5, 0], "texture": "#0"},
				"down": {"uv": [10, 0.5, 9.75, 1], "texture": "#0"}
			}
		},
		{
			"from": [10, 0, 5],
			"to": [11, 2, 6],
			"faces": {
				"north": {"uv": [10.25, 1, 10.5, 2], "texture": "#0"},
				"east": {"uv": [10.25, 1, 10.5, 2], "texture": "#0"},
				"south": {"uv": [10.75, 1, 11, 2], "texture": "#0"},
				"west": {"uv": [10.5, 1, 10.75, 2], "texture": "#0"},
				"up": {"uv": [10.5, 1, 10.25, 0.5], "texture": "#0"},
				"down": {"uv": [10.75, 1, 10.5, 1.5], "texture": "#0"}
			}
		},
		{
			"from": [9, 0, 5],
			"to": [10, 2, 6],
			"faces": {
				"north": {"uv": [10.25, 1, 10.5, 2], "texture": "#0"},
				"east": {"uv": [10, 1, 10.25, 2], "texture": "#0"},
				"south": {"uv": [10.75, 1, 11, 2], "texture": "#0"},
				"west": {"uv": [10.5, 1, 10.75, 2], "texture": "#0"},
				"up": {"uv": [10.5, 1, 10.25, 0.5], "texture": "#0"},
				"down": {"uv": [10.75, 1, 10.5, 1.5], "texture": "#0"}
			}
		},
		{
			"from": [11, 2, 5],
			"to": [12, 7, 6],
			"faces": {
				"north": {"uv": [2, 9.5, 2.25, 12], "texture": "#0"},
				"east": {"uv": [1.75, 9.5, 2, 12], "texture": "#0"},
				"south": {"uv": [2.5, 9.5, 2.75, 12], "texture": "#0"},
				"west": {"uv": [2.25, 9.5, 2.5, 12], "texture": "#0"},
				"up": {"uv": [2.25, 9.5, 2, 9], "texture": "#0"},
				"down": {"uv": [2.5, 9, 2.25, 9.5], "texture": "#0"}
			}
		},
		{
			"from": [10, 2, 4],
			"to": [11, 7, 5],
			"faces": {
				"north": {"uv": [2, 9.5, 2.25, 12], "texture": "#0"},
				"east": {"uv": [1.75, 9.5, 2, 12], "texture": "#0"},
				"south": {"uv": [2.5, 9.5, 2.75, 12], "texture": "#0"},
				"west": {"uv": [2.25, 9.5, 2.5, 12], "texture": "#0"},
				"up": {"uv": [2.25, 9.5, 2, 9], "texture": "#0"},
				"down": {"uv": [2.5, 9, 2.25, 9.5], "texture": "#0"}
			}
		},
		{
			"from": [10, 2, 3],
			"to": [11, 6, 4],
			"faces": {
				"north": {"uv": [3, 10, 3.25, 12], "texture": "#0"},
				"east": {"uv": [2.75, 10, 3, 12], "texture": "#0"},
				"south": {"uv": [3.5, 10, 3.75, 12], "texture": "#0"},
				"west": {"uv": [3.25, 10, 3.5, 12], "texture": "#0"},
				"up": {"uv": [3.25, 10, 3, 9.5], "texture": "#0"},
				"down": {"uv": [3.5, 9.5, 3.25, 10], "texture": "#0"}
			}
		},
		{
			"from": [10, 3, 2],
			"to": [11, 6, 3],
			"faces": {
				"north": {"uv": [15.25, 0.5, 15.5, 2], "texture": "#0"},
				"east": {"uv": [15, 0.5, 15.25, 2], "texture": "#0"},
				"south": {"uv": [15.75, 0.5, 16, 2], "texture": "#0"},
				"west": {"uv": [15.5, 0.5, 15.75, 2], "texture": "#0"},
				"up": {"uv": [15.5, 0.5, 15.25, 0], "texture": "#0"},
				"down": {"uv": [15.75, 0, 15.5, 0.5], "texture": "#0"}
			}
		},
		{
			"from": [10, 3, 1],
			"to": [11, 5, 2],
			"shade": false,
			"faces": {
				"north": {"uv": [9, 1.5, 8.75, 2.5], "texture": "#0"},
				"east": {"uv": [9.25, 1.5, 9, 2.5], "texture": "#0"},
				"south": {"uv": [9.5, 1.5, 9.25, 2.5], "texture": "#0"},
				"west": {"uv": [8.75, 1.5, 8.5, 2.5], "texture": "#0"},
				"up": {"uv": [8.75, 1.5, 9, 1], "texture": "#0"},
				"down": {"uv": [9, 1, 9.25, 1.5], "texture": "#0"}
			}
		},
		{
			"from": [10, 4, 0],
			"to": [11, 5, 1],
			"faces": {
				"north": {"uv": [11, 6, 11.25, 6.5], "texture": "#0"},
				"east": {"uv": [10.75, 6, 11, 6.5], "texture": "#0"},
				"south": {"uv": [11.5, 6, 11.75, 6.5], "texture": "#0"},
				"west": {"uv": [11.25, 6, 11.5, 6.5], "texture": "#0"},
				"up": {"uv": [11.25, 6, 11, 5.5], "texture": "#0"},
				"down": {"uv": [11.5, 5.5, 11.25, 6], "texture": "#0"}
			}
		},
		{
			"from": [10, 6, 5],
			"to": [11, 7, 6],
			"faces": {
				"north": {"uv": [9.5, 0.5, 9.75, 1], "texture": "#0"},
				"east": {"uv": [9.25, 0.5, 9.5, 1], "texture": "#0"},
				"south": {"uv": [10, 0.5, 10.25, 1], "texture": "#0"},
				"west": {"uv": [9.75, 0.5, 10, 1], "texture": "#0"},
				"up": {"uv": [10, 1, 9.75, 0.5], "texture": "#0"},
				"down": {"uv": [10, 0, 9.75, 0.5], "texture": "#0"}
			}
		},
		{
			"from": [10, 7, 7],
			"to": [13, 8, 8],
			"faces": {
				"north": {"uv": [12.25, 0.5, 13, 1], "texture": "#0"},
				"east": {"uv": [12, 0.5, 12.25, 1], "texture": "#0"},
				"south": {"uv": [13.25, 0.5, 14, 1], "texture": "#0"},
				"west": {"uv": [13, 0.5, 13.25, 1], "texture": "#0"},
				"up": {"uv": [13, 0.5, 12.25, 0], "texture": "#0"},
				"down": {"uv": [13.75, 0, 13, 0.5], "texture": "#0"}
			}
		},
		{
			"from": [10, 7, 6],
			"to": [12, 8, 7],
			"rotation": {"angle": 0, "axis": "y", "origin": [10, 7, 5]},
			"faces": {
				"north": {"uv": [2.25, 4, 3, 4.5], "texture": "#0"},
				"east": {"uv": [2, 4, 2.25, 4.5], "texture": "#0"},
				"south": {"uv": [3.25, 4, 4, 4.5], "texture": "#0"},
				"west": {"uv": [3, 4, 3.25, 4.5], "texture": "#0"},
				"up": {"uv": [3, 4, 2.25, 3.5], "texture": "#0"},
				"down": {"uv": [3.75, 3.5, 3, 4], "texture": "#0"}
			}
		},
		{
			"from": [5, 7, 6],
			"to": [7, 8, 7],
			"rotation": {"angle": 0, "axis": "y", "origin": [10, 7, 5]},
			"faces": {
				"north": {"uv": [2.25, 4, 3, 4.5], "texture": "#0"},
				"east": {"uv": [2, 4, 2.25, 4.5], "texture": "#0"},
				"south": {"uv": [3.25, 4, 4, 4.5], "texture": "#0"},
				"west": {"uv": [3, 4, 3.25, 4.5], "texture": "#0"},
				"up": {"uv": [3, 4, 2.25, 3.5], "texture": "#0"},
				"down": {"uv": [3.75, 3.5, 3, 4], "texture": "#0"}
			}
		},
		{
			"from": [13, 0, 7],
			"to": [14, 6, 11],
			"faces": {
				"north": {"uv": [14.5, 2, 14.75, 5], "texture": "#0"},
				"east": {"uv": [13.5, 2, 14.5, 5], "texture": "#0"},
				"south": {"uv": [15.75, 2, 16, 5], "texture": "#0"},
				"west": {"uv": [14.75, 2, 15.75, 5], "texture": "#0"},
				"up": {"uv": [14.75, 2, 14.5, 0], "texture": "#0"},
				"down": {"uv": [15.25, 0, 15, 2], "texture": "#0"}
			}
		},
		{
			"from": [13, 6, 7],
			"to": [14, 9, 10],
			"faces": {
				"north": {"uv": [0.75, 4, 1, 5.5], "texture": "#0"},
				"east": {"uv": [0, 4, 0.75, 5.5], "texture": "#0"},
				"south": {"uv": [1.75, 4, 2, 5.5], "texture": "#0"},
				"west": {"uv": [1, 4, 1.75, 5.5], "texture": "#0"},
				"up": {"uv": [1, 4, 0.75, 2.5], "texture": "#0"},
				"down": {"uv": [1.25, 2.5, 1, 4], "texture": "#0"}
			}
		},
		{
			"from": [13, 9, 7],
			"to": [14, 15, 9],
			"faces": {
				"north": {"uv": [2.5, 5.5, 2.75, 8.5], "texture": "#0"},
				"east": {"uv": [2, 5.5, 2.5, 8.5], "texture": "#0"},
				"south": {"uv": [3.25, 5.5, 3.5, 8.5], "texture": "#0"},
				"west": {"uv": [2.75, 5.5, 3.25, 8.5], "texture": "#0"},
				"up": {"uv": [2.75, 5.5, 2.5, 4.5], "texture": "#0"},
				"down": {"uv": [3, 4.5, 2.75, 5.5], "texture": "#0"}
			}
		},
		{
			"from": [11, 11, 7],
			"to": [12, 13, 9],
			"faces": {
				"north": {"uv": [0.5, 7.5, 0.75, 8.5], "texture": "#0"},
				"east": {"uv": [0, 7.5, 0.5, 8.5], "texture": "#0"},
				"south": {"uv": [1.25, 7.5, 1.5, 8.5], "texture": "#0"},
				"west": {"uv": [0.75, 7.5, 1.25, 8.5], "texture": "#0"},
				"up": {"uv": [0.75, 7.5, 0.5, 6.5], "texture": "#0"},
				"down": {"uv": [1, 6.5, 0.75, 7.5], "texture": "#0"}
			}
		},
		{
			"from": [13, 15, 7],
			"to": [14, 18, 8],
			"faces": {
				"north": {"uv": [0.25, 10.5, 0.5, 12], "texture": "#0"},
				"east": {"uv": [0, 10.5, 0.25, 12], "texture": "#0"},
				"south": {"uv": [0.75, 10.5, 1, 12], "texture": "#0"},
				"west": {"uv": [0.5, 10.5, 0.75, 12], "texture": "#0"},
				"up": {"uv": [0.5, 10.5, 0.25, 10], "texture": "#0"},
				"down": {"uv": [0.75, 10, 0.5, 10.5], "texture": "#0"}
			}
		},
		{
			"from": [12, 13, 7],
			"to": [13, 16, 8],
			"faces": {
				"north": {"uv": [3, 10, 3.25, 11.5], "texture": "#0"},
				"east": {"uv": [2.75, 10, 3, 11.5], "texture": "#0"},
				"south": {"uv": [3.5, 10, 3.75, 11.5], "texture": "#0"},
				"west": {"uv": [3.25, 10, 3.5, 11.5], "texture": "#0"},
				"up": {"uv": [3.25, 10, 3, 9.5], "texture": "#0"},
				"down": {"uv": [3.5, 9.5, 3.25, 10], "texture": "#0"}
			}
		},
		{
			"from": [12, 13, 8],
			"to": [13, 14, 9],
			"faces": {
				"north": {"uv": [5.75, 6.5, 6, 7], "texture": "#0"},
				"east": {"uv": [5.5, 6.5, 5.75, 7], "texture": "#0"},
				"south": {"uv": [6.25, 6.5, 6.5, 7], "texture": "#0"},
				"west": {"uv": [6, 6.5, 6.25, 7], "texture": "#0"},
				"up": {"uv": [6, 6.5, 5.75, 6], "texture": "#0"},
				"down": {"uv": [6.25, 6, 6, 6.5], "texture": "#0"}
			}
		},
		{
			"from": [12, 9, 9],
			"to": [13, 13, 10],
			"faces": {
				"north": {"uv": [3, 10, 3.25, 12], "texture": "#0"},
				"east": {"uv": [2.75, 10, 3, 12], "texture": "#0"},
				"south": {"uv": [3.5, 10, 3.75, 12], "texture": "#0"},
				"west": {"uv": [3.25, 10, 3.5, 12], "texture": "#0"},
				"up": {"uv": [3.25, 10, 3, 9.5], "texture": "#0"},
				"down": {"uv": [3.5, 9.5, 3.25, 10], "texture": "#0"}
			}
		},
		{
			"from": [14, 9, 7],
			"to": [15, 10, 8],
			"faces": {
				"north": {"uv": [7, 3, 7.25, 3.5], "texture": "#0"},
				"east": {"uv": [6.75, 3, 7, 3.5], "texture": "#0"},
				"south": {"uv": [7.5, 3, 7.75, 3.5], "texture": "#0"},
				"west": {"uv": [7.25, 3, 7.5, 3.5], "texture": "#0"},
				"up": {"uv": [7.25, 3, 7, 2.5], "texture": "#0"},
				"down": {"uv": [7.5, 2.5, 7.25, 3], "texture": "#0"}
			}
		},
		{
			"from": [14, 10, 8],
			"to": [15, 11, 9],
			"faces": {
				"north": {"uv": [7, 1, 7.25, 1.5], "texture": "#0"},
				"east": {"uv": [6.75, 1, 7, 1.5], "texture": "#0"},
				"south": {"uv": [7.5, 1, 7.75, 1.5], "texture": "#0"},
				"west": {"uv": [7.25, 1, 7.5, 1.5], "texture": "#0"},
				"up": {"uv": [7.25, 1, 7, 0.5], "texture": "#0"},
				"down": {"uv": [7.5, 0.5, 7.25, 1], "texture": "#0"}
			}
		},
		{
			"from": [11, 9, 9],
			"to": [12, 11, 10],
			"faces": {
				"north": {"uv": [10.25, 1, 10.5, 2], "texture": "#0"},
				"east": {"uv": [10, 1, 10.25, 2], "texture": "#0"},
				"south": {"uv": [10.75, 1, 11, 2], "texture": "#0"},
				"west": {"uv": [10.5, 1, 10.75, 2], "texture": "#0"},
				"up": {"uv": [10.5, 1, 10.25, 0.5], "texture": "#0"},
				"down": {"uv": [10.75, 0.5, 10.5, 1], "texture": "#0"}
			}
		},
		{
			"from": [11, 6, 10],
			"to": [13, 10, 11],
			"faces": {
				"north": {"uv": [9, 5, 9.5, 7], "texture": "#0"},
				"east": {"uv": [8.75, 5, 9, 7], "texture": "#0"},
				"south": {"uv": [9.75, 5, 10.25, 7], "texture": "#0"},
				"west": {"uv": [9.5, 5, 9.75, 7], "texture": "#0"},
				"up": {"uv": [9.5, 5, 9, 4.5], "texture": "#0"},
				"down": {"uv": [10, 4.5, 9.5, 5], "texture": "#0"}
			}
		},
		{
			"from": [9, 6, 2],
			"to": [10, 7, 4],
			"faces": {
				"north": {"uv": [13.75, 6.5, 14, 7], "texture": "#0"},
				"east": {"uv": [13.25, 6.5, 13.75, 7], "texture": "#0"},
				"south": {"uv": [14.5, 6.5, 14.75, 7], "texture": "#0"},
				"west": {"uv": [14, 6.5, 14.5, 7], "texture": "#0"},
				"up": {"uv": [14, 6.5, 13.75, 5.5], "texture": "#0"},
				"down": {"uv": [14.25, 5.5, 14, 6.5], "texture": "#0"}
			}
		},
		{
			"from": [9, 5, -2],
			"to": [10, 6, 4],
			"shade": false,
			"faces": {
				"north": {"uv": [1.75, 8.5, 1.5, 9], "texture": "#0"},
				"east": {"uv": [3.25, 8.5, 1.75, 9], "texture": "#0"},
				"south": {"uv": [3.5, 8.5, 3.25, 9], "texture": "#0"},
				"west": {"uv": [1.5, 8.5, 0, 9], "texture": "#0"},
				"up": {"uv": [1.5, 8.5, 1.75, 5.5], "texture": "#0"},
				"down": {"uv": [1.75, 5.5, 2, 8.5], "texture": "#0"}
			}
		},
		{
			"from": [9, 3, -3],
			"to": [10, 5, 5],
			"faces": {
				"north": {"uv": [6, 4, 6.25, 5], "texture": "#0"},
				"east": {"uv": [4, 4, 6, 5], "texture": "#0"},
				"south": {"uv": [8.25, 4, 8.5, 5], "texture": "#0"},
				"west": {"uv": [6.25, 4, 8.25, 5], "texture": "#0"},
				"up": {"uv": [6.25, 4, 6, 0], "texture": "#0"},
				"down": {"uv": [6.5, 0, 6.25, 4], "texture": "#0"}
			}
		},
		{
			"from": [7, 9, 11],
			"to": [8, 10, 12],
			"shade": false,
			"rotation": {"angle": 0, "axis": "y", "origin": [17, 0, 0]},
			"faces": {
				"north": {"uv": [9.75, 0.5, 9.5, 1], "texture": "#0"},
				"east": {"uv": [10, 0.5, 9.75, 1], "texture": "#0"},
				"south": {"uv": [10.25, 0.5, 10, 1], "texture": "#0"},
				"west": {"uv": [9.5, 0.5, 9.25, 1], "texture": "#0"},
				"up": {"uv": [9.5, 0.5, 9.75, 0], "texture": "#0"},
				"down": {"uv": [9.75, 0, 10, 0.5], "texture": "#0"}
			}
		},
		{
			"from": [4, 2, 11],
			"to": [5, 6, 13],
			"shade": false,
			"rotation": {"angle": 0, "axis": "y", "origin": [17, 0, 0]},
			"faces": {
				"north": {"uv": [15.25, 14, 15, 16], "texture": "#0"},
				"east": {"uv": [15.75, 14, 15.25, 16], "texture": "#0"},
				"south": {"uv": [16, 14, 15.75, 16], "texture": "#0"},
				"west": {"uv": [15, 14, 14.5, 16], "texture": "#0"},
				"up": {"uv": [15, 14, 15.25, 13], "texture": "#0"},
				"down": {"uv": [15.25, 13, 15.5, 14], "texture": "#0"}
			}
		},
		{
			"from": [4, 0, 10],
			"to": [8, 2, 12],
			"shade": false,
			"rotation": {"angle": 0, "axis": "y", "origin": [17, 0, 0]},
			"faces": {
				"north": {"uv": [13, 15, 12, 16], "texture": "#0"},
				"east": {"uv": [13.5, 15, 13, 16], "texture": "#0"},
				"south": {"uv": [14.5, 15, 13.5, 16], "texture": "#0"},
				"west": {"uv": [12, 15, 11.5, 16], "texture": "#0"},
				"up": {"uv": [12, 15, 13, 14], "texture": "#0"},
				"down": {"uv": [13, 13, 14, 14], "texture": "#0"}
			}
		},
		{
			"from": [4, 0, 7],
			"to": [8, 2, 8],
			"shade": false,
			"rotation": {"angle": 0, "axis": "y", "origin": [17, 0, 0]},
			"faces": {
				"north": {"uv": [13, 15, 12, 16], "texture": "#0"},
				"east": {"uv": [13.5, 15, 13, 16], "texture": "#0"},
				"south": {"uv": [14.5, 15, 13.5, 16], "texture": "#0"},
				"west": {"uv": [12, 15, 11.5, 16], "texture": "#0"},
				"up": {"uv": [12, 15, 13, 14], "texture": "#0"},
				"down": {"uv": [13, 13, 14, 14], "texture": "#0"}
			}
		},
		{
			"from": [6, 0, 6],
			"to": [8, 2, 7],
			"shade": false,
			"rotation": {"angle": 0, "axis": "y", "origin": [17, 0, 0]},
			"faces": {
				"north": {"uv": [13, 15, 12, 16], "texture": "#0"},
				"east": {"uv": [13.5, 15, 13, 16], "texture": "#0"},
				"south": {"uv": [14.5, 15, 13.5, 16], "texture": "#0"},
				"west": {"uv": [12, 15, 11.5, 16], "texture": "#0"},
				"up": {"uv": [12, 15, 13, 14], "texture": "#0"},
				"down": {"uv": [13, 13, 14, 14], "texture": "#0"}
			}
		},
		{
			"from": [4, 0, 8],
			"to": [8, 2, 10],
			"shade": false,
			"rotation": {"angle": 0, "axis": "y", "origin": [17, 0, 0]},
			"faces": {
				"north": {"uv": [13, 15, 12, 16], "texture": "#0"},
				"east": {"uv": [13.5, 15, 13, 16], "texture": "#0"},
				"south": {"uv": [14.5, 15, 13.5, 16], "texture": "#0"},
				"west": {"uv": [12, 15, 11.5, 16], "texture": "#0"},
				"up": {"uv": [12, 15, 13, 14], "texture": "#0"},
				"down": {"uv": [13, 13, 14, 14], "texture": "#0"}
			}
		},
		{
			"from": [6, 9, 7],
			"to": [8, 11, 11],
			"shade": false,
			"rotation": {"angle": 0, "axis": "y", "origin": [17, 0, 0]},
			"faces": {
				"north": {"uv": [5, 7, 4.5, 8], "texture": "#0"},
				"east": {"uv": [6, 7, 5, 8], "texture": "#0"},
				"south": {"uv": [6.5, 7, 6, 8], "texture": "#0"},
				"west": {"uv": [4.5, 7, 3.5, 8], "texture": "#0"},
				"up": {"uv": [4.5, 7, 5, 5], "texture": "#0"},
				"down": {"uv": [5, 5, 5.5, 7], "texture": "#0"}
			}
		},
		{
			"from": [7, 9, 5],
			"to": [8, 10, 7],
			"shade": false,
			"rotation": {"angle": 0, "axis": "y", "origin": [17, 0, 0]},
			"faces": {
				"north": {"uv": [3.25, 2, 3, 2.5], "texture": "#0"},
				"east": {"uv": [3.75, 2, 3.25, 2.5], "texture": "#0"},
				"south": {"uv": [4, 2, 3.75, 2.5], "texture": "#0"},
				"west": {"uv": [3, 2, 2.5, 2.5], "texture": "#0"},
				"up": {"uv": [3, 2, 3.25, 1], "texture": "#0"},
				"down": {"uv": [3.25, 1, 3.5, 2], "texture": "#0"}
			}
		},
		{
			"from": [6, 8, 4],
			"to": [8, 9, 8],
			"shade": false,
			"rotation": {"angle": 0, "axis": "y", "origin": [17, 0, 0]},
			"faces": {
				"north": {"uv": [11.5, 2, 11, 2.5], "texture": "#0"},
				"east": {"uv": [12.5, 2, 11.5, 2.5], "texture": "#0"},
				"south": {"uv": [13, 2, 12.5, 2.5], "texture": "#0"},
				"west": {"uv": [11, 2, 10, 2.5], "texture": "#0"},
				"up": {"uv": [11, 2, 11.5, 0], "texture": "#0"},
				"down": {"uv": [11.5, 0, 12, 2], "texture": "#0"}
			}
		},
		{
			"from": [5, 5, 11],
			"to": [8, 9, 12],
			"shade": false,
			"rotation": {"angle": 0, "axis": "y", "origin": [17, 0, 0]},
			"faces": {
				"north": {"uv": [7.5, 5.5, 6.75, 7.5], "texture": "#0"},
				"east": {"uv": [7.75, 5.5, 7.5, 7.5], "texture": "#0"},
				"south": {"uv": [8.5, 5.5, 7.75, 7.5], "texture": "#0"},
				"west": {"uv": [6.75, 5.5, 6.5, 7.5], "texture": "#0"},
				"up": {"uv": [6.75, 5.5, 7.5, 5], "texture": "#0"},
				"down": {"uv": [7.5, 5, 8.25, 5.5], "texture": "#0"}
			}
		},
		{
			"from": [7, 4, 13],
			"to": [8, 6, 14],
			"shade": false,
			"rotation": {"angle": 0, "axis": "y", "origin": [17, 0, 0]},
			"faces": {
				"north": {"uv": [10.5, 1, 10.25, 2], "texture": "#0"},
				"east": {"uv": [10.75, 1, 10.5, 2], "texture": "#0"},
				"south": {"uv": [11, 1, 10.75, 2], "texture": "#0"},
				"west": {"uv": [10.25, 1, 10, 2], "texture": "#0"},
				"up": {"uv": [10.25, 1, 10.5, 0.5], "texture": "#0"},
				"down": {"uv": [10.5, 0.5, 10.75, 1], "texture": "#0"}
			}
		},
		{
			"from": [5, 1, 12],
			"to": [8, 8, 13],
			"shade": false,
			"rotation": {"angle": 0, "axis": "y", "origin": [17, 0, 0]},
			"faces": {
				"north": {"uv": [10.5, 12.5, 9.75, 16], "texture": "#0"},
				"east": {"uv": [10.75, 12.5, 10.5, 16], "texture": "#0"},
				"south": {"uv": [11.5, 12.5, 10.75, 16], "texture": "#0"},
				"west": {"uv": [9.75, 12.5, 9.5, 16], "texture": "#0"},
				"up": {"uv": [9.75, 12.5, 10.5, 12], "texture": "#0"},
				"down": {"uv": [10.5, 12, 11.25, 12.5], "texture": "#0"}
			}
		},
		{
			"from": [7, 7, 4],
			"to": [8, 8, 8],
			"shade": false,
			"rotation": {"angle": 0, "axis": "y", "origin": [17, 0, 0]},
			"faces": {
				"north": {"uv": [11.25, 4.5, 11, 5], "texture": "#0"},
				"east": {"uv": [12.25, 4.5, 11.25, 5], "texture": "#0"},
				"south": {"uv": [12.5, 4.5, 12.25, 5], "texture": "#0"},
				"west": {"uv": [11, 4.5, 10, 5], "texture": "#0"},
				"up": {"uv": [11, 4.5, 11.25, 2.5], "texture": "#0"},
				"down": {"uv": [11.25, 2.5, 11.5, 4.5], "texture": "#0"}
			}
		},
		{
			"from": [5, 8, 6],
			"to": [6, 9, 9],
			"shade": false,
			"rotation": {"angle": 0, "axis": "y", "origin": [17, 0, 0]},
			"faces": {
				"north": {"uv": [13, 7, 12.75, 7.5], "texture": "#0"},
				"east": {"uv": [13.75, 7, 13, 7.5], "texture": "#0"},
				"south": {"uv": [14, 7, 13.75, 7.5], "texture": "#0"},
				"west": {"uv": [12.75, 7, 12, 7.5], "texture": "#0"},
				"up": {"uv": [12.75, 7, 13, 5.5], "texture": "#0"},
				"down": {"uv": [13, 5.5, 13.25, 7], "texture": "#0"}
			}
		},
		{
			"from": [4, 8, 7],
			"to": [5, 9, 10],
			"shade": false,
			"rotation": {"angle": 0, "axis": "y", "origin": [17, 0, 0]},
			"faces": {
				"north": {"uv": [15, 7, 14.75, 7.5], "texture": "#0"},
				"east": {"uv": [15.75, 7, 15, 7.5], "texture": "#0"},
				"south": {"uv": [16, 7, 15.75, 7.5], "texture": "#0"},
				"west": {"uv": [14.75, 7, 14, 7.5], "texture": "#0"},
				"up": {"uv": [14.75, 7, 15, 5.5], "texture": "#0"},
				"down": {"uv": [15, 5.5, 15.25, 7], "texture": "#0"}
			}
		},
		{
			"from": [5, 6, 6],
			"to": [7, 7, 7],
			"shade": false,
			"rotation": {"angle": 0, "axis": "y", "origin": [17, 0, 0]},
			"faces": {
				"north": {"uv": [12.25, 4, 11.75, 4.5], "texture": "#0"},
				"east": {"uv": [12.5, 4, 12.25, 4.5], "texture": "#0"},
				"south": {"uv": [13, 4, 12.5, 4.5], "texture": "#0"},
				"west": {"uv": [11.75, 4, 11.5, 4.5], "texture": "#0"},
				"up": {"uv": [11.75, 4, 12.25, 3.5], "texture": "#0"},
				"down": {"uv": [12.25, 3.5, 12.75, 4], "texture": "#0"}
			}
		},
		{
			"from": [4, 3, 6],
			"to": [5, 7, 7],
			"shade": false,
			"rotation": {"angle": 0, "axis": "y", "origin": [17, 0, 0]},
			"faces": {
				"north": {"uv": [3.25, 10, 3, 12], "texture": "#0"},
				"east": {"uv": [3.5, 10, 3.25, 12], "texture": "#0"},
				"south": {"uv": [3.75, 10, 3.5, 12], "texture": "#0"},
				"west": {"uv": [3, 10, 2.75, 12], "texture": "#0"},
				"up": {"uv": [3, 10, 3.25, 9.5], "texture": "#0"},
				"down": {"uv": [3.25, 9.5, 3.5, 10], "texture": "#0"}
			}
		},
		{
			"from": [3, 0, 6],
			"to": [6, 3, 7],
			"shade": false,
			"rotation": {"angle": 0, "axis": "y", "origin": [17, 0, 0]},
			"faces": {
				"north": {"uv": [7, 14.5, 6.25, 16], "texture": "#0"},
				"east": {"uv": [7.25, 14.5, 7, 16], "texture": "#0"},
				"south": {"uv": [8, 14.5, 7.25, 16], "texture": "#0"},
				"west": {"uv": [6.25, 14.5, 6, 16], "texture": "#0"},
				"up": {"uv": [6.25, 14.5, 7, 14], "texture": "#0"},
				"down": {"uv": [7, 14.5, 7.75, 15], "texture": "#0"}
			}
		},
		{
			"from": [3, 0, 5],
			"to": [4, 1, 6],
			"shade": false,
			"rotation": {"angle": 0, "axis": "y", "origin": [17, 0, 0]},
			"faces": {
				"north": {"uv": [9.75, 0.5, 9.5, 1], "texture": "#0"},
				"east": {"uv": [9.75, 0.5, 9.5, 1], "texture": "#0"},
				"south": {"uv": [10.25, 0.5, 10, 1], "texture": "#0"},
				"west": {"uv": [9.5, 0.5, 9.25, 1], "texture": "#0"},
				"up": {"uv": [9.5, 0.5, 9.75, 0], "texture": "#0"},
				"down": {"uv": [9.75, 0.5, 10, 1], "texture": "#0"}
			}
		},
		{
			"from": [6, 0, 5],
			"to": [7, 2, 6],
			"shade": false,
			"rotation": {"angle": 0, "axis": "y", "origin": [17, 0, 0]},
			"faces": {
				"north": {"uv": [10.5, 1, 10.25, 2], "texture": "#0"},
				"east": {"uv": [10.75, 1, 10.5, 2], "texture": "#0"},
				"south": {"uv": [11, 1, 10.75, 2], "texture": "#0"},
				"west": {"uv": [10.5, 1, 10.25, 2], "texture": "#0"},
				"up": {"uv": [10.25, 1, 10.5, 0.5], "texture": "#0"},
				"down": {"uv": [10.5, 1, 10.75, 1.5], "texture": "#0"}
			}
		},
		{
			"from": [7, 0, 5],
			"to": [8, 2, 6],
			"shade": false,
			"rotation": {"angle": 0, "axis": "y", "origin": [17, 0, 0]},
			"faces": {
				"north": {"uv": [10.5, 1, 10.25, 2], "texture": "#0"},
				"east": {"uv": [10.75, 1, 10.5, 2], "texture": "#0"},
				"south": {"uv": [11, 1, 10.75, 2], "texture": "#0"},
				"west": {"uv": [10.25, 1, 10, 2], "texture": "#0"},
				"up": {"uv": [10.25, 1, 10.5, 0.5], "texture": "#0"},
				"down": {"uv": [10.5, 1, 10.75, 1.5], "texture": "#0"}
			}
		},
		{
			"from": [5, 2, 5],
			"to": [6, 7, 6],
			"shade": false,
			"rotation": {"angle": 0, "axis": "y", "origin": [17, 0, 0]},
			"faces": {
				"north": {"uv": [2.25, 9.5, 2, 12], "texture": "#0"},
				"east": {"uv": [2.5, 9.5, 2.25, 12], "texture": "#0"},
				"south": {"uv": [2.75, 9.5, 2.5, 12], "texture": "#0"},
				"west": {"uv": [2, 9.5, 1.75, 12], "texture": "#0"},
				"up": {"uv": [2, 9.5, 2.25, 9], "texture": "#0"},
				"down": {"uv": [2.25, 9, 2.5, 9.5], "texture": "#0"}
			}
		},
		{
			"from": [6, 2, 4],
			"to": [7, 7, 5],
			"shade": false,
			"rotation": {"angle": 0, "axis": "y", "origin": [17, 0, 0]},
			"faces": {
				"north": {"uv": [2.25, 9.5, 2, 12], "texture": "#0"},
				"east": {"uv": [2.5, 9.5, 2.25, 12], "texture": "#0"},
				"south": {"uv": [2.75, 9.5, 2.5, 12], "texture": "#0"},
				"west": {"uv": [2, 9.5, 1.75, 12], "texture": "#0"},
				"up": {"uv": [2, 9.5, 2.25, 9], "texture": "#0"},
				"down": {"uv": [2.25, 9, 2.5, 9.5], "texture": "#0"}
			}
		},
		{
			"from": [6, 2, 3],
			"to": [7, 6, 4],
			"shade": false,
			"rotation": {"angle": 0, "axis": "y", "origin": [17, 0, 0]},
			"faces": {
				"north": {"uv": [3.25, 10, 3, 12], "texture": "#0"},
				"east": {"uv": [3.5, 10, 3.25, 12], "texture": "#0"},
				"south": {"uv": [3.75, 10, 3.5, 12], "texture": "#0"},
				"west": {"uv": [3, 10, 2.75, 12], "texture": "#0"},
				"up": {"uv": [3, 10, 3.25, 9.5], "texture": "#0"},
				"down": {"uv": [3.25, 9.5, 3.5, 10], "texture": "#0"}
			}
		},
		{
			"from": [6, 3, 2],
			"to": [7, 6, 3],
			"shade": false,
			"rotation": {"angle": 0, "axis": "y", "origin": [17, 0, 0]},
			"faces": {
				"north": {"uv": [15.5, 0.5, 15.25, 2], "texture": "#0"},
				"east": {"uv": [15.75, 0.5, 15.5, 2], "texture": "#0"},
				"south": {"uv": [16, 0.5, 15.75, 2], "texture": "#0"},
				"west": {"uv": [15.25, 0.5, 15, 2], "texture": "#0"},
				"up": {"uv": [15.25, 0.5, 15.5, 0], "texture": "#0"},
				"down": {"uv": [15.5, 0, 15.75, 0.5], "texture": "#0"}
			}
		},
		{
			"from": [6, 3, 1],
			"to": [7, 5, 2],
			"rotation": {"angle": 0, "axis": "y", "origin": [17, 0, 0]},
			"faces": {
				"north": {"uv": [8.75, 1.5, 9, 2.5], "texture": "#0"},
				"east": {"uv": [8.5, 1.5, 8.75, 2.5], "texture": "#0"},
				"south": {"uv": [9.25, 1.5, 9.5, 2.5], "texture": "#0"},
				"west": {"uv": [9, 1.5, 9.25, 2.5], "texture": "#0"},
				"up": {"uv": [9, 1.5, 8.75, 1], "texture": "#0"},
				"down": {"uv": [9.25, 1, 9, 1.5], "texture": "#0"}
			}
		},
		{
			"from": [6, 4, 0],
			"to": [7, 5, 1],
			"shade": false,
			"rotation": {"angle": 0, "axis": "y", "origin": [17, 0, 0]},
			"faces": {
				"north": {"uv": [11.25, 6, 11, 6.5], "texture": "#0"},
				"east": {"uv": [11.5, 6, 11.25, 6.5], "texture": "#0"},
				"south": {"uv": [11.75, 6, 11.5, 6.5], "texture": "#0"},
				"west": {"uv": [11, 6, 10.75, 6.5], "texture": "#0"},
				"up": {"uv": [11, 6, 11.25, 5.5], "texture": "#0"},
				"down": {"uv": [11.25, 5.5, 11.5, 6], "texture": "#0"}
			}
		},
		{
			"from": [6, 6, 5],
			"to": [7, 7, 6],
			"shade": false,
			"rotation": {"angle": 0, "axis": "y", "origin": [17, 0, 0]},
			"faces": {
				"north": {"uv": [9.75, 0.5, 9.5, 1], "texture": "#0"},
				"east": {"uv": [10, 0.5, 9.75, 1], "texture": "#0"},
				"south": {"uv": [10.25, 0.5, 10, 1], "texture": "#0"},
				"west": {"uv": [9.5, 0.5, 9.25, 1], "texture": "#0"},
				"up": {"uv": [9.75, 1, 10, 0.5], "texture": "#0"},
				"down": {"uv": [9.75, 0, 10, 0.5], "texture": "#0"}
			}
		},
		{
			"from": [4, 7, 7],
			"to": [7, 8, 8],
			"shade": false,
			"rotation": {"angle": 0, "axis": "y", "origin": [17, 0, 0]},
			"faces": {
				"north": {"uv": [13, 0.5, 12.25, 1], "texture": "#0"},
				"east": {"uv": [13.25, 0.5, 13, 1], "texture": "#0"},
				"south": {"uv": [14, 0.5, 13.25, 1], "texture": "#0"},
				"west": {"uv": [12.25, 0.5, 12, 1], "texture": "#0"},
				"up": {"uv": [12.25, 0.5, 13, 0], "texture": "#0"},
				"down": {"uv": [13, 0, 13.75, 0.5], "texture": "#0"}
			}
		},
		{
			"from": [3, 0, 7],
			"to": [4, 6, 11],
			"shade": false,
			"rotation": {"angle": 0, "axis": "y", "origin": [17, 0, 0]},
			"faces": {
				"north": {"uv": [14.75, 2, 14.5, 5], "texture": "#0"},
				"east": {"uv": [15.75, 2, 14.75, 5], "texture": "#0"},
				"south": {"uv": [16, 2, 15.75, 5], "texture": "#0"},
				"west": {"uv": [14.5, 2, 13.5, 5], "texture": "#0"},
				"up": {"uv": [14.5, 2, 14.75, 0], "texture": "#0"},
				"down": {"uv": [15, 0, 15.25, 2], "texture": "#0"}
			}
		},
		{
			"from": [3, 6, 7],
			"to": [4, 9, 10],
			"shade": false,
			"rotation": {"angle": 0, "axis": "y", "origin": [17, 0, 0]},
			"faces": {
				"north": {"uv": [1, 4, 0.75, 5.5], "texture": "#0"},
				"east": {"uv": [1.75, 4, 1, 5.5], "texture": "#0"},
				"south": {"uv": [2, 4, 1.75, 5.5], "texture": "#0"},
				"west": {"uv": [0.75, 4, 0, 5.5], "texture": "#0"},
				"up": {"uv": [0.75, 4, 1, 2.5], "texture": "#0"},
				"down": {"uv": [1, 2.5, 1.25, 4], "texture": "#0"}
			}
		},
		{
			"from": [3, 9, 7],
			"to": [4, 15, 9],
			"shade": false,
			"rotation": {"angle": 0, "axis": "y", "origin": [17, 0, 0]},
			"faces": {
				"north": {"uv": [2.75, 5.5, 2.5, 8.5], "texture": "#0"},
				"east": {"uv": [3.25, 5.5, 2.75, 8.5], "texture": "#0"},
				"south": {"uv": [3.5, 5.5, 3.25, 8.5], "texture": "#0"},
				"west": {"uv": [2.5, 5.5, 2, 8.5], "texture": "#0"},
				"up": {"uv": [2.5, 5.5, 2.75, 4.5], "texture": "#0"},
				"down": {"uv": [2.75, 4.5, 3, 5.5], "texture": "#0"}
			}
		},
		{
			"from": [5, 11, 7],
			"to": [6, 13, 9],
			"shade": false,
			"rotation": {"angle": 0, "axis": "y", "origin": [17, 0, 0]},
			"faces": {
				"north": {"uv": [0.75, 7.5, 0.5, 8.5], "texture": "#0"},
				"east": {"uv": [1.25, 7.5, 0.75, 8.5], "texture": "#0"},
				"south": {"uv": [1.5, 7.5, 1.25, 8.5], "texture": "#0"},
				"west": {"uv": [0.5, 7.5, 0, 8.5], "texture": "#0"},
				"up": {"uv": [0.5, 7.5, 0.75, 6.5], "texture": "#0"},
				"down": {"uv": [0.75, 6.5, 1, 7.5], "texture": "#0"}
			}
		},
		{
			"from": [3, 15, 7],
			"to": [4, 18, 8],
			"shade": false,
			"rotation": {"angle": 0, "axis": "y", "origin": [17, 0, 0]},
			"faces": {
				"north": {"uv": [0.5, 10.5, 0.25, 12], "texture": "#0"},
				"east": {"uv": [0.75, 10.5, 0.5, 12], "texture": "#0"},
				"south": {"uv": [1, 10.5, 0.75, 12], "texture": "#0"},
				"west": {"uv": [0.25, 10.5, 0, 12], "texture": "#0"},
				"up": {"uv": [0.25, 10.5, 0.5, 10], "texture": "#0"},
				"down": {"uv": [0.5, 10, 0.75, 10.5], "texture": "#0"}
			}
		},
		{
			"from": [4, 13, 7],
			"to": [5, 16, 8],
			"shade": false,
			"rotation": {"angle": 0, "axis": "y", "origin": [17, 0, 0]},
			"faces": {
				"north": {"uv": [3.25, 10, 3, 11.5], "texture": "#0"},
				"east": {"uv": [3.5, 10, 3.25, 11.5], "texture": "#0"},
				"south": {"uv": [3.75, 10, 3.5, 11.5], "texture": "#0"},
				"west": {"uv": [3, 10, 2.75, 11.5], "texture": "#0"},
				"up": {"uv": [3, 10, 3.25, 9.5], "texture": "#0"},
				"down": {"uv": [3.25, 9.5, 3.5, 10], "texture": "#0"}
			}
		},
		{
			"from": [4, 13, 8],
			"to": [5, 14, 9],
			"shade": false,
			"rotation": {"angle": 0, "axis": "y", "origin": [17, 0, 0]},
			"faces": {
				"north": {"uv": [6, 6.5, 5.75, 7], "texture": "#0"},
				"east": {"uv": [6.25, 6.5, 6, 7], "texture": "#0"},
				"south": {"uv": [6.5, 6.5, 6.25, 7], "texture": "#0"},
				"west": {"uv": [5.75, 6.5, 5.5, 7], "texture": "#0"},
				"up": {"uv": [5.75, 6.5, 6, 6], "texture": "#0"},
				"down": {"uv": [6, 6, 6.25, 6.5], "texture": "#0"}
			}
		},
		{
			"from": [4, 9, 9],
			"to": [5, 13, 10],
			"shade": false,
			"rotation": {"angle": 0, "axis": "y", "origin": [17, 0, 0]},
			"faces": {
				"north": {"uv": [3.25, 10, 3, 12], "texture": "#0"},
				"east": {"uv": [3.5, 10, 3.25, 12], "texture": "#0"},
				"south": {"uv": [3.75, 10, 3.5, 12], "texture": "#0"},
				"west": {"uv": [3, 10, 2.75, 12], "texture": "#0"},
				"up": {"uv": [3, 10, 3.25, 9.5], "texture": "#0"},
				"down": {"uv": [3.25, 9.5, 3.5, 10], "texture": "#0"}
			}
		},
		{
			"from": [2, 9, 7],
			"to": [3, 10, 8],
			"shade": false,
			"rotation": {"angle": 0, "axis": "y", "origin": [17, 0, 0]},
			"faces": {
				"north": {"uv": [7.25, 3, 7, 3.5], "texture": "#0"},
				"east": {"uv": [7.5, 3, 7.25, 3.5], "texture": "#0"},
				"south": {"uv": [7.75, 3, 7.5, 3.5], "texture": "#0"},
				"west": {"uv": [7, 3, 6.75, 3.5], "texture": "#0"},
				"up": {"uv": [7, 3, 7.25, 2.5], "texture": "#0"},
				"down": {"uv": [7.25, 2.5, 7.5, 3], "texture": "#0"}
			}
		},
		{
			"from": [2, 10, 8],
			"to": [3, 11, 9],
			"shade": false,
			"rotation": {"angle": 0, "axis": "y", "origin": [17, 0, 0]},
			"faces": {
				"north": {"uv": [7.25, 1, 7, 1.5], "texture": "#0"},
				"east": {"uv": [7.5, 1, 7.25, 1.5], "texture": "#0"},
				"south": {"uv": [7.75, 1, 7.5, 1.5], "texture": "#0"},
				"west": {"uv": [7, 1, 6.75, 1.5], "texture": "#0"},
				"up": {"uv": [7, 1, 7.25, 0.5], "texture": "#0"},
				"down": {"uv": [7.25, 0.5, 7.5, 1], "texture": "#0"}
			}
		},
		{
			"from": [5, 9, 9],
			"to": [6, 11, 10],
			"shade": false,
			"rotation": {"angle": 0, "axis": "y", "origin": [17, 0, 0]},
			"faces": {
				"north": {"uv": [10.5, 1, 10.25, 2], "texture": "#0"},
				"east": {"uv": [10.75, 1, 10.5, 2], "texture": "#0"},
				"south": {"uv": [11, 1, 10.75, 2], "texture": "#0"},
				"west": {"uv": [10.25, 1, 10, 2], "texture": "#0"},
				"up": {"uv": [10.25, 1, 10.5, 0.5], "texture": "#0"},
				"down": {"uv": [10.5, 0.5, 10.75, 1], "texture": "#0"}
			}
		},
		{
			"from": [4, 6, 10],
			"to": [6, 10, 11],
			"shade": false,
			"rotation": {"angle": 0, "axis": "y", "origin": [17, 0, 0]},
			"faces": {
				"north": {"uv": [9.5, 5, 9, 7], "texture": "#0"},
				"east": {"uv": [9.75, 5, 9.5, 7], "texture": "#0"},
				"south": {"uv": [10.25, 5, 9.75, 7], "texture": "#0"},
				"west": {"uv": [9, 5, 8.75, 7], "texture": "#0"},
				"up": {"uv": [9, 5, 9.5, 4.5], "texture": "#0"},
				"down": {"uv": [9.5, 4.5, 10, 5], "texture": "#0"}
			}
		},
		{
			"from": [7, 6, 2],
			"to": [8, 7, 4],
			"shade": false,
			"rotation": {"angle": 0, "axis": "y", "origin": [17, 0, 0]},
			"faces": {
				"north": {"uv": [14, 6.5, 13.75, 7], "texture": "#0"},
				"east": {"uv": [14.5, 6.5, 14, 7], "texture": "#0"},
				"south": {"uv": [14.75, 6.5, 14.5, 7], "texture": "#0"},
				"west": {"uv": [13.75, 6.5, 13.25, 7], "texture": "#0"},
				"up": {"uv": [13.75, 6.5, 14, 5.5], "texture": "#0"},
				"down": {"uv": [14, 5.5, 14.25, 6.5], "texture": "#0"}
			}
		},
		{
			"from": [7, 5, -2],
			"to": [8, 6, 4],
			"rotation": {"angle": 0, "axis": "y", "origin": [17, 0, 0]},
			"faces": {
				"north": {"uv": [1.5, 8.5, 1.75, 9], "texture": "#0"},
				"east": {"uv": [0, 8.5, 1.5, 9], "texture": "#0"},
				"south": {"uv": [3.25, 8.5, 3.5, 9], "texture": "#0"},
				"west": {"uv": [1.75, 8.5, 3.25, 9], "texture": "#0"},
				"up": {"uv": [1.75, 8.5, 1.5, 5.5], "texture": "#0"},
				"down": {"uv": [2, 5.5, 1.75, 8.5], "texture": "#0"}
			}
		},
		{
			"from": [7, 3, -3],
			"to": [8, 5, 5],
			"shade": false,
			"rotation": {"angle": 0, "axis": "y", "origin": [17, 0, 0]},
			"faces": {
				"north": {"uv": [6.25, 4, 6, 5], "texture": "#0"},
				"east": {"uv": [8.25, 4, 6.25, 5], "texture": "#0"},
				"south": {"uv": [8.5, 4, 8.25, 5], "texture": "#0"},
				"west": {"uv": [6, 4, 4, 5], "texture": "#0"},
				"up": {"uv": [6, 4, 6.25, 0], "texture": "#0"},
				"down": {"uv": [6.25, 0, 6.5, 4], "texture": "#0"}
			}
		}
	],
	"display": {
		"thirdperson_righthand": {
			"rotation": [66, 0, 0],
			"translation": [0.25, 0, -2.5],
			"scale": [0.8, 0.8, 0.8]
		},
		"thirdperson_lefthand": {
			"rotation": [64, 0, 0],
			"translation": [1.5, 0, -2],
			"scale": [0.8, 0.8, 0.8]
		},
		"firstperson_righthand": {
			"rotation": [25, 0, 0],
			"translation": [0, 0, -30],
			"scale": [0.74, 0.74, 0.74]
		},
		"firstperson_lefthand": {
			"rotation": [19, 0, 0],
			"translation": [0, 0, -28],
			"scale": [0.78, 0.78, 0.78]
		},
		"ground": {
			"translation": [0, 3.5, 0]
		},
		"gui": {
			"rotation": [15, -149, 12],
			"translation": [0, -0.5, 0],
			"scale": [0.75, 0.75, 0.75]
		},
		"head": {
			"translation": [-0.75, 6.5, -1.5],
			"scale": [1.71, 1.7, 1.71]
		},
		"fixed": {
			"translation": [-0.5, 3.25, -5.25],
			"scale": [1.39, 1.41, 1.13]
		}
	},
	"groups": [
		{
			"name": "Center",
			"origin": [0, 0, 0],
			"color": 0,
			"children": [0, 1, 2, 3, 4, 5, 6, 7, 8, 9, 10, 11, 12, 13]
		},
		{
			"name": "Right",
			"origin": [0, 0, 0],
			"color": 0,
			"children": [14, 15, 16, 17, 18, 19, 20, 21, 22, 23, 24, 25, 26, 27, 28, 29, 30, 31, 32, 33, 34, 35, 36, 37, 38, 39, 40, 41, 42, 43, 44, 45, 46, 47, 48, 49, 50, 51, 52, 53, 54, 55, 56, 57, 58, 59, 60, 61, 62, 63]
		},
		{
			"name": "Right",
			"origin": [0, 0, 0],
			"color": 0,
			"children": [64, 65, 66, 67, 68, 69, 70, 71, 72, 73, 74, 75, 76, 77, 78, 79, 80, 81, 82, 83, 84, 85, 86, 87, 88, 89, 90, 91, 92, 93, 94, 95, 96, 97, 98, 99, 100, 101, 102, 103, 104, 105, 106, 107]
		}
	]
}