 {
	"parent": "item/generated",
	"textures": {
		"layer0": "item/copper_ingot"
	},

	"overrides": [
		{ "predicate": {"custom_model_data":4008}, "model": "item/copper_plate"},
		{ "predicate": {"custom_model_data":4019}, "model": "item/copper_heads/copper_sword_head"},
		{ "predicate": {"custom_model_data":4020}, "model": "item/copper_heads/copper_axe_head"},
		{ "predicate": {"custom_model_data":4021}, "model": "item/copper_heads/copper_shovel_head"},
		{ "predicate": {"custom_model_data":4022}, "model": "item/copper_heads/copper_pickaxe_head"},
		{ "predicate": {"custom_model_data":4023}, "model": "item/copper_heads/copper_hoe_head"},
		{ "predicate": {"custom_model_data":4024}, "model": "item/copper_heads/copper_ingot_2"},
		{ "predicate": {"custom_model_data":4025}, "model": "item/copper_heads/copper_ingot_3"}
	]
}