{
	"credit": "Made with Blockbench",
	"texture_size": [25, 31],
	"textures": {
		"0": "item/curving_knife",
		"particle": "item/curving_knife"
	},
	"elements": [
		{
			"from": [9, 10, 8],
			"to": [18, 11, 9],
			"rotation": {"angle": 0, "axis": "y", "origin": [2, 2, 0]},
			"faces": {
				"north": {"uv": [7.04, 10.36387, 12.8, 10.84774], "texture": "#0"},
				"east": {"uv": [7.04, 10.36387, 7.68, 10.84774], "texture": "#0"},
				"south": {"uv": [7.04, 10.36387, 12.8, 10.84774], "texture": "#0"},
				"west": {"uv": [7.04, 10.36387, 7.68, 10.84774], "texture": "#0"},
				"up": {"uv": [7.04, 10.36387, 12.8, 10.84774], "texture": "#0"},
				"down": {"uv": [7.04, 10.36387, 12.8, 10.84774], "texture": "#0"}
			}
		},
		{
			"from": [0, 0, 8],
			"to": [1, 1, 9],
			"faces": {
				"north": {"uv": [12.312, 4.736, 12.672, 5.096], "texture": "#0"},
				"east": {"uv": [12.312, 4.736, 12.672, 5.096], "texture": "#0"},
				"south": {"uv": [12.312, 4.736, 12.672, 5.096], "texture": "#0"},
				"west": {"uv": [12.312, 4.736, 12.672, 5.096], "texture": "#0"},
				"up": {"uv": [12.312, 4.736, 12.672, 5.096], "texture": "#0"},
				"down": {"uv": [12.312, 4.736, 12.672, 5.096], "texture": "#0"}
			}
		},
		{
			"from": [0, 1, 8],
			"to": [1, 2, 9],
			"faces": {
				"north": {"uv": [12.312, 4.736, 12.672, 5.096], "texture": "#0"},
				"east": {"uv": [12.312, 4.736, 12.672, 5.096], "texture": "#0"},
				"south": {"uv": [12.312, 4.736, 12.672, 5.096], "texture": "#0"},
				"west": {"uv": [12.312, 4.736, 12.672, 5.096], "texture": "#0"},
				"up": {"uv": [12.312, 4.736, 12.672, 5.096], "texture": "#0"},
				"down": {"uv": [12.312, 4.736, 12.672, 5.096], "texture": "#0"}
			}
		},
		{
			"from": [1, 0, 8],
			"to": [2, 1, 9],
			"faces": {
				"north": {"uv": [12.312, 4.736, 12.672, 5.096], "texture": "#0"},
				"east": {"uv": [12.312, 4.736, 12.672, 5.096], "texture": "#0"},
				"south": {"uv": [12.312, 4.736, 12.672, 5.096], "texture": "#0"},
				"west": {"uv": [12.312, 4.736, 12.672, 5.096], "texture": "#0"},
				"up": {"uv": [12.312, 4.736, 12.672, 5.096], "texture": "#0"},
				"down": {"uv": [12.312, 4.736, 12.672, 5.096], "texture": "#0"}
			}
		},
		{
			"from": [2, 1, 8],
			"to": [3, 2, 9],
			"faces": {
				"north": {"uv": [15.512, 3.712, 15.872, 4.072], "texture": "#0"},
				"east": {"uv": [15.512, 3.712, 15.872, 4.072], "texture": "#0"},
				"south": {"uv": [15.512, 3.712, 15.872, 4.072], "texture": "#0"},
				"west": {"uv": [15.512, 3.712, 15.872, 4.072], "texture": "#0"},
				"up": {"uv": [15.512, 3.712, 15.872, 4.072], "texture": "#0"},
				"down": {"uv": [15.512, 3.712, 15.872, 4.072], "texture": "#0"}
			}
		},
		{
			"from": [1, 2, 8],
			"to": [2, 3, 9],
			"faces": {
				"north": {"uv": [15.512, 3.712, 15.872, 4.072], "texture": "#0"},
				"east": {"uv": [15.512, 3.712, 15.872, 4.072], "texture": "#0"},
				"south": {"uv": [15.512, 3.712, 15.872, 4.072], "texture": "#0"},
				"west": {"uv": [15.512, 3.712, 15.872, 4.072], "texture": "#0"},
				"up": {"uv": [15.512, 3.712, 15.872, 4.072], "texture": "#0"},
				"down": {"uv": [15.512, 3.712, 15.872, 4.072], "texture": "#0"}
			}
		},
		{
			"from": [1, 1, 8],
			"to": [2, 2, 9],
			"faces": {
				"north": {"uv": [11.672, 4.736, 12.032, 5.096], "texture": "#0"},
				"east": {"uv": [11.672, 4.736, 12.032, 5.096], "texture": "#0"},
				"south": {"uv": [11.672, 4.736, 12.032, 5.096], "texture": "#0"},
				"west": {"uv": [11.672, 4.736, 12.032, 5.096], "texture": "#0"},
				"up": {"uv": [11.672, 4.736, 12.032, 5.096], "texture": "#0"},
				"down": {"uv": [11.672, 4.736, 12.032, 5.096], "texture": "#0"}
			}
		},
		{
			"from": [3, 2, 8],
			"to": [4, 3, 9],
			"faces": {
				"north": {"uv": [15.512, 3.712, 15.872, 4.072], "texture": "#0"},
				"east": {"uv": [15.512, 3.712, 15.872, 4.072], "texture": "#0"},
				"south": {"uv": [15.512, 3.712, 15.872, 4.072], "texture": "#0"},
				"west": {"uv": [15.512, 3.712, 15.872, 4.072], "texture": "#0"},
				"up": {"uv": [15.512, 3.712, 15.872, 4.072], "texture": "#0"},
				"down": {"uv": [15.512, 3.712, 15.872, 4.072], "texture": "#0"}
			}
		},
		{
			"from": [2, 3, 8],
			"to": [3, 4, 9],
			"faces": {
				"north": {"uv": [12.312, 4.736, 12.672, 5.096], "texture": "#0"},
				"east": {"uv": [12.312, 4.736, 12.672, 5.096], "texture": "#0"},
				"south": {"uv": [12.312, 4.736, 12.672, 5.096], "texture": "#0"},
				"west": {"uv": [12.312, 4.736, 12.672, 5.096], "texture": "#0"},
				"up": {"uv": [12.312, 4.736, 12.672, 5.096], "texture": "#0"},
				"down": {"uv": [12.312, 4.736, 12.672, 5.096], "texture": "#0"}
			}
		},
		{
			"from": [2, 2, 8],
			"to": [3, 3, 9],
			"faces": {
				"north": {"uv": [11.672, 4.736, 12.032, 5.096], "texture": "#0"},
				"east": {"uv": [11.672, 4.736, 12.032, 5.096], "texture": "#0"},
				"south": {"uv": [11.672, 4.736, 12.032, 5.096], "texture": "#0"},
				"west": {"uv": [11.672, 4.736, 12.032, 5.096], "texture": "#0"},
				"up": {"uv": [11.672, 4.736, 12.032, 5.096], "texture": "#0"},
				"down": {"uv": [11.672, 4.736, 12.032, 5.096], "texture": "#0"}
			}
		},
		{
			"from": [4, 3, 8],
			"to": [5, 4, 9],
			"faces": {
				"north": {"uv": [12.312, 4.736, 12.672, 5.096], "texture": "#0"},
				"east": {"uv": [12.312, 4.736, 12.672, 5.096], "texture": "#0"},
				"south": {"uv": [12.312, 4.736, 12.672, 5.096], "texture": "#0"},
				"west": {"uv": [12.312, 4.736, 12.672, 5.096], "texture": "#0"},
				"up": {"uv": [12.312, 4.736, 12.672, 5.096], "texture": "#0"},
				"down": {"uv": [12.312, 4.736, 12.672, 5.096], "texture": "#0"}
			}
		},
		{
			"from": [3, 4, 8],
			"to": [4, 5, 9],
			"faces": {
				"north": {"uv": [15.512, 3.712, 15.872, 4.072], "texture": "#0"},
				"east": {"uv": [15.512, 3.712, 15.872, 4.072], "texture": "#0"},
				"south": {"uv": [15.512, 3.712, 15.872, 4.072], "texture": "#0"},
				"west": {"uv": [15.512, 3.712, 15.872, 4.072], "texture": "#0"},
				"up": {"uv": [15.512, 3.712, 15.872, 4.072], "texture": "#0"},
				"down": {"uv": [15.512, 3.712, 15.872, 4.072], "texture": "#0"}
			}
		},
		{
			"from": [3, 3, 8],
			"to": [4, 4, 9],
			"faces": {
				"north": {"uv": [15.512, 3.712, 15.872, 4.072], "texture": "#0"},
				"east": {"uv": [15.512, 3.712, 15.872, 4.072], "texture": "#0"},
				"south": {"uv": [15.512, 3.712, 15.872, 4.072], "texture": "#0"},
				"west": {"uv": [15.512, 3.712, 15.872, 4.072], "texture": "#0"},
				"up": {"uv": [15.512, 3.712, 15.872, 4.072], "texture": "#0"},
				"down": {"uv": [15.512, 3.712, 15.872, 4.072], "texture": "#0"}
			}
		},
		{
			"from": [5, 4, 8],
			"to": [6, 5, 9],
			"faces": {
				"north": {"uv": [15.512, 3.712, 15.872, 4.072], "texture": "#0"},
				"east": {"uv": [15.512, 3.712, 15.872, 4.072], "texture": "#0"},
				"south": {"uv": [15.512, 3.712, 15.872, 4.072], "texture": "#0"},
				"west": {"uv": [15.512, 3.712, 15.872, 4.072], "texture": "#0"},
				"up": {"uv": [15.512, 3.712, 15.872, 4.072], "texture": "#0"},
				"down": {"uv": [15.512, 3.712, 15.872, 4.072], "texture": "#0"}
			}
		},
		{
			"from": [4, 5, 8],
			"to": [5, 6, 9],
			"faces": {
				"north": {"uv": [15.512, 3.712, 15.872, 4.072], "texture": "#0"},
				"east": {"uv": [15.512, 3.712, 15.872, 4.072], "texture": "#0"},
				"south": {"uv": [15.512, 3.712, 15.872, 4.072], "texture": "#0"},
				"west": {"uv": [15.512, 3.712, 15.872, 4.072], "texture": "#0"},
				"up": {"uv": [15.512, 3.712, 15.872, 4.072], "texture": "#0"},
				"down": {"uv": [15.512, 3.712, 15.872, 4.072], "texture": "#0"}
			}
		},
		{
			"from": [4, 4, 8],
			"to": [5, 5, 9],
			"faces": {
				"north": {"uv": [11.672, 4.736, 12.032, 5.096], "texture": "#0"},
				"east": {"uv": [11.672, 4.736, 12.032, 5.096], "texture": "#0"},
				"south": {"uv": [11.672, 4.736, 12.032, 5.096], "texture": "#0"},
				"west": {"uv": [11.672, 4.736, 12.032, 5.096], "texture": "#0"},
				"up": {"uv": [11.672, 4.736, 12.032, 5.096], "texture": "#0"},
				"down": {"uv": [11.672, 4.736, 12.032, 5.096], "texture": "#0"}
			}
		},
		{
			"from": [6, 5, 8],
			"to": [7, 6, 9],
			"faces": {
				"north": {"uv": [11.672, 4.736, 12.032, 5.096], "texture": "#0"},
				"east": {"uv": [11.672, 4.736, 12.032, 5.096], "texture": "#0"},
				"south": {"uv": [11.672, 4.736, 12.032, 5.096], "texture": "#0"},
				"west": {"uv": [11.672, 4.736, 12.032, 5.096], "texture": "#0"},
				"up": {"uv": [11.672, 4.736, 12.032, 5.096], "texture": "#0"},
				"down": {"uv": [11.672, 4.736, 12.032, 5.096], "texture": "#0"}
			}
		},
		{
			"from": [5, 6, 8],
			"to": [6, 7, 9],
			"faces": {
				"north": {"uv": [15.512, 3.712, 15.872, 4.072], "texture": "#0"},
				"east": {"uv": [15.512, 3.712, 15.872, 4.072], "texture": "#0"},
				"south": {"uv": [15.512, 3.712, 15.872, 4.072], "texture": "#0"},
				"west": {"uv": [15.512, 3.712, 15.872, 4.072], "texture": "#0"},
				"up": {"uv": [15.512, 3.712, 15.872, 4.072], "texture": "#0"},
				"down": {"uv": [15.512, 3.712, 15.872, 4.072], "texture": "#0"}
			}
		},
		{
			"from": [5, 5, 8],
			"to": [6, 6, 9],
			"faces": {
				"north": {"uv": [15.512, 3.712, 15.872, 4.072], "texture": "#0"},
				"east": {"uv": [15.512, 3.712, 15.872, 4.072], "texture": "#0"},
				"south": {"uv": [15.512, 3.712, 15.872, 4.072], "texture": "#0"},
				"west": {"uv": [15.512, 3.712, 15.872, 4.072], "texture": "#0"},
				"up": {"uv": [15.512, 3.712, 15.872, 4.072], "texture": "#0"},
				"down": {"uv": [15.512, 3.712, 15.872, 4.072], "texture": "#0"}
			}
		},
		{
			"from": [7, 6, 8],
			"to": [8, 7, 9],
			"faces": {
				"north": {"uv": [15.512, 3.712, 15.872, 4.072], "texture": "#0"},
				"east": {"uv": [15.512, 3.712, 15.872, 4.072], "texture": "#0"},
				"south": {"uv": [15.512, 3.712, 15.872, 4.072], "texture": "#0"},
				"west": {"uv": [15.512, 3.712, 15.872, 4.072], "texture": "#0"},
				"up": {"uv": [15.512, 3.712, 15.872, 4.072], "texture": "#0"},
				"down": {"uv": [15.512, 3.712, 15.872, 4.072], "texture": "#0"}
			}
		},
		{
			"from": [6, 7, 8],
			"to": [7, 8, 9],
			"faces": {
				"north": {"uv": [12.312, 4.736, 12.672, 5.096], "texture": "#0"},
				"east": {"uv": [12.312, 4.736, 12.672, 5.096], "texture": "#0"},
				"south": {"uv": [12.312, 4.736, 12.672, 5.096], "texture": "#0"},
				"west": {"uv": [12.312, 4.736, 12.672, 5.096], "texture": "#0"},
				"up": {"uv": [12.312, 4.736, 12.672, 5.096], "texture": "#0"},
				"down": {"uv": [12.312, 4.736, 12.672, 5.096], "texture": "#0"}
			}
		},
		{
			"from": [6, 6, 8],
			"to": [7, 7, 9],
			"faces": {
				"north": {"uv": [12.312, 4.736, 12.672, 5.096], "texture": "#0"},
				"east": {"uv": [12.312, 4.736, 12.672, 5.096], "texture": "#0"},
				"south": {"uv": [12.312, 4.736, 12.672, 5.096], "texture": "#0"},
				"west": {"uv": [12.312, 4.736, 12.672, 5.096], "texture": "#0"},
				"up": {"uv": [12.312, 4.736, 12.672, 5.096], "texture": "#0"},
				"down": {"uv": [12.312, 4.736, 12.672, 5.096], "texture": "#0"}
			}
		},
		{
			"from": [7, 8, 8],
			"to": [16, 9, 9],
			"faces": {
				"north": {"uv": [8.32, 11.39613, 14.08, 11.88], "texture": "#0"},
				"east": {"uv": [8.32, 11.39613, 8.96, 11.88], "texture": "#0"},
				"south": {"uv": [8.32, 11.39613, 14.08, 11.88], "texture": "#0"},
				"west": {"uv": [8.32, 11.39613, 8.96, 11.88], "texture": "#0"},
				"up": {"uv": [8.32, 11.39613, 14.08, 11.88], "texture": "#0"},
				"down": {"uv": [8.32, 11.39613, 14.08, 11.88], "texture": "#0"}
			}
		},
		{
			"from": [8, 9, 8],
			"to": [17, 10, 9],
			"rotation": {"angle": 0, "axis": "y", "origin": [1, 1, 0]},
			"faces": {
				"north": {"uv": [7.68, 10.88, 13.44, 11.36387], "texture": "#0"},
				"east": {"uv": [7.68, 10.88, 7.68, 11.36387], "texture": "#0"},
				"south": {"uv": [7.68, 10.88, 13.44, 11.36387], "texture": "#0"},
				"west": {"uv": [7.68, 10.88, 7.68, 11.36387], "texture": "#0"},
				"up": {"uv": [7.68, 10.88, 13.44, 11.36387], "texture": "#0"},
				"down": {"uv": [7.68, 10.88, 13.44, 11.36387], "texture": "#0"}
			}
		},
		{
			"from": [10, 11, 8],
			"to": [19, 12, 9],
			"rotation": {"angle": 0, "axis": "y", "origin": [3, 3, 0]},
			"faces": {
				"north": {"uv": [6.4, 9.84774, 12.16, 10.33161], "texture": "#0"},
				"east": {"uv": [6.4, 9.84774, 6.4, 10.33161], "texture": "#0"},
				"south": {"uv": [6.4, 9.84774, 12.16, 10.33161], "texture": "#0"},
				"west": {"uv": [6.4, 9.84774, 6.4, 10.33161], "texture": "#0"},
				"up": {"uv": [6.4, 9.84774, 12.16, 10.33161], "texture": "#0"},
				"down": {"uv": [6.4, 9.84774, 12.16, 10.33161], "texture": "#0"}
			}
		},
		{
			"from": [11, 12, 8],
			"to": [20, 13, 9],
			"rotation": {"angle": 0, "axis": "y", "origin": [4, 4, 0]},
			"faces": {
				"north": {"uv": [5.76, 9.33161, 11.52, 9.81548], "texture": "#0"},
				"east": {"uv": [5.76, 9.33161, 6.4, 9.81548], "texture": "#0"},
				"south": {"uv": [5.76, 9.33161, 11.52, 9.81548], "texture": "#0"},
				"west": {"uv": [5.76, 9.33161, 6.4, 9.81548], "texture": "#0"},
				"up": {"uv": [5.76, 9.33161, 11.52, 9.81548], "texture": "#0"},
				"down": {"uv": [5.76, 9.33161, 11.52, 9.81548], "texture": "#0"}
			}
		},
		{
			"from": [12, 13, 8],
			"to": [21, 14, 9],
			"rotation": {"angle": 0, "axis": "y", "origin": [5, 5, 0]},
			"faces": {
				"north": {"uv": [5.12, 8.81548, 10.88, 9.29935], "texture": "#0"},
				"east": {"uv": [5.12, 8.81548, 5.12, 9.29935], "texture": "#0"},
				"south": {"uv": [5.12, 8.81548, 10.88, 9.29935], "texture": "#0"},
				"west": {"uv": [5.12, 8.81548, 5.12, 9.29935], "texture": "#0"},
				"up": {"uv": [5.12, 8.81548, 10.88, 9.29935], "texture": "#0"},
				"down": {"uv": [5.12, 8.81548, 10.88, 9.29935], "texture": "#0"}
			}
		},
		{
			"from": [13, 14, 8],
			"to": [22, 15, 9],
			"rotation": {"angle": 0, "axis": "y", "origin": [6, 6, 0]},
			"faces": {
				"north": {"uv": [4.48, 8.29935, 10.24, 8.78323], "texture": "#0"},
				"east": {"uv": [4.48, 8.29935, 4.48, 8.78323], "texture": "#0"},
				"south": {"uv": [4.48, 8.29935, 10.24, 8.78323], "texture": "#0"},
				"west": {"uv": [4.48, 8.29935, 4.48, 8.78323], "texture": "#0"},
				"up": {"uv": [4.48, 8.29935, 10.24, 8.78323], "texture": "#0"},
				"down": {"uv": [4.48, 8.29935, 10.24, 8.78323], "texture": "#0"}
			}
		},
		{
			"from": [7, 7, 8],
			"to": [15, 8, 9],
			"rotation": {"angle": 0, "axis": "y", "origin": [-1, 0, 0]},
			"faces": {
				"north": {"uv": [10.24, 12.42839, 15.36, 12.91226], "texture": "#0"},
				"east": {"uv": [10.24, 12.42839, 10.88, 12.91226], "texture": "#0"},
				"south": {"uv": [10.24, 12.42839, 15.36, 12.91226], "texture": "#0"},
				"west": {"uv": [10.24, 12.42839, 15.36, 12.91226], "texture": "#0"},
				"up": {"uv": [10.24, 12.42839, 15.36, 12.91226], "texture": "#0"},
				"down": {"uv": [10.24, 12.42839, 15.36, 12.91226], "texture": "#0"}
			}
		},
		{
			"from": [14, 15, 8],
			"to": [21, 16, 9],
			"rotation": {"angle": 0, "axis": "y", "origin": [6, 8, 0]},
			"faces": {
				"north": {"uv": [0.64, 10.36387, 5.12, 10.84774], "texture": "#0"},
				"east": {"uv": [0.64, 10.36387, 1.28, 10.84774], "texture": "#0"},
				"south": {"uv": [0.64, 10.36387, 5.12, 10.84774], "texture": "#0"},
				"west": {"uv": [0.64, 10.36387, 1.28, 10.84774], "texture": "#0"},
				"up": {"uv": [0.64, 10.36387, 5.12, 10.84774], "texture": "#0"},
				"down": {"uv": [0.64, 10.36387, 5.12, 10.84774], "texture": "#0"}
			}
		},
		{
			"from": [8, 6, 8],
			"to": [14, 7, 9],
			"rotation": {"angle": 0, "axis": "y", "origin": [0, -1, 0]},
			"faces": {
				"north": {"uv": [2.56, 12.42839, 6.4, 12.91226], "texture": "#0"},
				"east": {"uv": [2.56, 12.42839, 3.2, 12.91226], "texture": "#0"},
				"south": {"uv": [2.56, 12.42839, 6.4, 12.91226], "texture": "#0"},
				"west": {"uv": [2.56, 12.42839, 6.4, 12.91226], "texture": "#0"},
				"up": {"uv": [2.56, 12.42839, 6.4, 12.91226], "texture": "#0"},
				"down": {"uv": [2.56, 12.42839, 6.4, 12.91226], "texture": "#0"}
			}
		},
		{
			"from": [10, 4, 8],
			"to": [12, 5, 9],
			"rotation": {"angle": 0, "axis": "y", "origin": [2, -3, 0]},
			"faces": {
				"north": {"uv": [1.92, 11.39613, 3.2, 11.88], "texture": "#0"},
				"east": {"uv": [1.92, 11.91226, 2.56, 12.39613], "texture": "#0"},
				"south": {"uv": [1.92, 11.39613, 3.2, 11.88], "texture": "#0"},
				"west": {"uv": [1.92, 11.39613, 3.2, 11.88], "texture": "#0"},
				"up": {"uv": [1.92, 11.39613, 3.2, 11.88], "texture": "#0"},
				"down": {"uv": [1.92, 11.39613, 3.2, 11.88], "texture": "#0"}
			}
		},
		{
			"from": [17, 18, 8],
			"to": [18, 19, 9],
			"rotation": {"angle": 0, "axis": "y", "origin": [9, 11, 0]},
			"faces": {
				"north": {"uv": [1.92, 11.39613, 2.56, 11.88], "texture": "#0"},
				"east": {"uv": [1.92, 11.91226, 2.56, 12.39613], "texture": "#0"},
				"south": {"uv": [1.92, 11.39613, 2.56, 11.88], "texture": "#0"},
				"west": {"uv": [1.92, 11.39613, 2.56, 11.88], "texture": "#0"},
				"up": {"uv": [1.92, 11.39613, 2.56, 11.88], "texture": "#0"},
				"down": {"uv": [1.92, 11.39613, 2.56, 11.88], "texture": "#0"}
			}
		},
		{
			"from": [9, 5, 8],
			"to": [13, 6, 9],
			"rotation": {"angle": 0, "axis": "y", "origin": [1, -2, 0]},
			"faces": {
				"north": {"uv": [1.92, 11.91226, 4.48, 12.39613], "texture": "#0"},
				"east": {"uv": [1.92, 11.91226, 2.56, 12.39613], "texture": "#0"},
				"south": {"uv": [1.92, 11.91226, 4.48, 12.39613], "texture": "#0"},
				"west": {"uv": [1.92, 11.91226, 4.48, 12.39613], "texture": "#0"},
				"up": {"uv": [1.92, 11.91226, 4.48, 12.39613], "texture": "#0"},
				"down": {"uv": [1.92, 11.91226, 4.48, 12.39613], "texture": "#0"}
			}
		},
		{
			"from": [16, 17, 8],
			"to": [19, 18, 9],
			"rotation": {"angle": 0, "axis": "y", "origin": [8, 10, 0]},
			"faces": {
				"north": {"uv": [1.92, 11.91226, 3.84, 12.39613], "texture": "#0"},
				"east": {"uv": [1.92, 11.91226, 2.56, 12.39613], "texture": "#0"},
				"south": {"uv": [1.92, 11.91226, 3.84, 12.39613], "texture": "#0"},
				"west": {"uv": [1.92, 11.91226, 2.56, 12.39613], "texture": "#0"},
				"up": {"uv": [1.92, 11.91226, 3.84, 12.39613], "texture": "#0"},
				"down": {"uv": [1.92, 11.91226, 3.84, 12.39613], "texture": "#0"}
			}
		},
		{
			"from": [15, 16, 8],
			"to": [20, 17, 9],
			"rotation": {"angle": 0, "axis": "y", "origin": [7, 9, 0]},
			"faces": {
				"north": {"uv": [2.56, 12.42839, 5.76, 12.91226], "texture": "#0"},
				"east": {"uv": [2.56, 12.42839, 3.2, 12.91226], "texture": "#0"},
				"south": {"uv": [2.56, 12.42839, 5.76, 12.91226], "texture": "#0"},
				"west": {"uv": [2.56, 12.42839, 3.2, 12.91226], "texture": "#0"},
				"up": {"uv": [2.56, 12.42839, 5.76, 12.91226], "texture": "#0"},
				"down": {"uv": [2.56, 12.42839, 5.76, 12.91226], "texture": "#0"}
			}
		}
	],
	"display": {
		"thirdperson_righthand": {
			"rotation": [0, 90, 49],
			"translation": [-0.5, 4.5, 2]
		},
		"fixed": {
			"translation": [-3.25, -2, -1.75],
			"scale": [1.61, 1.61, 1.61]
		}
	},
	"groups": [
		{
			"name": "group",
			"origin": [7, 9, 0],
			"color": 0,
			"children": [0, 1, 2, 3, 4, 5, 6, 7, 8, 9, 10, 11, 12, 13, 14, 15, 16, 17, 18, 19, 20, 21, 22, 23, 24, 25, 26, 27, 28, 29, 30, 31, 32, 33, 34, 35]
		}
	]
}