{
	"parent": "item/generated",
	"textures": {
		"layer0": "item/diamond"
	},
	"overrides": [
		{ "predicate": {"custom_model_data":4008}, "model": "item/diamond_dust"},
		{ "predicate": {"custom_model_data":4015}, "model": "item/fake_armor/raw_diamond_helmet"},
		{ "predicate": {"custom_model_data":4017}, "model": "item/fake_armor/raw_diamond_leggings"},
		{ "predicate": {"custom_model_data":4018}, "model": "item/fake_armor/raw_diamond_boots"},
		{ "predicate": {"custom_model_data":4019}, "model": "item/fake_armor/raw_diamond_chestplate"},
		{ "predicate": {"custom_model_data":4020}, "model": "item/fake_weapon/axe"},
		{ "predicate": {"custom_model_data":4021}, "model": "item/fake_weapon/hoe"},
		{ "predicate": {"custom_model_data":4022}, "model": "item/fake_weapon/pickaxe"},
		{ "predicate": {"custom_model_data":4023}, "model": "item/fake_weapon/shovel"},
		{ "predicate": {"custom_model_data":4024}, "model": "item/fake_weapon/sword"}
	]
}