{
	"parent": "minecraft:item/generated",
	"textures": {
		"layer0": "minecraft:item/gold_ingot"
	},
	
	"overrides": [
		{ "predicate": {"custom_model_data":4008}, "model": "item/gold_plate"},
		{ "predicate": {"custom_model_data":4015}, "model": "item/fake_armor/fake_golden_helmet"},
		{ "predicate": {"custom_model_data":4016}, "model": "item/fake_armor/fake_golden_chestplate"},
		{ "predicate": {"custom_model_data":4017}, "model": "item/fake_armor/fake_golden_leggings"},
		{ "predicate": {"custom_model_data":4018}, "model": "item/fake_armor/fake_golden_boots"},
		{ "predicate": {"custom_model_data":4019}, "model": "item/gold_heads/gold_sword_head"},
		{ "predicate": {"custom_model_data":4020}, "model": "item/gold_heads/gold_axe_head"},
		{ "predicate": {"custom_model_data":4021}, "model": "item/gold_heads/gold_shovel_head"},
		{ "predicate": {"custom_model_data":4022}, "model": "item/gold_heads/gold_pickaxe_head"},
		{ "predicate": {"custom_model_data":4023}, "model": "item/gold_heads/gold_hoe_head"},
		{ "predicate": {"custom_model_data":4024}, "model": "item/gold_heads/gold_ingot_2"},
		{ "predicate": {"custom_model_data":4025}, "model": "item/gold_heads/gold_ingot_3"}
	]
}