{
	"credit": "Made with Blockbench",
	"parent": "book",
	"texture_size": [64, 32],
	"textures": {
		"0": "item/golem_armor_layer_1",
		"particle": "item/golem_armor_layer_1"
	},
	"elements": [
		{
			"from": [0, 0, 0],
			"to": [32, 32, 32],
			"faces": {
				"north": {"uv": [10, 4, 12, 8], "texture": "#0"},
				"east": {"uv": [8, 4, 10, 8], "texture": "#0"},
				"south": {"uv": [12, 0, 14, 4], "texture": "#0"},
				"west": {"uv": [12, 4, 14, 8], "texture": "#0"},
				"up": {"uv": [10, 0, 12, 4], "texture": "#0"},
				"down": {"uv": [14, 4, 16, 8], "texture": "#0"}
			}
		},
		{
			"name": "cube inverted",
			"from": [28, 28, 2],
			"to": [4, 4, 0],
			"faces": {
				"north": {"uv": [2, 8, 4, 4], "texture": "#0"},
				"east": {"uv": [10, 3.5, 10.25, 0], "texture": "#0"},
				"south": {"uv": [2, 8, 4, 4], "texture": "#0"},
				"west": {"uv": [11.75, 3.5, 12, 0], "texture": "#0"},
				"up": {"uv": [12, 3, 10, 3.5], "texture": "#0"},
				"down": {"uv": [12, 0, 10, 0.5], "texture": "#0"}
			}
		},
		{
			"name": "cube inverted",
			"from": [20, 20, 2],
			"to": [12, 12, 0],
			"faces": {
				"north": {"uv": [1, 3, 1.5, 2], "texture": "#0"},
				"east": {"uv": [2.75, 5.5, 3.25, 5], "texture": "#0"},
				"south": {"uv": [0, 2.5, 1.5, 0], "texture": "#0"},
				"west": {"uv": [2.5, 6.5, 2.75, 5.5], "texture": "#0"},
				"up": {"uv": [3.5, 5.5, 3.25, 6.5], "texture": "#0"},
				"down": {"uv": [3.25, 6.5, 2.75, 7], "texture": "#0"}
			}
		},
		{
			"name": "cube inverted inverted",
			"from": [8, 8, 0],
			"to": [24, 24, 3],
			"faces": {
				"north": {"uv": [0, 0, 1.5, 2.5], "texture": "#0"},
				"east": {"uv": [2.5, 5.5, 2.75, 6.5], "texture": "#0"},
				"south": {"uv": [0.5, 1.5, 1, 2.5], "texture": "#0"},
				"west": {"uv": [2.75, 5, 3.25, 5.5], "texture": "#0"},
				"up": {"uv": [2.75, 6.5, 3.25, 7], "texture": "#0"},
				"down": {"uv": [3.25, 5.5, 3.5, 6.5], "texture": "#0"}
			}
		}
	],
	"display": {
		"thirdperson_righthand": {
			"scale": [0.19, 0.18, 0.14]
		},
		"ground": {
			"scale": [0.1, 0.11, 0.13]
		},
		"gui": {
			"rotation": [21, -180, -15],
			"translation": [2.75, -2.5, 0],
			"scale": [0.32, 0.33, 0.32]
		},
		"head": {
			"translation": [-32, 25.5, -31.25],
			"scale": [4, 4, 4]
		},
		"fixed": {
			"translation": [-16.25, -16, -30],
			"scale": [4, 4, 4]
		}
	}
}