{
	"credit": "Made with Blockbench",
	"texture_size": [32, 32],
	"textures": {
		"0": "item/hookah_bottom",
		"1": "item/hookah_top",
		"2": "item/races_shard",
		"particle": "item/hookah_bottom"
	},
	"elements": [
		{
			"from": [6.5, 1, 11.5],
			"to": [9.5, 4, 12.5],
			"rotation": {"angle": 0, "axis": "y", "origin": [0.5, -1, 0.5]},
			"faces": {
				"north": {"uv": [0, 0, 1.5, 1.5], "texture": "#0"},
				"east": {"uv": [1, 0, 1.5, 1.5], "texture": "#0"},
				"south": {"uv": [0, 1.5, 1.5, 3], "texture": "#0"},
				"west": {"uv": [0, 0, 0.5, 1.5], "texture": "#0"},
				"up": {"uv": [0, 0, 1.5, 0.5], "texture": "#0"},
				"down": {"uv": [0, 1, 1.5, 1.5], "texture": "#0"}
			}
		},
		{
			"from": [5.5, 1, 5.5],
			"to": [10.5, 3, 10.5],
			"rotation": {"angle": 0, "axis": "y", "origin": [0.5, -1, 0.5]},
			"faces": {
				"north": {"uv": [6, 11.5, 8.5, 12.5], "texture": "#2"},
				"east": {"uv": [6, 11.5, 8.5, 12.5], "texture": "#2"},
				"south": {"uv": [6, 11.5, 8.5, 12.5], "texture": "#2"},
				"west": {"uv": [6, 11.5, 8.5, 12.5], "texture": "#2"},
				"up": {"uv": [9.5, 11, 12, 13.5], "texture": "#2"},
				"down": {"uv": [6, 11.5, 8.5, 12.5], "texture": "#2"}
			}
		},
		{
			"from": [6.5, 1, 3.5],
			"to": [9.5, 4, 4.5],
			"rotation": {"angle": 0, "axis": "y", "origin": [0.5, -1, 0.5]},
			"faces": {
				"north": {"uv": [0, 1.5, 1.5, 3], "texture": "#0"},
				"east": {"uv": [0, 0, 0.5, 1.5], "texture": "#0"},
				"south": {"uv": [0, 0, 1.5, 1.5], "texture": "#0"},
				"west": {"uv": [1, 0, 1.5, 1.5], "texture": "#0"},
				"up": {"uv": [0, 0, 1.5, 0.5], "texture": "#0"},
				"down": {"uv": [0, 1, 1.5, 1.5], "texture": "#0"}
			}
		},
		{
			"from": [3.5, 1, 6.5],
			"to": [4.5, 4, 9.5],
			"rotation": {"angle": 0, "axis": "y", "origin": [0.5, -1, 0.5]},
			"faces": {
				"north": {"uv": [0, 0, 0.5, 1.5], "texture": "#0"},
				"east": {"uv": [0, 0, 1.5, 1.5], "texture": "#0"},
				"south": {"uv": [1, 0, 1.5, 1.5], "texture": "#0"},
				"west": {"uv": [0, 1.5, 1.5, 3], "texture": "#0"},
				"up": {"uv": [0, 0, 1.5, 0.5], "rotation": 270, "texture": "#0"},
				"down": {"uv": [0, 1, 1.5, 1.5], "rotation": 90, "texture": "#0"}
			}
		},
		{
			"from": [11.5, 1, 6.5],
			"to": [12.5, 4, 9.5],
			"rotation": {"angle": 0, "axis": "y", "origin": [0.5, -1, 0.5]},
			"faces": {
				"north": {"uv": [2.5, 1.5, 3, 3], "texture": "#0"},
				"east": {"uv": [0, 1.5, 1.5, 3], "texture": "#0"},
				"south": {"uv": [2.5, 1.5, 3, 3], "texture": "#0"},
				"west": {"uv": [2.5, 1.5, 4, 2], "texture": "#0"},
				"up": {"uv": [2.5, 1.5, 4, 2], "rotation": 270, "texture": "#0"},
				"down": {"uv": [2.5, 1.5, 4, 2], "rotation": 90, "texture": "#0"}
			}
		},
		{
			"from": [6.5, 6, 7.5],
			"to": [7.5, 13, 8.5],
			"rotation": {"angle": 0, "axis": "y", "origin": [0.5, -1, 0.5]},
			"faces": {
				"north": {"uv": [0, 0, 0.5, 3.5], "texture": "#0"},
				"east": {"uv": [0, 0, 0.5, 3.5], "texture": "#0"},
				"south": {"uv": [0, 0, 0.5, 3.5], "texture": "#0"},
				"west": {"uv": [0, 0, 0.5, 3.5], "texture": "#0"},
				"up": {"uv": [0, 0, 0.5, 3.5], "texture": "#0"},
				"down": {"uv": [0, 0, 0.5, 3.5], "texture": "#0"}
			}
		},
		{
			"from": [8.5, 6, 7.5],
			"to": [9.5, 13, 8.5],
			"rotation": {"angle": 0, "axis": "y", "origin": [0.5, -1, 0.5]},
			"faces": {
				"north": {"uv": [0, 0, 0.5, 3.5], "texture": "#0"},
				"east": {"uv": [0, 0, 0.5, 3.5], "texture": "#0"},
				"south": {"uv": [0, 0, 0.5, 3.5], "texture": "#0"},
				"west": {"uv": [0, 0, 0.5, 3.5], "texture": "#0"},
				"up": {"uv": [0, 0, 0.5, 3.5], "texture": "#0"},
				"down": {"uv": [0, 0, 0.5, 3.5], "texture": "#0"}
			}
		},
		{
			"from": [7.5, 6, 6.5],
			"to": [8.5, 13, 7.5],
			"rotation": {"angle": 0, "axis": "y", "origin": [0.5, -1, 0.5]},
			"faces": {
				"north": {"uv": [0, 0, 0.5, 3.5], "texture": "#0"},
				"east": {"uv": [0, 0, 0.5, 3.5], "texture": "#0"},
				"south": {"uv": [0, 0, 0.5, 3.5], "texture": "#0"},
				"west": {"uv": [0, 0, 0.5, 3.5], "texture": "#0"},
				"up": {"uv": [0, 0, 0.5, 3.5], "texture": "#0"},
				"down": {"uv": [0, 0, 0.5, 3.5], "texture": "#0"}
			}
		},
		{
			"from": [7.5, 6, 8.5],
			"to": [8.5, 13, 9.5],
			"rotation": {"angle": 0, "axis": "y", "origin": [0.5, -1, 0.5]},
			"faces": {
				"north": {"uv": [0, 0, 0.5, 3.5], "texture": "#0"},
				"east": {"uv": [0, 0, 0.5, 3.5], "texture": "#0"},
				"south": {"uv": [0, 0, 0.5, 3.5], "texture": "#0"},
				"west": {"uv": [0, 0, 0.5, 3.5], "texture": "#0"},
				"up": {"uv": [0, 0, 0.5, 3.5], "texture": "#0"},
				"down": {"uv": [0, 0, 0.5, 3.5], "texture": "#0"}
			}
		},
		{
			"from": [5.5, 14, 7.5],
			"to": [6.5, 15, 8.5],
			"rotation": {"angle": 0, "axis": "y", "origin": [0.5, -1, 0.5]},
			"faces": {
				"north": {"uv": [1, 5, 1.5, 5.5], "texture": "#1"},
				"east": {"uv": [1, 5, 1.5, 5.5], "texture": "#1"},
				"south": {"uv": [1, 5, 1.5, 5.5], "texture": "#1"},
				"west": {"uv": [1, 5, 1.5, 5.5], "texture": "#1"},
				"up": {"uv": [1, 5, 1.5, 5.5], "texture": "#1"},
				"down": {"uv": [1, 5, 1.5, 5.5], "texture": "#1"}
			}
		},
		{
			"from": [0.5, 19, 7.5],
			"to": [2.5, 20, 8.5],
			"rotation": {"angle": 0, "axis": "y", "origin": [0.5, -1, 0.5]},
			"faces": {
				"north": {"uv": [0, 3.5, 1, 4], "texture": "#1"},
				"east": {"uv": [0.5, 5, 0, 5.5], "texture": "#1"},
				"south": {"uv": [0, 3.5, 1, 4], "texture": "#1"},
				"west": {"uv": [1.5, 4, 2, 4.5], "texture": "#1"},
				"up": {"uv": [0, 3.5, 1, 4], "texture": "#1"},
				"down": {"uv": [0, 3.5, 1, 4], "texture": "#1"}
			}
		},
		{
			"from": [7.5, 15, 6.5],
			"to": [8.5, 16, 7.5],
			"rotation": {"angle": 0, "axis": "y", "origin": [0.5, -1, 0.5]},
			"faces": {
				"north": {"uv": [7.5, 13.5, 8, 14], "texture": "#1"},
				"east": {"uv": [7.5, 13.5, 8, 14], "texture": "#1"},
				"south": {"uv": [7.5, 13.5, 8, 14], "texture": "#1"},
				"west": {"uv": [7.5, 13.5, 8, 14], "texture": "#1"},
				"up": {"uv": [7.5, 13.5, 8, 14], "texture": "#1"},
				"down": {"uv": [7.5, 13.5, 8, 14], "texture": "#1"}
			}
		},
		{
			"from": [7.5, 15, 8.5],
			"to": [8.5, 16, 9.5],
			"rotation": {"angle": 0, "axis": "y", "origin": [0.5, -1, 0.5]},
			"faces": {
				"north": {"uv": [7.5, 13.5, 8, 14], "texture": "#1"},
				"east": {"uv": [7.5, 13.5, 8, 14], "texture": "#1"},
				"south": {"uv": [7.5, 13.5, 8, 14], "texture": "#1"},
				"west": {"uv": [7.5, 13.5, 8, 14], "texture": "#1"},
				"up": {"uv": [7.5, 13.5, 8, 14], "texture": "#1"},
				"down": {"uv": [7.5, 13.5, 8, 14], "texture": "#1"}
			}
		},
		{
			"from": [7.5, 2, 7.5],
			"to": [8.5, 17, 8.5],
			"rotation": {"angle": 0, "axis": "y", "origin": [0.5, -1, 0.5]},
			"faces": {
				"north": {"uv": [0.5, 10, 1, 16], "texture": "#1"},
				"east": {"uv": [0.5, 10, 1, 16], "texture": "#1"},
				"south": {"uv": [0.5, 10, 1, 16], "texture": "#1"},
				"west": {"uv": [0.5, 10, 1, 16], "texture": "#1"},
				"up": {"uv": [0.64, 8, 1.64, 10], "texture": "#1"},
				"down": {"uv": [9.6, 8, 10.6, 10], "texture": "#1"}
			}
		},
		{
			"from": [7.5, 17, 7.5],
			"to": [8.5, 25, 8.5],
			"rotation": {"angle": 0, "axis": "y", "origin": [0.5, -1, 0.5]},
			"faces": {
				"north": {"uv": [7, 12.5, 7.5, 16], "texture": "#1"},
				"east": {"uv": [7, 12.5, 7.5, 16], "texture": "#1"},
				"south": {"uv": [7, 12.5, 7.5, 16], "texture": "#1"},
				"west": {"uv": [7, 12.5, 7.5, 16], "texture": "#1"},
				"up": {"uv": [0.64, 8, 1.64, 10], "texture": "#1"},
				"down": {"uv": [9.6, 8, 10.6, 10], "texture": "#1"}
			}
		},
		{
			"from": [6.5, 18, 6.5],
			"to": [9.5, 19, 9.5],
			"rotation": {"angle": 0, "axis": "y", "origin": [0.5, -1, 0.5]},
			"faces": {
				"north": {"uv": [3.5, 11, 5, 11.5], "texture": "#1"},
				"east": {"uv": [3.5, 11, 5, 11.5], "texture": "#1"},
				"south": {"uv": [3.5, 11, 5, 11.5], "texture": "#1"},
				"west": {"uv": [3.5, 11, 5, 11.5], "texture": "#1"},
				"up": {"uv": [3.5, 11, 5, 11.5], "texture": "#1"},
				"down": {"uv": [3.5, 11, 5, 11.5], "texture": "#1"}
			}
		},
		{
			"from": [7.5, 24, 7.5],
			"to": [8.5, 25, 8.5],
			"rotation": {"angle": 0, "axis": "y", "origin": [0.5, -1, 0.5]},
			"faces": {
				"north": {"uv": [4.48, 8, 5.48, 10], "texture": "#1"},
				"east": {"uv": [4.48, 8, 5.48, 10], "texture": "#1"},
				"south": {"uv": [4.48, 8, 5.48, 10], "texture": "#1"},
				"west": {"uv": [4.48, 8, 5.48, 10], "texture": "#1"},
				"up": {"uv": [0.64, 8, 1.64, 10], "texture": "#1"},
				"down": {"uv": [9.6, 8, 10.6, 10], "texture": "#1"}
			}
		},
		{
			"from": [6, 25.125, 9.5],
			"to": [10, 25.625, 10.5],
			"rotation": {"angle": 0, "axis": "y", "origin": [8, 0, 8]},
			"faces": {
				"north": {"uv": [0.98, 9, 4.98, 10], "texture": "#1"},
				"east": {"uv": [0, 15.5, 0.5, 16], "texture": "#1"},
				"south": {"uv": [0, 15.5, 0.5, 16], "texture": "#1"},
				"west": {"uv": [0, 15.5, 0.5, 16], "texture": "#1"},
				"up": {"uv": [0, 8, 0.5, 10], "rotation": 270, "texture": "#1"},
				"down": {"uv": [0, 8, 0.5, 10], "rotation": 90, "texture": "#1"}
			}
		},
		{
			"from": [7, 25.1, 9],
			"to": [9, 26.1, 9.5],
			"rotation": {"angle": 0, "axis": "y", "origin": [8, 0, 8]},
			"faces": {
				"north": {"uv": [0, 7.5, 1.5, 8], "texture": "#1"},
				"east": {"uv": [0, 7.5, 0.5, 8.5], "texture": "#1"},
				"south": {"uv": [0, 7.5, 1.5, 8], "texture": "#1"},
				"west": {"uv": [0, 7.5, 0.5, 8.5], "texture": "#1"},
				"up": {"uv": [1.5, 7.5, 3, 8], "texture": "#1"},
				"down": {"uv": [4.5, 8, 7.5, 9], "texture": "#1"}
			}
		},
		{
			"from": [7.7, 26.1, 6.5],
			"to": [8.2, 27.1, 7],
			"rotation": {"angle": 0, "axis": "x", "origin": [7.95, 26.6, 6.75]},
			"faces": {
				"north": {"uv": [3, 1, 3.5, 1.5], "texture": "#1"},
				"east": {"uv": [3, 1, 3.5, 1.5], "texture": "#1"},
				"south": {"uv": [3, 1, 3.5, 1.5], "texture": "#1"},
				"west": {"uv": [3, 1, 3.5, 1.5], "texture": "#1"},
				"up": {"uv": [3, 1, 3.5, 1.5], "texture": "#1"},
				"down": {"uv": [3, 1, 3.5, 1.5], "texture": "#1"}
			}
		},
		{
			"from": [7.7, 26.1, 9],
			"to": [8.2, 27.1, 9.5],
			"rotation": {"angle": 0, "axis": "x", "origin": [7.95, 26.6, 6.75]},
			"faces": {
				"north": {"uv": [3, 1, 3.5, 1.5], "texture": "#1"},
				"east": {"uv": [3, 1, 3.5, 1.5], "texture": "#1"},
				"south": {"uv": [3, 1, 3.5, 1.5], "texture": "#1"},
				"west": {"uv": [3, 1, 3.5, 1.5], "texture": "#1"},
				"up": {"uv": [3, 1, 3.5, 1.5], "texture": "#1"},
				"down": {"uv": [3, 1, 3.5, 1.5], "texture": "#1"}
			}
		},
		{
			"from": [9, 26.1, 7.7],
			"to": [9.5, 27.1, 8.2],
			"rotation": {"angle": 0, "axis": "x", "origin": [7.75, 26.6, 6.75]},
			"faces": {
				"north": {"uv": [3, 1, 3.5, 1.5], "texture": "#1"},
				"east": {"uv": [3, 1, 3.5, 1.5], "texture": "#1"},
				"south": {"uv": [3, 1, 3.5, 1.5], "texture": "#1"},
				"west": {"uv": [3, 1, 3.5, 1.5], "texture": "#1"},
				"up": {"uv": [3, 1, 3.5, 1.5], "texture": "#1"},
				"down": {"uv": [3, 1, 3.5, 1.5], "texture": "#1"}
			}
		},
		{
			"from": [6.5, 26.1, 7.7],
			"to": [7, 27.1, 8.2],
			"rotation": {"angle": 0, "axis": "x", "origin": [7.75, 26.6, 6.75]},
			"faces": {
				"north": {"uv": [3, 1, 3.5, 1.5], "texture": "#1"},
				"east": {"uv": [3, 1, 3.5, 1.5], "texture": "#1"},
				"south": {"uv": [3, 1, 3.5, 1.5], "texture": "#1"},
				"west": {"uv": [3, 1, 3.5, 1.5], "texture": "#1"},
				"up": {"uv": [3, 1, 3.5, 1.5], "texture": "#1"},
				"down": {"uv": [3, 1, 3.5, 1.5], "texture": "#1"}
			}
		},
		{
			"from": [7.7, 26.95, 6.325],
			"to": [8.2, 27.65, 6.825],
			"rotation": {"angle": 22.5, "axis": "x", "origin": [7.95, 26.6, 6.75]},
			"faces": {
				"north": {"uv": [3, 1, 3.5, 1.5], "texture": "#1"},
				"east": {"uv": [3, 1, 3.5, 1.5], "texture": "#1"},
				"south": {"uv": [3, 1, 3.5, 1.5], "texture": "#1"},
				"west": {"uv": [3, 1, 3.5, 1.5], "texture": "#1"},
				"up": {"uv": [3, 1, 3.5, 1.5], "texture": "#1"},
				"down": {"uv": [3, 1, 3.5, 1.5], "texture": "#1"}
			}
		},
		{
			"from": [8.85, 27.025, 7.7],
			"to": [9.35, 27.725, 8.2],
			"rotation": {"angle": 22.5, "axis": "z", "origin": [9.25, 27.45, 7.95]},
			"faces": {
				"north": {"uv": [3, 1, 3.5, 1.5], "texture": "#1"},
				"east": {"uv": [3, 1, 3.5, 1.5], "texture": "#1"},
				"south": {"uv": [3, 1, 3.5, 1.5], "texture": "#1"},
				"west": {"uv": [3, 1, 3.5, 1.5], "texture": "#1"},
				"up": {"uv": [3, 1, 3.5, 1.5], "texture": "#1"},
				"down": {"uv": [3, 1, 3.5, 1.5], "texture": "#1"}
			}
		},
		{
			"from": [7.7, 27.025, 8.85],
			"to": [8.2, 27.725, 9.35],
			"rotation": {"angle": -22.5, "axis": "x", "origin": [7.95, 27.45, 9.25]},
			"faces": {
				"north": {"uv": [3, 1, 3.5, 1.5], "texture": "#1"},
				"east": {"uv": [3, 1, 3.5, 1.5], "texture": "#1"},
				"south": {"uv": [3, 1, 3.5, 1.5], "texture": "#1"},
				"west": {"uv": [3, 1, 3.5, 1.5], "texture": "#1"},
				"up": {"uv": [3, 1, 3.5, 1.5], "texture": "#1"},
				"down": {"uv": [3, 1, 3.5, 1.5], "texture": "#1"}
			}
		},
		{
			"from": [6.65, 27.025, 7.7],
			"to": [7.15, 27.725, 8.2],
			"rotation": {"angle": -22.5, "axis": "z", "origin": [6.75, 27.45, 7.95]},
			"faces": {
				"north": {"uv": [3, 1, 3.5, 1.5], "texture": "#1"},
				"east": {"uv": [3, 1, 3.5, 1.5], "texture": "#1"},
				"south": {"uv": [3, 1, 3.5, 1.5], "texture": "#1"},
				"west": {"uv": [3, 1, 3.5, 1.5], "texture": "#1"},
				"up": {"uv": [3, 1, 3.5, 1.5], "texture": "#1"},
				"down": {"uv": [3, 1, 3.5, 1.5], "texture": "#1"}
			}
		},
		{
			"from": [6.5, 15, 7.5],
			"to": [7.5, 16, 8.5],
			"rotation": {"angle": 0, "axis": "y", "origin": [0.5, -1, 0.5]},
			"faces": {
				"north": {"uv": [7.5, 13.5, 8, 14], "texture": "#1"},
				"east": {"uv": [7.5, 13.5, 8, 14], "texture": "#1"},
				"south": {"uv": [7.5, 13.5, 8, 14], "texture": "#1"},
				"west": {"uv": [7.5, 13.5, 8, 14], "texture": "#1"},
				"up": {"uv": [7.5, 13.5, 8, 14], "texture": "#1"},
				"down": {"uv": [7.5, 13.5, 8, 14], "texture": "#1"}
			}
		},
		{
			"from": [8.5, 15, 7.5],
			"to": [9.5, 16, 8.5],
			"rotation": {"angle": 0, "axis": "y", "origin": [0.5, -1, 0.5]},
			"faces": {
				"north": {"uv": [7.5, 13.5, 8, 14], "texture": "#1"},
				"east": {"uv": [7.5, 13.5, 8, 14], "texture": "#1"},
				"south": {"uv": [7.5, 13.5, 8, 14], "texture": "#1"},
				"west": {"uv": [7.5, 13.5, 8, 14], "texture": "#1"},
				"up": {"uv": [7.5, 13.5, 8, 14], "texture": "#1"},
				"down": {"uv": [7.5, 13.5, 8, 14], "texture": "#1"}
			}
		},
		{
			"from": [6.5, 4, 9.5],
			"to": [9.5, 5, 11.5],
			"rotation": {"angle": 0, "axis": "y", "origin": [8, 0, 8]},
			"faces": {
				"north": {"uv": [0, 0, 3, 2], "texture": "#0"},
				"east": {"uv": [5.5, 0, 6, 1], "texture": "#0"},
				"south": {"uv": [4, 0, 5.5, 0.5], "texture": "#0"},
				"west": {"uv": [3.5, 0, 4, 1], "texture": "#0"},
				"up": {"uv": [4, 0, 5.5, 1], "texture": "#0"},
				"down": {"uv": [0, 0, 3, 4], "texture": "#0"}
			}
		},
		{
			"from": [5.5, 4, 9.5],
			"to": [6.5, 5, 10.5],
			"rotation": {"angle": 0, "axis": "y", "origin": [8, 0, 8]},
			"faces": {
				"north": {"uv": [0, 0, 0.5, 0.5], "texture": "#0"},
				"east": {"uv": [0, 0, 0.5, 0.5], "texture": "#0"},
				"south": {"uv": [0, 0, 0.5, 0.5], "texture": "#0"},
				"west": {"uv": [0, 0, 0.5, 0.5], "texture": "#0"},
				"up": {"uv": [0, 0, 0.5, 0.5], "texture": "#0"},
				"down": {"uv": [0, 0, 0.5, 0.5], "texture": "#0"}
			}
		},
		{
			"from": [5.5, 1, 4.5],
			"to": [6.5, 4, 5.5],
			"rotation": {"angle": 0, "axis": "y", "origin": [8, 0, 8]},
			"faces": {
				"north": {"uv": [2, 0, 2.5, 1.5], "texture": "#0"},
				"east": {"uv": [2, 0, 2.5, 1.5], "texture": "#0"},
				"south": {"uv": [2, 0, 2.5, 1.5], "texture": "#0"},
				"west": {"uv": [2, 0, 2.5, 1.5], "texture": "#0"},
				"up": {"uv": [0, 0, 0.5, 0.5], "rotation": 270, "texture": "#0"},
				"down": {"uv": [0, 0, 0.5, 0.5], "rotation": 90, "texture": "#0"}
			}
		},
		{
			"from": [4.5, 1, 5.5],
			"to": [5.5, 4, 6.5],
			"rotation": {"angle": 0, "axis": "y", "origin": [8, 0, 8]},
			"faces": {
				"north": {"uv": [1.5, 0, 2, 1.5], "texture": "#0"},
				"east": {"uv": [1.5, 0, 2, 1.5], "texture": "#0"},
				"south": {"uv": [1.5, 0, 2, 1.5], "texture": "#0"},
				"west": {"uv": [1.5, 0, 2, 1.5], "texture": "#0"},
				"up": {"uv": [0, 0, 0.5, 0.5], "rotation": 270, "texture": "#0"},
				"down": {"uv": [0, 0, 0.5, 0.5], "rotation": 90, "texture": "#0"}
			}
		},
		{
			"from": [6.5, 21, 6.5],
			"to": [9.5, 22, 9.5],
			"rotation": {"angle": 0, "axis": "y", "origin": [0.5, -1, 0.5]},
			"faces": {
				"north": {"uv": [3.5, 11, 5, 11.5], "texture": "#1"},
				"east": {"uv": [3.5, 11, 5, 11.5], "texture": "#1"},
				"south": {"uv": [3.5, 11, 5, 11.5], "texture": "#1"},
				"west": {"uv": [3.5, 11, 5, 11.5], "texture": "#1"},
				"up": {"uv": [3.5, 11, 5, 11.5], "texture": "#1"},
				"down": {"uv": [3.5, 11, 5, 11.5], "texture": "#1"}
			}
		},
		{
			"from": [6.5, 14, 6.5],
			"to": [9.5, 15, 9.5],
			"rotation": {"angle": 0, "axis": "y", "origin": [0.5, -1, 0.5]},
			"faces": {
				"north": {"uv": [3.5, 11, 5, 11.5], "texture": "#1"},
				"east": {"uv": [3.5, 11, 5, 11.5], "texture": "#1"},
				"south": {"uv": [3.5, 11, 5, 11.5], "texture": "#1"},
				"west": {"uv": [3.5, 11, 5, 11.5], "texture": "#1"},
				"up": {"uv": [3.5, 11, 5, 11.5], "texture": "#1"},
				"down": {"uv": [3.5, 11, 5, 11.5], "texture": "#1"}
			}
		},
		{
			"from": [6.5, 13, 6.5],
			"to": [9.5, 14, 9.5],
			"rotation": {"angle": 0, "axis": "y", "origin": [0.5, -1, 0.5]},
			"faces": {
				"north": {"uv": [2.34, 0, 4.26, 0.51613], "texture": "#0"},
				"east": {"uv": [2.34, 0, 4.26, 0.51613], "texture": "#0"},
				"south": {"uv": [2.34, 0, 4.26, 0.51613], "texture": "#0"},
				"west": {"uv": [2.34, 0, 4.26, 0.51613], "texture": "#0"},
				"up": {"uv": [0, 0, 1.92, 1.54839], "texture": "#0"},
				"down": {"uv": [0, 0, 1.92, 1.54839], "texture": "#0"}
			}
		},
		{
			"from": [6.5, 5, 6.5],
			"to": [9.5, 6, 9.5],
			"rotation": {"angle": 0, "axis": "y", "origin": [0.5, -1, 0.5]},
			"faces": {
				"north": {"uv": [2.34, 0, 4.26, 0.51613], "texture": "#0"},
				"east": {"uv": [2.34, 0, 4.26, 0.51613], "texture": "#0"},
				"south": {"uv": [2.34, 0, 4.26, 0.51613], "texture": "#0"},
				"west": {"uv": [2.34, 0, 4.26, 0.51613], "texture": "#0"},
				"up": {"uv": [0, 0, 1.92, 1.54839], "texture": "#0"},
				"down": {"uv": [0, 0, 1.92, 1.54839], "texture": "#0"}
			}
		},
		{
			"from": [9.5, 1, 4.5],
			"to": [10.5, 4, 5.5],
			"rotation": {"angle": 0, "axis": "y", "origin": [8, 0, 8]},
			"faces": {
				"north": {"uv": [1.5, 0, 2, 1.5], "texture": "#0"},
				"east": {"uv": [1.5, 0, 2, 1.5], "texture": "#0"},
				"south": {"uv": [1.5, 0, 2, 1.5], "texture": "#0"},
				"west": {"uv": [1.5, 0, 2, 1.5], "texture": "#0"},
				"up": {"uv": [0, 0, 0.5, 0.5], "texture": "#0"},
				"down": {"uv": [0, 0, 0.5, 0.5], "texture": "#0"}
			}
		},
		{
			"from": [10.5, 1, 5.5],
			"to": [11.5, 4, 6.5],
			"rotation": {"angle": 0, "axis": "y", "origin": [8, 0, 8]},
			"faces": {
				"north": {"uv": [2, 0, 2.5, 1.5], "texture": "#0"},
				"east": {"uv": [2, 0, 2.5, 1.5], "texture": "#0"},
				"south": {"uv": [2, 0, 2.5, 1.5], "texture": "#0"},
				"west": {"uv": [2, 0, 2.5, 1.5], "texture": "#0"},
				"up": {"uv": [0, 0, 0.5, 0.5], "texture": "#0"},
				"down": {"uv": [0, 0, 0.5, 0.5], "texture": "#0"}
			}
		},
		{
			"from": [10.5, 1, 9.5],
			"to": [11.5, 4, 10.5],
			"rotation": {"angle": 0, "axis": "y", "origin": [8, 0, 8]},
			"faces": {
				"north": {"uv": [1.5, 0, 2, 1.5], "texture": "#0"},
				"east": {"uv": [1.5, 0, 2, 1.5], "texture": "#0"},
				"south": {"uv": [1.5, 0, 2, 1.5], "texture": "#0"},
				"west": {"uv": [1.5, 0, 2, 1.5], "texture": "#0"},
				"up": {"uv": [0, 0, 0.5, 0.5], "rotation": 90, "texture": "#0"},
				"down": {"uv": [0, 0, 0.5, 0.5], "rotation": 270, "texture": "#0"}
			}
		},
		{
			"from": [9.5, 1, 10.5],
			"to": [10.5, 4, 11.5],
			"rotation": {"angle": 0, "axis": "y", "origin": [8, 0, 8]},
			"faces": {
				"north": {"uv": [2, 0, 2.5, 1.5], "texture": "#0"},
				"east": {"uv": [2, 0, 2.5, 1.5], "texture": "#0"},
				"south": {"uv": [2, 0, 2.5, 1.5], "texture": "#0"},
				"west": {"uv": [2, 0, 2.5, 1.5], "texture": "#0"},
				"up": {"uv": [0, 0, 0.5, 0.5], "rotation": 90, "texture": "#0"},
				"down": {"uv": [0, 0, 0.5, 0.5], "rotation": 270, "texture": "#0"}
			}
		},
		{
			"from": [5.5, 1, 10.5],
			"to": [6.5, 4, 11.5],
			"rotation": {"angle": 0, "axis": "y", "origin": [8, 0, 8]},
			"faces": {
				"north": {"uv": [1.5, 0, 2, 1.5], "texture": "#0"},
				"east": {"uv": [1.5, 0, 2, 1.5], "texture": "#0"},
				"south": {"uv": [1.5, 0, 2, 1.5], "texture": "#0"},
				"west": {"uv": [1.5, 0, 2, 1.5], "texture": "#0"},
				"up": {"uv": [0, 0, 0.5, 0.5], "rotation": 180, "texture": "#0"},
				"down": {"uv": [0, 0, 0.5, 0.5], "rotation": 180, "texture": "#0"}
			}
		},
		{
			"from": [4.5, 1, 9.5],
			"to": [5.5, 4, 10.5],
			"rotation": {"angle": 0, "axis": "y", "origin": [8, 0, 8]},
			"faces": {
				"north": {"uv": [2, 0, 2.5, 1.5], "texture": "#0"},
				"east": {"uv": [2, 0, 2.5, 1.5], "texture": "#0"},
				"south": {"uv": [2, 0, 2.5, 1.5], "texture": "#0"},
				"west": {"uv": [2, 0, 2.5, 1.5], "texture": "#0"},
				"up": {"uv": [0, 0, 0.5, 0.5], "rotation": 180, "texture": "#0"},
				"down": {"uv": [0, 0, 0.5, 0.5], "rotation": 180, "texture": "#0"}
			}
		},
		{
			"from": [5.5, 4, 5.5],
			"to": [6.5, 5, 6.5],
			"rotation": {"angle": 0, "axis": "y", "origin": [8, 0, 8]},
			"faces": {
				"north": {"uv": [0, 0, 0.5, 0.5], "texture": "#0"},
				"east": {"uv": [0, 0, 0.5, 0.5], "texture": "#0"},
				"south": {"uv": [0, 0, 0.5, 0.5], "texture": "#0"},
				"west": {"uv": [0, 0, 0.5, 0.5], "texture": "#0"},
				"up": {"uv": [0, 0, 0.5, 0.5], "rotation": 90, "texture": "#0"},
				"down": {"uv": [0, 0, 0.5, 0.5], "rotation": 270, "texture": "#0"}
			}
		},
		{
			"from": [4.5, 4, 6.5],
			"to": [6.5, 5, 9.5],
			"rotation": {"angle": 0, "axis": "y", "origin": [8, 0, 8]},
			"faces": {
				"north": {"uv": [3.5, 0, 4, 1], "texture": "#0"},
				"east": {"uv": [0, 0, 3, 2], "texture": "#0"},
				"south": {"uv": [5.5, 0, 6, 1], "texture": "#0"},
				"west": {"uv": [4, 0, 5.5, 0.5], "texture": "#0"},
				"up": {"uv": [4, 0, 5.5, 1], "rotation": 90, "texture": "#0"},
				"down": {"uv": [0, 0, 3, 4], "rotation": 270, "texture": "#0"}
			}
		},
		{
			"from": [9.5, 4, 5.5],
			"to": [10.5, 5, 6.5],
			"rotation": {"angle": 0, "axis": "y", "origin": [8, 0, 8]},
			"faces": {
				"north": {"uv": [0, 0, 0.5, 0.5], "texture": "#0"},
				"east": {"uv": [0, 0, 0.5, 0.5], "texture": "#0"},
				"south": {"uv": [0, 0, 0.5, 0.5], "texture": "#0"},
				"west": {"uv": [0, 0, 0.5, 0.5], "texture": "#0"},
				"up": {"uv": [0, 0, 0.5, 0.5], "rotation": 180, "texture": "#0"},
				"down": {"uv": [0, 0, 0.5, 0.5], "rotation": 180, "texture": "#0"}
			}
		},
		{
			"from": [6.5, 4, 4.5],
			"to": [9.5, 5, 6.5],
			"rotation": {"angle": 0, "axis": "y", "origin": [8, 0, 8]},
			"faces": {
				"north": {"uv": [4, 0, 5.5, 0.5], "texture": "#0"},
				"east": {"uv": [3.5, 0, 4, 1], "texture": "#0"},
				"south": {"uv": [0, 0, 3, 2], "texture": "#0"},
				"west": {"uv": [5.5, 0, 6, 1], "texture": "#0"},
				"up": {"uv": [4, 0, 5.5, 1], "rotation": 180, "texture": "#0"},
				"down": {"uv": [0, 0, 3, 4], "rotation": 180, "texture": "#0"}
			}
		},
		{
			"from": [9.5, 4, 9.5],
			"to": [10.5, 5, 10.5],
			"rotation": {"angle": 0, "axis": "y", "origin": [8, 0, 8]},
			"faces": {
				"north": {"uv": [0, 0, 0.5, 0.5], "texture": "#0"},
				"east": {"uv": [0, 0, 0.5, 0.5], "texture": "#0"},
				"south": {"uv": [0, 0, 0.5, 0.5], "texture": "#0"},
				"west": {"uv": [0, 0, 0.5, 0.5], "texture": "#0"},
				"up": {"uv": [0, 0, 0.5, 0.5], "rotation": 270, "texture": "#0"},
				"down": {"uv": [0, 0, 0.5, 0.5], "rotation": 90, "texture": "#0"}
			}
		},
		{
			"from": [9.5, 4, 6.5],
			"to": [11.5, 5, 9.5],
			"rotation": {"angle": 0, "axis": "y", "origin": [8, 0, 8]},
			"faces": {
				"north": {"uv": [5.5, 0, 6, 1], "texture": "#0"},
				"east": {"uv": [4, 0, 5.5, 0.5], "texture": "#0"},
				"south": {"uv": [3.5, 0, 4, 1], "texture": "#0"},
				"west": {"uv": [0, 0, 3, 2], "texture": "#0"},
				"up": {"uv": [4, 0, 5.5, 1], "rotation": 270, "texture": "#0"},
				"down": {"uv": [0, 0, 3, 4], "rotation": 90, "texture": "#0"}
			}
		},
		{
			"from": [5.5, 0, 5.5],
			"to": [6.5, 1, 6.5],
			"rotation": {"angle": 0, "axis": "y", "origin": [8, 0, 8]},
			"faces": {
				"north": {"uv": [0, 0, 0.5, 0.5], "texture": "#0"},
				"east": {"uv": [0, 0, 0.5, 0.5], "texture": "#0"},
				"south": {"uv": [0, 0, 0.5, 0.5], "texture": "#0"},
				"west": {"uv": [0, 0, 0.5, 0.5], "texture": "#0"},
				"up": {"uv": [0, 0, 0.5, 0.5], "rotation": 90, "texture": "#0"},
				"down": {"uv": [0, 0, 0.5, 0.5], "rotation": 270, "texture": "#0"}
			}
		},
		{
			"from": [6.5, 0, 4.5],
			"to": [9.5, 1, 6.5],
			"rotation": {"angle": 0, "axis": "y", "origin": [8, 0, 8]},
			"faces": {
				"north": {"uv": [4, 0, 5.5, 0.5], "texture": "#0"},
				"east": {"uv": [3.5, 0, 4, 1], "texture": "#0"},
				"south": {"uv": [0, 0, 3, 2], "texture": "#0"},
				"west": {"uv": [5.5, 0, 6, 1], "texture": "#0"},
				"up": {"uv": [4, 0, 5.5, 1], "rotation": 180, "texture": "#0"},
				"down": {"uv": [0, 0, 3, 4], "rotation": 180, "texture": "#0"}
			}
		},
		{
			"from": [9.5, 0, 5.5],
			"to": [10.5, 1, 6.5],
			"rotation": {"angle": 0, "axis": "y", "origin": [8, 0, 8]},
			"faces": {
				"north": {"uv": [0, 0, 0.5, 0.5], "texture": "#0"},
				"east": {"uv": [0, 0, 0.5, 0.5], "texture": "#0"},
				"south": {"uv": [0, 0, 0.5, 0.5], "texture": "#0"},
				"west": {"uv": [0, 0, 0.5, 0.5], "texture": "#0"},
				"up": {"uv": [0, 0, 0.5, 0.5], "rotation": 180, "texture": "#0"},
				"down": {"uv": [0, 0, 0.5, 0.5], "rotation": 180, "texture": "#0"}
			}
		},
		{
			"from": [4.5, 0, 6.5],
			"to": [6.5, 1, 9.5],
			"rotation": {"angle": 0, "axis": "y", "origin": [8, 0, 8]},
			"faces": {
				"north": {"uv": [3.5, 0, 4, 1], "texture": "#0"},
				"east": {"uv": [0, 0, 3, 2], "texture": "#0"},
				"south": {"uv": [5.5, 0, 6, 1], "texture": "#0"},
				"west": {"uv": [4, 0, 5.5, 0.5], "texture": "#0"},
				"up": {"uv": [4, 0, 5.5, 1], "rotation": 90, "texture": "#0"},
				"down": {"uv": [0, 0, 3, 4], "rotation": 270, "texture": "#0"}
			}
		},
		{
			"from": [5.5, 0, 9.5],
			"to": [6.5, 1, 10.5],
			"rotation": {"angle": 0, "axis": "y", "origin": [8, 0, 8]},
			"faces": {
				"north": {"uv": [0, 0, 0.5, 0.5], "texture": "#0"},
				"east": {"uv": [0, 0, 0.5, 0.5], "texture": "#0"},
				"south": {"uv": [0, 0, 0.5, 0.5], "texture": "#0"},
				"west": {"uv": [0, 0, 0.5, 0.5], "texture": "#0"},
				"up": {"uv": [0, 0, 0.5, 0.5], "texture": "#0"},
				"down": {"uv": [0, 0, 0.5, 0.5], "texture": "#0"}
			}
		},
		{
			"from": [6.5, 0, 9.5],
			"to": [9.5, 1, 11.5],
			"rotation": {"angle": 0, "axis": "y", "origin": [8, 0, 8]},
			"faces": {
				"north": {"uv": [0, 0, 3, 2], "texture": "#0"},
				"east": {"uv": [5.5, 0, 6, 1], "texture": "#0"},
				"south": {"uv": [4, 0, 5.5, 0.5], "texture": "#0"},
				"west": {"uv": [3.5, 0, 4, 1], "texture": "#0"},
				"up": {"uv": [4, 0, 5.5, 1], "texture": "#0"},
				"down": {"uv": [0, 0, 3, 4], "texture": "#0"}
			}
		},
		{
			"from": [9.5, 0, 9.5],
			"to": [10.5, 1, 10.5],
			"rotation": {"angle": 0, "axis": "y", "origin": [8, 0, 8]},
			"faces": {
				"north": {"uv": [0, 0, 0.5, 0.5], "texture": "#0"},
				"east": {"uv": [0, 0, 0.5, 0.5], "texture": "#0"},
				"south": {"uv": [0, 0, 0.5, 0.5], "texture": "#0"},
				"west": {"uv": [0, 0, 0.5, 0.5], "texture": "#0"},
				"up": {"uv": [0, 0, 0.5, 0.5], "rotation": 270, "texture": "#0"},
				"down": {"uv": [0, 0, 0.5, 0.5], "rotation": 90, "texture": "#0"}
			}
		},
		{
			"from": [9.5, 0, 6.5],
			"to": [11.5, 1, 9.5],
			"rotation": {"angle": 0, "axis": "y", "origin": [8, 0, 8]},
			"faces": {
				"north": {"uv": [5.5, 0, 6, 1], "texture": "#0"},
				"east": {"uv": [4, 0, 5.5, 0.5], "texture": "#0"},
				"south": {"uv": [3.5, 0, 4, 1], "texture": "#0"},
				"west": {"uv": [0, 0, 3, 2], "texture": "#0"},
				"up": {"uv": [4, 0, 5.5, 1], "rotation": 270, "texture": "#0"},
				"down": {"uv": [0, 0, 3, 4], "rotation": 90, "texture": "#0"}
			}
		},
		{
			"from": [6.5, 0, 6.5],
			"to": [9.5, 1, 9.5],
			"rotation": {"angle": 0, "axis": "y", "origin": [0.5, -1, 0.5]},
			"faces": {
				"north": {"uv": [2.34, 0, 4.26, 0.51613], "texture": "#0"},
				"east": {"uv": [2.34, 0, 4.26, 0.51613], "texture": "#0"},
				"south": {"uv": [2.34, 0, 4.26, 0.51613], "texture": "#0"},
				"west": {"uv": [2.34, 0, 4.26, 0.51613], "texture": "#0"},
				"up": {"uv": [0, 0, 1.92, 1.54839], "texture": "#0"},
				"down": {"uv": [0, 0, 1.92, 1.54839], "texture": "#0"}
			}
		},
		{
			"from": [1.5, 18, 7.5],
			"to": [3.5, 19, 8.5],
			"rotation": {"angle": 0, "axis": "y", "origin": [0.5, -1, 0.5]},
			"faces": {
				"north": {"uv": [0, 3.5, 1, 4], "texture": "#1"},
				"east": {"uv": [0.5, 5, 0, 5.5], "texture": "#1"},
				"south": {"uv": [0, 3.5, 1, 4], "texture": "#1"},
				"west": {"uv": [1.5, 4, 2, 4.5], "texture": "#1"},
				"up": {"uv": [0, 3.5, 1, 4], "texture": "#1"},
				"down": {"uv": [0, 3.5, 1, 4], "texture": "#1"}
			}
		},
		{
			"from": [2.5, 17, 7.5],
			"to": [4.5, 18, 8.5],
			"rotation": {"angle": 0, "axis": "y", "origin": [0.5, -1, 0.5]},
			"faces": {
				"north": {"uv": [0, 3.5, 1, 4], "texture": "#1"},
				"east": {"uv": [0.5, 5, 0, 5.5], "texture": "#1"},
				"south": {"uv": [0, 3.5, 1, 4], "texture": "#1"},
				"west": {"uv": [1.5, 4, 2, 4.5], "texture": "#1"},
				"up": {"uv": [0, 3.5, 1, 4], "texture": "#1"},
				"down": {"uv": [0, 3.5, 1, 4], "texture": "#1"}
			}
		},
		{
			"from": [3.5, 16, 7.5],
			"to": [5.5, 17, 8.5],
			"rotation": {"angle": 0, "axis": "y", "origin": [0.5, -1, 0.5]},
			"faces": {
				"north": {"uv": [0, 3.5, 1, 4], "texture": "#1"},
				"east": {"uv": [0.5, 5, 0, 5.5], "texture": "#1"},
				"south": {"uv": [0, 3.5, 1, 4], "texture": "#1"},
				"west": {"uv": [1.5, 4, 2, 4.5], "texture": "#1"},
				"up": {"uv": [0, 3.5, 1, 4], "texture": "#1"},
				"down": {"uv": [0, 3.5, 1, 4], "texture": "#1"}
			}
		},
		{
			"from": [4.5, 15, 7.5],
			"to": [6.5, 16, 8.5],
			"rotation": {"angle": 0, "axis": "y", "origin": [0.5, -1, 0.5]},
			"faces": {
				"north": {"uv": [0, 3.5, 1, 4], "texture": "#1"},
				"east": {"uv": [0.5, 5, 0, 5.5], "texture": "#1"},
				"south": {"uv": [0, 3.5, 1, 4], "texture": "#1"},
				"west": {"uv": [1.5, 4, 2, 4.5], "texture": "#1"},
				"up": {"uv": [0, 3.5, 1, 4], "texture": "#1"},
				"down": {"uv": [0, 3.5, 1, 4], "texture": "#1"}
			}
		},
		{
			"from": [6.5, 24.1, 6.5],
			"to": [9.5, 25.1, 9.5],
			"rotation": {"angle": 0, "axis": "y", "origin": [0.5, -1, 0.5]},
			"faces": {
				"north": {"uv": [3.5, 11, 5, 11.5], "texture": "#1"},
				"east": {"uv": [3.5, 11, 5, 11.5], "texture": "#1"},
				"south": {"uv": [3.5, 11, 5, 11.5], "texture": "#1"},
				"west": {"uv": [3.5, 11, 5, 11.5], "texture": "#1"},
				"up": {"uv": [13.5, 7.5, 16, 10], "texture": "#1"},
				"down": {"uv": [3.5, 11, 5, 11.5], "texture": "#1"}
			}
		},
		{
			"from": [6, 25.125, 5.5],
			"to": [10, 25.625, 6.5],
			"rotation": {"angle": 0, "axis": "y", "origin": [8, 0, 8]},
			"faces": {
				"north": {"uv": [0, 15.5, 0.5, 16], "texture": "#1"},
				"east": {"uv": [0, 15.5, 0.5, 16], "texture": "#1"},
				"south": {"uv": [0.98, 9, 4.98, 10], "texture": "#1"},
				"west": {"uv": [0, 15.5, 0.5, 16], "texture": "#1"},
				"up": {"uv": [0, 8, 0.5, 10], "rotation": 90, "texture": "#1"},
				"down": {"uv": [0, 8, 0.5, 10], "rotation": 270, "texture": "#1"}
			}
		},
		{
			"from": [7, 25.1, 6.5],
			"to": [9, 26.1, 7],
			"rotation": {"angle": 0, "axis": "y", "origin": [8, 0, 8]},
			"faces": {
				"north": {"uv": [0, 7.5, 1.5, 8], "texture": "#1"},
				"east": {"uv": [0, 7.5, 0.5, 8.5], "texture": "#1"},
				"south": {"uv": [0, 7.5, 1.5, 8], "texture": "#1"},
				"west": {"uv": [0, 7.5, 0.5, 8.5], "texture": "#1"},
				"up": {"uv": [1.5, 7.5, 3, 8], "rotation": 180, "texture": "#1"},
				"down": {"uv": [4.5, 8, 7.5, 9], "rotation": 180, "texture": "#1"}
			}
		},
		{
			"from": [9.5, 25.125, 6.5],
			"to": [10.5, 25.625, 9.5],
			"rotation": {"angle": 0, "axis": "y", "origin": [8, 0, 8]},
			"faces": {
				"north": {"uv": [0, 15.5, 0.5, 16], "texture": "#1"},
				"east": {"uv": [0, 15.5, 0.5, 16], "texture": "#1"},
				"south": {"uv": [0, 15.5, 0.5, 16], "texture": "#1"},
				"west": {"uv": [0.98, 9, 4.98, 10], "texture": "#1"},
				"up": {"uv": [0, 8, 0.5, 9.5], "rotation": 180, "texture": "#1"},
				"down": {"uv": [0, 8, 0.5, 9.5], "rotation": 180, "texture": "#1"}
			}
		},
		{
			"from": [9, 25.1, 6.5],
			"to": [9.5, 26.1, 9.5],
			"rotation": {"angle": 0, "axis": "y", "origin": [8, 0, 8]},
			"faces": {
				"north": {"uv": [0, 7.5, 0.5, 8.5], "texture": "#1"},
				"east": {"uv": [0, 7.5, 1.5, 8], "texture": "#1"},
				"south": {"uv": [0, 7.5, 0.5, 8.5], "texture": "#1"},
				"west": {"uv": [0, 7.5, 1.5, 8], "texture": "#1"},
				"up": {"uv": [1.5, 7.5, 3, 8], "rotation": 270, "texture": "#1"},
				"down": {"uv": [4.5, 8, 7.5, 9], "rotation": 90, "texture": "#1"}
			}
		},
		{
			"from": [5.5, 25.125, 6.5],
			"to": [6.5, 25.625, 9.5],
			"rotation": {"angle": 0, "axis": "y", "origin": [8, 0, 8]},
			"faces": {
				"north": {"uv": [0, 15.5, 0.5, 16], "texture": "#1"},
				"east": {"uv": [0.98, 9, 4.98, 10], "texture": "#1"},
				"south": {"uv": [0, 15.5, 0.5, 16], "texture": "#1"},
				"west": {"uv": [0, 15.5, 0.5, 16], "texture": "#1"},
				"up": {"uv": [0, 8, 0.5, 9.5], "texture": "#1"},
				"down": {"uv": [0, 8, 0.5, 9.5], "texture": "#1"}
			}
		},
		{
			"from": [6.5, 25.1, 6.5],
			"to": [7, 26.1, 9.5],
			"rotation": {"angle": 0, "axis": "y", "origin": [8, 0, 8]},
			"faces": {
				"north": {"uv": [0, 7.5, 0.5, 8.5], "texture": "#1"},
				"east": {"uv": [0, 7.5, 1.5, 8], "texture": "#1"},
				"south": {"uv": [0, 7.5, 0.5, 8.5], "texture": "#1"},
				"west": {"uv": [0, 7.5, 1.5, 8], "texture": "#1"},
				"up": {"uv": [1.5, 7.5, 3, 8], "rotation": 90, "texture": "#1"},
				"down": {"uv": [4.5, 8, 7.5, 9], "rotation": 270, "texture": "#1"}
			}
		}
	],
	"display": {
		"thirdperson_righthand": {
			"rotation": [63, -90, 0],
			"translation": [-0.25, 0.75, 0.75],
			"scale": [0.78, 0.78, 0.78]
		},
		"thirdperson_lefthand": {
			"rotation": [63, 90, 0],
			"translation": [0, 0.25, 0.5],
			"scale": [0.78, 0.78, 0.78]
		},
		"firstperson_righthand": {
			"rotation": [0, -71, 0],
			"scale": [0.66, 0.66, 0.66]
		},
		"firstperson_lefthand": {
			"rotation": [0, 94, 0],
			"translation": [-0.5, -0.25, 0],
			"scale": [0.66, 0.66, 0.66]
		},
		"ground": {
			"translation": [0, 1.5, 0],
			"scale": [0.57, 0.57, 0.57]
		},
		"gui": {
			"rotation": [14, -38, -40],
			"translation": [-1, -1.75, 0],
			"scale": [0.66, 0.66, 0.66]
		},
		"head": {
			"rotation": [0, -90, 0],
			"translation": [0, -19.25, 0],
			"scale": [1.5, 1.5, 1.5]
		},
		"fixed": {
			"translation": [0, -3.75, -0.75],
			"scale": [0.64, 0.64, 0.64]
		}
	},
	"groups": [
		{
			"name": "group",
			"origin": [8, 0, 8],
			"color": 0,
			"children": [0, 1, 2, 3, 4, 5, 6, 7, 8, 9, 10, 11, 12, 13, 14, 15, 16, 17, 18, 19, 20, 21, 22, 23, 24, 25, 26, 27, 28, 29, 30, 31, 32, 33, 34, 35, 36, 37, 38, 39, 40, 41, 42, 43, 44, 45, 46, 47, 48, 49, 50, 51, 52, 53, 54, 55, 56, 57, 58, 59, 60, 61, 62, 63, 64, 65, 66, 67, 68]
		}
	]
}