{
	"credit": "Made with Blockbench",
	"parent": "blaze_rod",
	"texture_size": [16, 48],
	"textures": {
		"0": "item/khopesh",
		"particle": "item/khopesh"
	},
	"elements": [
		{
			"from": [5, 0, 8],
			"to": [6, 1, 9],
			"faces": {
				"north": {"uv": [3, 5.33333, 4, 5.66667], "texture": "#0"},
				"east": {"uv": [0, 0, 1, 0.33333], "texture": "#0"},
				"south": {"uv": [3, 5.66667, 3, 5.66667], "texture": "#0"},
				"west": {"uv": [0, 0, 1, 0.33333], "texture": "#0"},
				"up": {"uv": [0, 0, 1, 0.33333], "texture": "#0"},
				"down": {"uv": [0, 0, 1, 0.33333], "texture": "#0"}
			}
		},
		{
			"from": [4, 0, 8],
			"to": [5, 2, 9],
			"faces": {
				"north": {"uv": [3, 5.33333, 4, 5.66667], "texture": "#0"},
				"east": {"uv": [0, 0, 1, 0.66667], "texture": "#0"},
				"south": {"uv": [3, 5.66667, 3, 5.66667], "texture": "#0"},
				"west": {"uv": [3, 5, 4, 5.66667], "texture": "#0"},
				"up": {"uv": [0, 0, 1, 0.33333], "texture": "#0"},
				"down": {"uv": [0, 0, 1, 0.33333], "texture": "#0"}
			}
		},
		{
			"from": [6, 0, 8],
			"to": [7, 1, 9],
			"faces": {
				"north": {"uv": [3, 5.33333, 4, 5.66667], "texture": "#0"},
				"east": {"uv": [0, 0, 1, 0.33333], "texture": "#0"},
				"south": {"uv": [3, 5.66667, 3, 5.66667], "texture": "#0"},
				"west": {"uv": [0, 0, 1, 0.33333], "texture": "#0"},
				"up": {"uv": [0, 0, 1, 0.33333], "texture": "#0"},
				"down": {"uv": [0, 0, 1, 0.33333], "texture": "#0"}
			}
		},
		{
			"from": [7, 0, 8],
			"to": [8, 4, 9],
			"faces": {
				"north": {"uv": [8, 9.33333, 9, 10.66667], "texture": "#0"},
				"east": {"uv": [8, 9.66667, 9, 9.66667], "texture": "#0"},
				"south": {"uv": [2, 4.66667, 3, 4.66667], "texture": "#0"},
				"west": {"uv": [0, 0, 1, 1.33333], "texture": "#0"},
				"up": {"uv": [0, 0, 1, 0.33333], "texture": "#0"},
				"down": {"uv": [0, 0, 1, 0.33333], "texture": "#0"}
			}
		},
		{
			"from": [6, 1, 8],
			"to": [7, 2, 9],
			"faces": {
				"north": {"uv": [3, 5.33333, 4, 5.66667], "texture": "#0"},
				"east": {"uv": [0, 0, 1, 0.33333], "texture": "#0"},
				"south": {"uv": [3, 5.66667, 3, 5.66667], "texture": "#0"},
				"west": {"uv": [0, 0, 1, 0.33333], "texture": "#0"},
				"up": {"uv": [0, 0, 1, 0.33333], "texture": "#0"},
				"down": {"uv": [0, 0, 1, 0.33333], "texture": "#0"}
			}
		},
		{
			"from": [5, 1, 8],
			"to": [6, 2, 9],
			"faces": {
				"north": {"uv": [3, 5.33333, 4, 5.66667], "texture": "#0"},
				"east": {"uv": [0, 0, 1, 0.33333], "texture": "#0"},
				"south": {"uv": [3, 5.66667, 3, 5.66667], "texture": "#0"},
				"west": {"uv": [0, 0, 1, 0.33333], "texture": "#0"},
				"up": {"uv": [0, 0, 1, 0.33333], "texture": "#0"},
				"down": {"uv": [0, 0, 1, 0.33333], "texture": "#0"}
			}
		},
		{
			"from": [4, 2, 8],
			"to": [5, 3, 9],
			"faces": {
				"north": {"uv": [3, 5.33333, 4, 5.66667], "texture": "#0"},
				"east": {"uv": [0, 0, 1, 0.33333], "texture": "#0"},
				"south": {"uv": [3, 5.66667, 3, 5.66667], "texture": "#0"},
				"west": {"uv": [3, 5, 4, 5.33333], "texture": "#0"},
				"up": {"uv": [0, 0, 1, 0.33333], "texture": "#0"},
				"down": {"uv": [0, 0, 1, 0.33333], "texture": "#0"}
			}
		},
		{
			"from": [4, 3, 8],
			"to": [7, 4, 9],
			"faces": {
				"north": {"uv": [3, 5.33333, 4, 5.66667], "texture": "#0"},
				"east": {"uv": [0, 0, 1, 0.33333], "texture": "#0"},
				"south": {"uv": [3, 5.66667, 3, 5.66667], "texture": "#0"},
				"west": {"uv": [3, 5, 4, 5.33333], "texture": "#0"},
				"up": {"uv": [3, 5.33333, 4, 5.66667], "texture": "#0"},
				"down": {"uv": [0, 0, 3, 0.33333], "texture": "#0"}
			}
		},
		{
			"from": [5, 2, 8],
			"to": [6, 3, 9],
			"faces": {
				"north": {"uv": [3, 5.33333, 4, 5.66667], "texture": "#0"},
				"east": {"uv": [0, 0, 1, 0.33333], "texture": "#0"},
				"south": {"uv": [3, 5.66667, 3, 5.66667], "texture": "#0"},
				"west": {"uv": [0, 0, 1, 0.33333], "texture": "#0"},
				"up": {"uv": [0, 0, 1, 0.33333], "texture": "#0"},
				"down": {"uv": [0, 0, 1, 0.33333], "texture": "#0"}
			}
		},
		{
			"from": [6, 2, 8],
			"to": [7, 3, 9],
			"faces": {
				"north": {"uv": [3, 5.33333, 4, 5.66667], "texture": "#0"},
				"east": {"uv": [0, 0, 1, 0.33333], "texture": "#0"},
				"south": {"uv": [3, 5.66667, 3, 5.66667], "texture": "#0"},
				"west": {"uv": [0, 0, 1, 0.33333], "texture": "#0"},
				"up": {"uv": [0, 0, 1, 0.33333], "texture": "#0"},
				"down": {"uv": [0, 0, 1, 0.33333], "texture": "#0"}
			}
		},
		{
			"from": [5, 4, 8],
			"to": [6, 5, 9],
			"faces": {
				"north": {"uv": [3, 5.33333, 4, 5.66667], "texture": "#0"},
				"east": {"uv": [0, 0, 1, 0.33333], "texture": "#0"},
				"south": {"uv": [3, 5.66667, 3, 5.66667], "texture": "#0"},
				"west": {"uv": [3, 5, 4, 5.33333], "texture": "#0"},
				"up": {"uv": [3, 5.33333, 3, 5.66667], "texture": "#0"},
				"down": {"uv": [0, 0, 1, 0.33333], "texture": "#0"}
			}
		},
		{
			"from": [6, 4, 8],
			"to": [7, 5, 9],
			"faces": {
				"north": {"uv": [3, 5.33333, 4, 5.66667], "texture": "#0"},
				"east": {"uv": [0, 0, 1, 0.33333], "texture": "#0"},
				"south": {"uv": [3, 5.66667, 3, 5.66667], "texture": "#0"},
				"west": {"uv": [0, 0, 1, 0.33333], "texture": "#0"},
				"up": {"uv": [0, 0, 1, 0.33333], "texture": "#0"},
				"down": {"uv": [0, 0, 1, 0.33333], "texture": "#0"}
			}
		},
		{
			"from": [7, 4, 8],
			"to": [8, 5, 9],
			"faces": {
				"north": {"uv": [3, 5.33333, 4, 5.66667], "texture": "#0"},
				"east": {"uv": [0, 0, 1, 0.33333], "texture": "#0"},
				"south": {"uv": [3, 5.66667, 3, 5.66667], "texture": "#0"},
				"west": {"uv": [0, 0, 1, 0.33333], "texture": "#0"},
				"up": {"uv": [0, 0, 1, 0.33333], "texture": "#0"},
				"down": {"uv": [0, 0, 1, 0.33333], "texture": "#0"}
			}
		},
		{
			"from": [8, 4, 8],
			"to": [9, 5, 9],
			"faces": {
				"north": {"uv": [8, 9.33333, 9, 9.66667], "texture": "#0"},
				"east": {"uv": [8, 9.66667, 9, 9.66667], "texture": "#0"},
				"south": {"uv": [2, 4.66667, 3, 4.66667], "texture": "#0"},
				"west": {"uv": [0, 0, 1, 0.33333], "texture": "#0"},
				"up": {"uv": [0, 0, 1, 0.33333], "texture": "#0"},
				"down": {"uv": [3, 3, 4, 3.33333], "texture": "#0"}
			}
		},
		{
			"from": [8, 5, 8],
			"to": [9, 6, 9],
			"faces": {
				"north": {"uv": [3, 5.33333, 4, 5.66667], "texture": "#0"},
				"east": {"uv": [0, 0, 1, 0.33333], "texture": "#0"},
				"south": {"uv": [3, 5.66667, 3, 5.66667], "texture": "#0"},
				"west": {"uv": [0, 0, 1, 0.33333], "texture": "#0"},
				"up": {"uv": [0, 0, 1, 0.33333], "texture": "#0"},
				"down": {"uv": [0, 0, 1, 0.33333], "texture": "#0"}
			}
		},
		{
			"from": [9, 5, 8],
			"to": [10, 6, 9],
			"faces": {
				"north": {"uv": [8, 9.33333, 9, 9.66667], "texture": "#0"},
				"east": {"uv": [8, 9.66667, 9, 9.66667], "texture": "#0"},
				"south": {"uv": [2, 4.66667, 3, 4.66667], "texture": "#0"},
				"west": {"uv": [0, 0, 1, 0.33333], "texture": "#0"},
				"up": {"uv": [0, 0, 1, 0.33333], "texture": "#0"},
				"down": {"uv": [3, 3, 4, 3.33333], "texture": "#0"}
			}
		},
		{
			"from": [7, 5, 8],
			"to": [8, 6, 9],
			"faces": {
				"north": {"uv": [3, 5.33333, 4, 5.66667], "texture": "#0"},
				"east": {"uv": [0, 0, 1, 0.33333], "texture": "#0"},
				"south": {"uv": [3, 5.66667, 3, 5.66667], "texture": "#0"},
				"west": {"uv": [0, 0, 1, 0.33333], "texture": "#0"},
				"up": {"uv": [0, 0, 1, 0.33333], "texture": "#0"},
				"down": {"uv": [0, 0, 1, 0.33333], "texture": "#0"}
			}
		},
		{
			"from": [6, 6, 8],
			"to": [7, 7, 9],
			"faces": {
				"north": {"uv": [3, 5.33333, 4, 5.66667], "texture": "#0"},
				"east": {"uv": [0, 0, 1, 0.33333], "texture": "#0"},
				"south": {"uv": [3, 5.66667, 3, 5.66667], "texture": "#0"},
				"west": {"uv": [3, 5, 4, 5.33333], "texture": "#0"},
				"up": {"uv": [3, 5.33333, 3, 5.66667], "texture": "#0"},
				"down": {"uv": [0, 0, 1, 0.33333], "texture": "#0"}
			}
		},
		{
			"from": [7, 6, 8],
			"to": [8, 7, 9],
			"faces": {
				"north": {"uv": [3, 5.33333, 4, 5.66667], "texture": "#0"},
				"east": {"uv": [0, 0, 1, 0.33333], "texture": "#0"},
				"south": {"uv": [3, 5.66667, 3, 5.66667], "texture": "#0"},
				"west": {"uv": [0, 0, 1, 0.33333], "texture": "#0"},
				"up": {"uv": [0, 0, 1, 0.33333], "texture": "#0"},
				"down": {"uv": [0, 0, 1, 0.33333], "texture": "#0"}
			}
		},
		{
			"from": [8, 6, 8],
			"to": [9, 7, 9],
			"faces": {
				"north": {"uv": [3, 5.33333, 4, 5.66667], "texture": "#0"},
				"east": {"uv": [0, 0, 1, 0.33333], "texture": "#0"},
				"south": {"uv": [3, 5.66667, 3, 5.66667], "texture": "#0"},
				"west": {"uv": [0, 0, 1, 0.33333], "texture": "#0"},
				"up": {"uv": [0, 0, 1, 0.33333], "texture": "#0"},
				"down": {"uv": [0, 0, 1, 0.33333], "texture": "#0"}
			}
		},
		{
			"from": [9, 6, 8],
			"to": [10, 7, 9],
			"faces": {
				"north": {"uv": [8, 9.33333, 9, 9.66667], "texture": "#0"},
				"east": {"uv": [8, 9.66667, 9, 9.66667], "texture": "#0"},
				"south": {"uv": [2, 4.66667, 3, 4.66667], "texture": "#0"},
				"west": {"uv": [0, 0, 1, 0.33333], "texture": "#0"},
				"up": {"uv": [0, 0, 1, 0.33333], "texture": "#0"},
				"down": {"uv": [0, 0, 1, 0.33333], "texture": "#0"}
			}
		},
		{
			"from": [8, 7, 8],
			"to": [9, 8, 9],
			"faces": {
				"north": {"uv": [3, 5.33333, 4, 5.66667], "texture": "#0"},
				"east": {"uv": [0, 0, 1, 0.33333], "texture": "#0"},
				"south": {"uv": [3, 5.66667, 3, 5.66667], "texture": "#0"},
				"west": {"uv": [0, 0, 1, 0.33333], "texture": "#0"},
				"up": {"uv": [0, 0, 1, 0.33333], "texture": "#0"},
				"down": {"uv": [0, 0, 1, 0.33333], "texture": "#0"}
			}
		},
		{
			"from": [7, 7, 8],
			"to": [8, 8, 9],
			"faces": {
				"north": {"uv": [3, 5.33333, 4, 5.66667], "texture": "#0"},
				"east": {"uv": [0, 0, 1, 0.33333], "texture": "#0"},
				"south": {"uv": [3, 5.66667, 3, 5.66667], "texture": "#0"},
				"west": {"uv": [3, 5, 4, 5.33333], "texture": "#0"},
				"up": {"uv": [0, 0, 1, 0.33333], "texture": "#0"},
				"down": {"uv": [0, 0, 1, 0.33333], "texture": "#0"}
			}
		},
		{
			"from": [9, 7, 8],
			"to": [10, 8, 9],
			"faces": {
				"north": {"uv": [3, 5.33333, 4, 5.66667], "texture": "#0"},
				"east": {"uv": [0, 0, 1, 0.33333], "texture": "#0"},
				"south": {"uv": [3, 5.66667, 3, 5.66667], "texture": "#0"},
				"west": {"uv": [0, 0, 1, 0.33333], "texture": "#0"},
				"up": {"uv": [0, 0, 1, 0.33333], "texture": "#0"},
				"down": {"uv": [0, 0, 1, 0.33333], "texture": "#0"}
			}
		},
		{
			"from": [10, 7, 8],
			"to": [11, 8, 9],
			"faces": {
				"north": {"uv": [5, 8, 6, 8.33333], "texture": "#0"},
				"east": {"uv": [8, 9.66667, 9, 9.66667], "texture": "#0"},
				"south": {"uv": [2, 4.66667, 3, 4.66667], "texture": "#0"},
				"west": {"uv": [0, 0, 1, 0.33333], "texture": "#0"},
				"up": {"uv": [0, 0, 1, 0.33333], "texture": "#0"},
				"down": {"uv": [3, 3, 4, 3.33333], "texture": "#0"}
			}
		},
		{
			"from": [8, 8, 8],
			"to": [9, 9, 9],
			"faces": {
				"north": {"uv": [3, 5.33333, 4, 5.66667], "texture": "#0"},
				"east": {"uv": [0, 0, 1, 0.33333], "texture": "#0"},
				"south": {"uv": [3, 5.66667, 3, 5.66667], "texture": "#0"},
				"west": {"uv": [0, 0, 1, 0.33333], "texture": "#0"},
				"up": {"uv": [0, 0, 1, 0.33333], "texture": "#0"},
				"down": {"uv": [0, 0, 1, 0.33333], "texture": "#0"}
			}
		},
		{
			"from": [7, 8, 8],
			"to": [8, 9, 9],
			"faces": {
				"north": {"uv": [3, 5.33333, 4, 5.66667], "texture": "#0"},
				"east": {"uv": [0, 0, 1, 0.33333], "texture": "#0"},
				"south": {"uv": [3, 5.66667, 3, 5.66667], "texture": "#0"},
				"west": {"uv": [3, 5, 4, 5.33333], "texture": "#0"},
				"up": {"uv": [3, 5.33333, 3, 5.66667], "texture": "#0"},
				"down": {"uv": [0, 0, 1, 0.33333], "texture": "#0"}
			}
		},
		{
			"from": [9, 8, 8],
			"to": [10, 9, 9],
			"faces": {
				"north": {"uv": [3, 5.33333, 4, 5.66667], "texture": "#0"},
				"east": {"uv": [0, 0, 1, 0.33333], "texture": "#0"},
				"south": {"uv": [3, 5.66667, 3, 5.66667], "texture": "#0"},
				"west": {"uv": [0, 0, 1, 0.33333], "texture": "#0"},
				"up": {"uv": [0, 0, 1, 0.33333], "texture": "#0"},
				"down": {"uv": [0, 0, 1, 0.33333], "texture": "#0"}
			}
		},
		{
			"from": [10, 8, 8],
			"to": [11, 9, 9],
			"faces": {
				"north": {"uv": [2, 5, 3, 5], "texture": "#0"},
				"east": {"uv": [8, 9.66667, 9, 9.66667], "texture": "#0"},
				"south": {"uv": [2, 4.66667, 3, 4.66667], "texture": "#0"},
				"west": {"uv": [0, 0, 1, 0.33333], "texture": "#0"},
				"up": {"uv": [0, 0, 1, 0.33333], "texture": "#0"},
				"down": {"uv": [0, 0, 1, 0.33333], "texture": "#0"}
			}
		},
		{
			"from": [8, 9, 8],
			"to": [9, 10, 9],
			"faces": {
				"north": {"uv": [3, 5.33333, 4, 5.66667], "texture": "#0"},
				"east": {"uv": [0, 0, 1, 0.33333], "texture": "#0"},
				"south": {"uv": [3, 5.66667, 3, 5.66667], "texture": "#0"},
				"west": {"uv": [3, 5, 4, 5.33333], "texture": "#0"},
				"up": {"uv": [3, 5.33333, 3, 5.66667], "texture": "#0"},
				"down": {"uv": [0, 0, 1, 0.33333], "texture": "#0"}
			}
		},
		{
			"from": [9, 9, 8],
			"to": [10, 10, 9],
			"faces": {
				"north": {"uv": [3, 5.33333, 4, 5.66667], "texture": "#0"},
				"east": {"uv": [0, 0, 1, 0.33333], "texture": "#0"},
				"south": {"uv": [3, 5.66667, 3, 5.66667], "texture": "#0"},
				"west": {"uv": [0, 0, 1, 0.33333], "texture": "#0"},
				"up": {"uv": [0, 0, 1, 0.33333], "texture": "#0"},
				"down": {"uv": [0, 0, 1, 0.33333], "texture": "#0"}
			}
		},
		{
			"from": [10, 9, 8],
			"to": [11, 10, 9],
			"faces": {
				"north": {"uv": [3, 5.33333, 4, 5.66667], "texture": "#0"},
				"east": {"uv": [0, 0, 1, 0.33333], "texture": "#0"},
				"south": {"uv": [3, 5.66667, 3, 5.66667], "texture": "#0"},
				"west": {"uv": [0, 0, 1, 0.33333], "texture": "#0"},
				"up": {"uv": [0, 0, 1, 0.33333], "texture": "#0"},
				"down": {"uv": [0, 0, 1, 0.33333], "texture": "#0"}
			}
		},
		{
			"from": [11, 9, 8],
			"to": [12, 10, 9],
			"faces": {
				"north": {"uv": [2, 5, 3, 5], "texture": "#0"},
				"east": {"uv": [8, 9.66667, 9, 9.66667], "texture": "#0"},
				"south": {"uv": [2, 4.66667, 3, 4.66667], "texture": "#0"},
				"west": {"uv": [0, 0, 1, 0.33333], "texture": "#0"},
				"up": {"uv": [0, 0, 1, 0.33333], "texture": "#0"},
				"down": {"uv": [3, 3, 4, 3.33333], "texture": "#0"}
			}
		},
		{
			"from": [9, 10, 8],
			"to": [10, 11, 9],
			"faces": {
				"north": {"uv": [3, 5.33333, 4, 5.66667], "texture": "#0"},
				"east": {"uv": [0, 0, 1, 0.33333], "texture": "#0"},
				"south": {"uv": [3, 5.66667, 3, 5.66667], "texture": "#0"},
				"west": {"uv": [3, 5, 4, 5.33333], "texture": "#0"},
				"up": {"uv": [0, 0, 1, 0.33333], "texture": "#0"},
				"down": {"uv": [0, 0, 1, 0.33333], "texture": "#0"}
			}
		},
		{
			"from": [10, 10, 8],
			"to": [11, 11, 9],
			"faces": {
				"north": {"uv": [3, 5.33333, 4, 5.66667], "texture": "#0"},
				"east": {"uv": [0, 0, 1, 0.33333], "texture": "#0"},
				"south": {"uv": [3, 5.66667, 3, 5.66667], "texture": "#0"},
				"west": {"uv": [0, 0, 1, 0.33333], "texture": "#0"},
				"up": {"uv": [0, 0, 1, 0.33333], "texture": "#0"},
				"down": {"uv": [0, 0, 1, 0.33333], "texture": "#0"}
			}
		},
		{
			"from": [11, 10, 8],
			"to": [12, 11, 9],
			"faces": {
				"north": {"uv": [3, 5.33333, 4, 5.66667], "texture": "#0"},
				"east": {"uv": [0, 0, 1, 0.33333], "texture": "#0"},
				"south": {"uv": [3, 5.66667, 3, 5.66667], "texture": "#0"},
				"west": {"uv": [0, 0, 1, 0.33333], "texture": "#0"},
				"up": {"uv": [0, 0, 1, 0.33333], "texture": "#0"},
				"down": {"uv": [0, 0, 1, 0.33333], "texture": "#0"}
			}
		},
		{
			"from": [12, 10, 8],
			"to": [13, 11, 9],
			"faces": {
				"north": {"uv": [2, 5, 3, 5], "texture": "#0"},
				"east": {"uv": [8, 9.66667, 9, 9.66667], "texture": "#0"},
				"south": {"uv": [2, 4.66667, 3, 4.66667], "texture": "#0"},
				"west": {"uv": [0, 0, 1, 0.33333], "texture": "#0"},
				"up": {"uv": [0, 0, 1, 0.33333], "texture": "#0"},
				"down": {"uv": [3, 3, 4, 3.33333], "texture": "#0"}
			}
		},
		{
			"from": [9, 11, 8],
			"to": [10, 12, 9],
			"faces": {
				"north": {"uv": [3, 5.33333, 4, 5.66667], "texture": "#0"},
				"east": {"uv": [0, 0, 1, 0.33333], "texture": "#0"},
				"south": {"uv": [3, 5.66667, 3, 5.66667], "texture": "#0"},
				"west": {"uv": [3, 5, 4, 5.33333], "texture": "#0"},
				"up": {"uv": [0, 0, 1, 0.33333], "texture": "#0"},
				"down": {"uv": [0, 0, 1, 0.33333], "texture": "#0"}
			}
		},
		{
			"from": [10, 11, 8],
			"to": [11, 12, 9],
			"faces": {
				"north": {"uv": [3, 5.33333, 4, 5.66667], "texture": "#0"},
				"east": {"uv": [0, 0, 1, 0.33333], "texture": "#0"},
				"south": {"uv": [3, 5.66667, 3, 5.66667], "texture": "#0"},
				"west": {"uv": [0, 0, 1, 0.33333], "texture": "#0"},
				"up": {"uv": [0, 0, 1, 0.33333], "texture": "#0"},
				"down": {"uv": [0, 0, 1, 0.33333], "texture": "#0"}
			}
		},
		{
			"from": [11, 11, 8],
			"to": [12, 12, 9],
			"faces": {
				"north": {"uv": [3, 5.33333, 4, 5.66667], "texture": "#0"},
				"east": {"uv": [0, 0, 1, 0.33333], "texture": "#0"},
				"south": {"uv": [3, 5.66667, 3, 5.66667], "texture": "#0"},
				"west": {"uv": [0, 0, 1, 0.33333], "texture": "#0"},
				"up": {"uv": [0, 0, 1, 0.33333], "texture": "#0"},
				"down": {"uv": [0, 0, 1, 0.33333], "texture": "#0"}
			}
		},
		{
			"from": [12, 11, 8],
			"to": [13, 12, 9],
			"faces": {
				"north": {"uv": [2, 5, 3, 5], "texture": "#0"},
				"east": {"uv": [8, 9.66667, 9, 9.66667], "texture": "#0"},
				"south": {"uv": [2, 4.66667, 3, 4.66667], "texture": "#0"},
				"west": {"uv": [0, 0, 1, 0.33333], "texture": "#0"},
				"up": {"uv": [0, 0, 1, 0.33333], "texture": "#0"},
				"down": {"uv": [0, 0, 1, 0.33333], "texture": "#0"}
			}
		},
		{
			"from": [9, 12, 8],
			"to": [10, 13, 9],
			"faces": {
				"north": {"uv": [3, 5.33333, 4, 5.66667], "texture": "#0"},
				"east": {"uv": [0, 0, 1, 0.33333], "texture": "#0"},
				"south": {"uv": [3, 5.66667, 3, 5.66667], "texture": "#0"},
				"west": {"uv": [3, 5, 4, 5.33333], "texture": "#0"},
				"up": {"uv": [3, 5.33333, 3, 5.66667], "texture": "#0"},
				"down": {"uv": [0, 0, 1, 0.33333], "texture": "#0"}
			}
		},
		{
			"from": [10, 12, 8],
			"to": [11, 13, 9],
			"faces": {
				"north": {"uv": [3, 5.33333, 4, 5.66667], "texture": "#0"},
				"east": {"uv": [0, 0, 1, 0.33333], "texture": "#0"},
				"south": {"uv": [3, 5.66667, 3, 5.66667], "texture": "#0"},
				"west": {"uv": [0, 0, 1, 0.33333], "texture": "#0"},
				"up": {"uv": [0, 0, 1, 0.33333], "texture": "#0"},
				"down": {"uv": [0, 0, 1, 0.33333], "texture": "#0"}
			}
		},
		{
			"from": [11, 12, 8],
			"to": [12, 13, 9],
			"faces": {
				"north": {"uv": [3, 5.33333, 4, 5.66667], "texture": "#0"},
				"east": {"uv": [0, 0, 1, 0.33333], "texture": "#0"},
				"south": {"uv": [3, 5.66667, 3, 5.66667], "texture": "#0"},
				"west": {"uv": [0, 0, 1, 0.33333], "texture": "#0"},
				"up": {"uv": [0, 0, 1, 0.33333], "texture": "#0"},
				"down": {"uv": [0, 0, 1, 0.33333], "texture": "#0"}
			}
		},
		{
			"from": [12, 12, 8],
			"to": [13, 13, 9],
			"faces": {
				"north": {"uv": [2, 5, 3, 5], "texture": "#0"},
				"east": {"uv": [8, 9.66667, 9, 9.66667], "texture": "#0"},
				"south": {"uv": [2, 4.66667, 3, 4.66667], "texture": "#0"},
				"west": {"uv": [0, 0, 1, 0.33333], "texture": "#0"},
				"up": {"uv": [0, 0, 1, 0.33333], "texture": "#0"},
				"down": {"uv": [0, 0, 1, 0.33333], "texture": "#0"}
			}
		},
		{
			"from": [12, 20, 8],
			"to": [13, 21, 9],
			"faces": {
				"north": {"uv": [2, 5, 3, 5], "texture": "#0"},
				"east": {"uv": [8, 9.66667, 9, 9.66667], "texture": "#0"},
				"south": {"uv": [2, 4.66667, 3, 4.66667], "texture": "#0"},
				"west": {"uv": [0, 0, 1, 0.33333], "texture": "#0"},
				"up": {"uv": [0, 0, 1, 0.33333], "texture": "#0"},
				"down": {"uv": [0, 0, 1, 0.33333], "texture": "#0"}
			}
		},
		{
			"from": [11, 20, 8],
			"to": [12, 21, 9],
			"faces": {
				"north": {"uv": [3, 5.33333, 4, 5.66667], "texture": "#0"},
				"east": {"uv": [0, 0, 1, 0.33333], "texture": "#0"},
				"south": {"uv": [3, 5.66667, 3, 5.66667], "texture": "#0"},
				"west": {"uv": [0, 0, 1, 0.33333], "texture": "#0"},
				"up": {"uv": [0, 0, 1, 0.33333], "texture": "#0"},
				"down": {"uv": [0, 0, 1, 0.33333], "texture": "#0"}
			}
		},
		{
			"from": [10, 20, 8],
			"to": [11, 21, 9],
			"faces": {
				"north": {"uv": [3, 5.33333, 4, 5.66667], "texture": "#0"},
				"east": {"uv": [0, 0, 1, 0.33333], "texture": "#0"},
				"south": {"uv": [3, 5.66667, 3, 5.66667], "texture": "#0"},
				"west": {"uv": [0, 0, 1, 0.33333], "texture": "#0"},
				"up": {"uv": [0, 0, 1, 0.33333], "texture": "#0"},
				"down": {"uv": [0, 0, 1, 0.33333], "texture": "#0"}
			}
		},
		{
			"from": [9, 20, 8],
			"to": [10, 21, 9],
			"faces": {
				"north": {"uv": [3, 5.33333, 4, 5.66667], "texture": "#0"},
				"east": {"uv": [0, 0, 1, 0.33333], "texture": "#0"},
				"south": {"uv": [3, 5.66667, 3, 5.66667], "texture": "#0"},
				"west": {"uv": [3, 5, 4, 5.33333], "texture": "#0"},
				"up": {"uv": [0, 0, 1, 0.33333], "texture": "#0"},
				"down": {"uv": [3, 5.33333, 4, 5.66667], "texture": "#0"}
			}
		},
		{
			"from": [12, 21, 8],
			"to": [13, 22, 9],
			"faces": {
				"north": {"uv": [2, 5, 3, 5], "texture": "#0"},
				"east": {"uv": [8, 9.66667, 9, 9.66667], "texture": "#0"},
				"south": {"uv": [2, 4.66667, 3, 4.66667], "texture": "#0"},
				"west": {"uv": [0, 0, 1, 0.33333], "texture": "#0"},
				"up": {"uv": [0, 0, 1, 0.33333], "texture": "#0"},
				"down": {"uv": [0, 0, 1, 0.33333], "texture": "#0"}
			}
		},
		{
			"from": [11, 21, 8],
			"to": [12, 22, 9],
			"faces": {
				"north": {"uv": [3, 5.33333, 4, 5.66667], "texture": "#0"},
				"east": {"uv": [0, 0, 1, 0.33333], "texture": "#0"},
				"south": {"uv": [3, 5.66667, 3, 5.66667], "texture": "#0"},
				"west": {"uv": [0, 0, 1, 0.33333], "texture": "#0"},
				"up": {"uv": [0, 0, 1, 0.33333], "texture": "#0"},
				"down": {"uv": [0, 0, 1, 0.33333], "texture": "#0"}
			}
		},
		{
			"from": [10, 21, 8],
			"to": [11, 22, 9],
			"faces": {
				"north": {"uv": [3, 5.33333, 4, 5.66667], "texture": "#0"},
				"east": {"uv": [0, 0, 1, 0.33333], "texture": "#0"},
				"south": {"uv": [3, 5.66667, 3, 5.66667], "texture": "#0"},
				"west": {"uv": [0, 0, 1, 0.33333], "texture": "#0"},
				"up": {"uv": [0, 0, 1, 0.33333], "texture": "#0"},
				"down": {"uv": [0, 0, 1, 0.33333], "texture": "#0"}
			}
		},
		{
			"from": [9, 21, 8],
			"to": [10, 22, 9],
			"faces": {
				"north": {"uv": [3, 5.33333, 4, 5.66667], "texture": "#0"},
				"east": {"uv": [0, 0, 1, 0.33333], "texture": "#0"},
				"south": {"uv": [3, 5.66667, 3, 5.66667], "texture": "#0"},
				"west": {"uv": [3, 5, 4, 5.33333], "texture": "#0"},
				"up": {"uv": [0, 0, 1, 0.33333], "texture": "#0"},
				"down": {"uv": [0, 0, 1, 0.33333], "texture": "#0"}
			}
		},
		{
			"from": [12, 22, 8],
			"to": [13, 23, 9],
			"faces": {
				"north": {"uv": [2, 5, 3, 5], "texture": "#0"},
				"east": {"uv": [8, 9.66667, 9, 9.66667], "texture": "#0"},
				"south": {"uv": [2, 4.66667, 3, 4.66667], "texture": "#0"},
				"west": {"uv": [0, 0, 1, 0.33333], "texture": "#0"},
				"up": {"uv": [4, 2.33333, 5, 2.66667], "texture": "#0"},
				"down": {"uv": [0, 0, 1, 0.33333], "texture": "#0"}
			}
		},
		{
			"from": [11, 22, 8],
			"to": [12, 23, 9],
			"faces": {
				"north": {"uv": [3, 5.33333, 4, 5.66667], "texture": "#0"},
				"east": {"uv": [0, 0, 1, 0.33333], "texture": "#0"},
				"south": {"uv": [3, 5.66667, 3, 5.66667], "texture": "#0"},
				"west": {"uv": [0, 0, 1, 0.33333], "texture": "#0"},
				"up": {"uv": [0, 0, 1, 0.33333], "texture": "#0"},
				"down": {"uv": [0, 0, 1, 0.33333], "texture": "#0"}
			}
		},
		{
			"from": [10, 22, 8],
			"to": [11, 23, 9],
			"faces": {
				"north": {"uv": [3, 5.33333, 4, 5.66667], "texture": "#0"},
				"east": {"uv": [0, 0, 1, 0.33333], "texture": "#0"},
				"south": {"uv": [3, 5.66667, 3, 5.66667], "texture": "#0"},
				"west": {"uv": [0, 0, 1, 0.33333], "texture": "#0"},
				"up": {"uv": [0, 0, 1, 0.33333], "texture": "#0"},
				"down": {"uv": [0, 0, 1, 0.33333], "texture": "#0"}
			}
		},
		{
			"from": [9, 22, 8],
			"to": [10, 23, 9],
			"faces": {
				"north": {"uv": [3, 5.33333, 4, 5.66667], "texture": "#0"},
				"east": {"uv": [0, 0, 1, 0.33333], "texture": "#0"},
				"south": {"uv": [3, 5.66667, 3, 5.66667], "texture": "#0"},
				"west": {"uv": [3, 5, 4, 5.33333], "texture": "#0"},
				"up": {"uv": [0, 0, 1, 0.33333], "texture": "#0"},
				"down": {"uv": [0, 0, 1, 0.33333], "texture": "#0"}
			}
		},
		{
			"from": [11, 23, 8],
			"to": [12, 24, 9],
			"faces": {
				"north": {"uv": [2, 5, 3, 5], "texture": "#0"},
				"east": {"uv": [8, 9.66667, 9, 9.66667], "texture": "#0"},
				"south": {"uv": [2, 4.66667, 3, 4.66667], "texture": "#0"},
				"west": {"uv": [0, 0, 1, 0.33333], "texture": "#0"},
				"up": {"uv": [0, 0, 1, 0.33333], "texture": "#0"},
				"down": {"uv": [0, 0, 1, 0.33333], "texture": "#0"}
			}
		},
		{
			"from": [10, 23, 8],
			"to": [11, 24, 9],
			"faces": {
				"north": {"uv": [3, 5.33333, 4, 5.66667], "texture": "#0"},
				"east": {"uv": [0, 0, 1, 0.33333], "texture": "#0"},
				"south": {"uv": [3, 5.66667, 3, 5.66667], "texture": "#0"},
				"west": {"uv": [0, 0, 1, 0.33333], "texture": "#0"},
				"up": {"uv": [0, 0, 1, 0.33333], "texture": "#0"},
				"down": {"uv": [0, 0, 1, 0.33333], "texture": "#0"}
			}
		},
		{
			"from": [9, 23, 8],
			"to": [10, 24, 9],
			"faces": {
				"north": {"uv": [3, 5.33333, 4, 5.66667], "texture": "#0"},
				"east": {"uv": [0, 0, 1, 0.33333], "texture": "#0"},
				"south": {"uv": [3, 5.66667, 3, 5.66667], "texture": "#0"},
				"west": {"uv": [0, 0, 1, 0.33333], "texture": "#0"},
				"up": {"uv": [0, 0, 1, 0.33333], "texture": "#0"},
				"down": {"uv": [0, 0, 1, 0.33333], "texture": "#0"}
			}
		},
		{
			"from": [8, 23, 8],
			"to": [9, 24, 9],
			"faces": {
				"north": {"uv": [3, 5.33333, 4, 5.66667], "texture": "#0"},
				"east": {"uv": [0, 0, 1, 0.33333], "texture": "#0"},
				"south": {"uv": [3, 5.66667, 3, 5.66667], "texture": "#0"},
				"west": {"uv": [3, 5, 4, 5.33333], "texture": "#0"},
				"up": {"uv": [0, 0, 1, 0.33333], "texture": "#0"},
				"down": {"uv": [3, 5.33333, 4, 5.66667], "texture": "#0"}
			}
		},
		{
			"from": [11, 24, 8],
			"to": [12, 25, 9],
			"faces": {
				"north": {"uv": [2, 5, 3, 5], "texture": "#0"},
				"east": {"uv": [8, 9.66667, 9, 9.66667], "texture": "#0"},
				"south": {"uv": [2, 4.66667, 3, 4.66667], "texture": "#0"},
				"west": {"uv": [0, 0, 1, 0.33333], "texture": "#0"},
				"up": {"uv": [4, 2.33333, 5, 2.66667], "texture": "#0"},
				"down": {"uv": [0, 0, 1, 0.33333], "texture": "#0"}
			}
		},
		{
			"from": [10, 24, 8],
			"to": [11, 25, 9],
			"faces": {
				"north": {"uv": [3, 5.33333, 4, 5.66667], "texture": "#0"},
				"east": {"uv": [0, 0, 1, 0.33333], "texture": "#0"},
				"south": {"uv": [3, 5.66667, 3, 5.66667], "texture": "#0"},
				"west": {"uv": [0, 0, 1, 0.33333], "texture": "#0"},
				"up": {"uv": [0, 0, 1, 0.33333], "texture": "#0"},
				"down": {"uv": [0, 0, 1, 0.33333], "texture": "#0"}
			}
		},
		{
			"from": [9, 24, 8],
			"to": [10, 25, 9],
			"faces": {
				"north": {"uv": [3, 5.33333, 4, 5.66667], "texture": "#0"},
				"east": {"uv": [0, 0, 1, 0.33333], "texture": "#0"},
				"south": {"uv": [3, 5.66667, 3, 5.66667], "texture": "#0"},
				"west": {"uv": [0, 0, 1, 0.33333], "texture": "#0"},
				"up": {"uv": [0, 0, 1, 0.33333], "texture": "#0"},
				"down": {"uv": [0, 0, 1, 0.33333], "texture": "#0"}
			}
		},
		{
			"from": [8, 24, 8],
			"to": [9, 25, 9],
			"faces": {
				"north": {"uv": [3, 5.33333, 4, 5.66667], "texture": "#0"},
				"east": {"uv": [0, 0, 1, 0.33333], "texture": "#0"},
				"south": {"uv": [3, 5.66667, 3, 5.66667], "texture": "#0"},
				"west": {"uv": [3, 5, 4, 5.33333], "texture": "#0"},
				"up": {"uv": [0, 0, 1, 0.33333], "texture": "#0"},
				"down": {"uv": [0, 0, 1, 0.33333], "texture": "#0"}
			}
		},
		{
			"from": [10, 25, 8],
			"to": [11, 26, 9],
			"faces": {
				"north": {"uv": [2, 5, 3, 5], "texture": "#0"},
				"east": {"uv": [8, 9.66667, 9, 9.66667], "texture": "#0"},
				"south": {"uv": [2, 4.66667, 3, 4.66667], "texture": "#0"},
				"west": {"uv": [0, 0, 1, 0.33333], "texture": "#0"},
				"up": {"uv": [0, 0, 1, 0.33333], "texture": "#0"},
				"down": {"uv": [0, 0, 1, 0.33333], "texture": "#0"}
			}
		},
		{
			"from": [9, 25, 8],
			"to": [10, 26, 9],
			"faces": {
				"north": {"uv": [3, 5.33333, 4, 5.66667], "texture": "#0"},
				"east": {"uv": [0, 0, 1, 0.33333], "texture": "#0"},
				"south": {"uv": [3, 5.66667, 3, 5.66667], "texture": "#0"},
				"west": {"uv": [0, 0, 1, 0.33333], "texture": "#0"},
				"up": {"uv": [0, 0, 1, 0.33333], "texture": "#0"},
				"down": {"uv": [0, 0, 1, 0.33333], "texture": "#0"}
			}
		},
		{
			"from": [8, 25, 8],
			"to": [9, 26, 9],
			"faces": {
				"north": {"uv": [3, 5.33333, 4, 5.66667], "texture": "#0"},
				"east": {"uv": [0, 0, 1, 0.33333], "texture": "#0"},
				"south": {"uv": [3, 5.66667, 3, 5.66667], "texture": "#0"},
				"west": {"uv": [0, 0, 1, 0.33333], "texture": "#0"},
				"up": {"uv": [0, 0, 1, 0.33333], "texture": "#0"},
				"down": {"uv": [0, 0, 1, 0.33333], "texture": "#0"}
			}
		},
		{
			"from": [7, 25, 8],
			"to": [8, 26, 9],
			"faces": {
				"north": {"uv": [3, 5.33333, 4, 5.66667], "texture": "#0"},
				"east": {"uv": [0, 0, 1, 0.33333], "texture": "#0"},
				"south": {"uv": [3, 5.66667, 3, 5.66667], "texture": "#0"},
				"west": {"uv": [3, 5, 4, 5.33333], "texture": "#0"},
				"up": {"uv": [0, 0, 1, 0.33333], "texture": "#0"},
				"down": {"uv": [3, 5.33333, 4, 5.66667], "texture": "#0"}
			}
		},
		{
			"from": [10, 26, 8],
			"to": [11, 27, 9],
			"faces": {
				"north": {"uv": [2, 5, 3, 5], "texture": "#0"},
				"east": {"uv": [8, 9.66667, 9, 9.66667], "texture": "#0"},
				"south": {"uv": [2, 4.66667, 3, 4.66667], "texture": "#0"},
				"west": {"uv": [0, 0, 1, 0.33333], "texture": "#0"},
				"up": {"uv": [0, 0, 1, 0.33333], "texture": "#0"},
				"down": {"uv": [0, 0, 1, 0.33333], "texture": "#0"}
			}
		},
		{
			"from": [9, 26, 8],
			"to": [10, 27, 9],
			"faces": {
				"north": {"uv": [3, 5.33333, 4, 5.66667], "texture": "#0"},
				"east": {"uv": [0, 0, 1, 0.33333], "texture": "#0"},
				"south": {"uv": [3, 5.66667, 3, 5.66667], "texture": "#0"},
				"west": {"uv": [0, 0, 1, 0.33333], "texture": "#0"},
				"up": {"uv": [0, 0, 1, 0.33333], "texture": "#0"},
				"down": {"uv": [0, 0, 1, 0.33333], "texture": "#0"}
			}
		},
		{
			"from": [8, 26, 8],
			"to": [9, 27, 9],
			"faces": {
				"north": {"uv": [3, 5.33333, 4, 5.66667], "texture": "#0"},
				"east": {"uv": [0, 0, 1, 0.33333], "texture": "#0"},
				"south": {"uv": [3, 5.66667, 3, 5.66667], "texture": "#0"},
				"west": {"uv": [0, 0, 1, 0.33333], "texture": "#0"},
				"up": {"uv": [0, 0, 1, 0.33333], "texture": "#0"},
				"down": {"uv": [0, 0, 1, 0.33333], "texture": "#0"}
			}
		},
		{
			"from": [7, 26, 8],
			"to": [8, 27, 9],
			"faces": {
				"north": {"uv": [3, 5.33333, 4, 5.66667], "texture": "#0"},
				"east": {"uv": [0, 0, 1, 0.33333], "texture": "#0"},
				"south": {"uv": [3, 5.66667, 3, 5.66667], "texture": "#0"},
				"west": {"uv": [3, 5, 4, 5.33333], "texture": "#0"},
				"up": {"uv": [0, 0, 1, 0.33333], "texture": "#0"},
				"down": {"uv": [0, 0, 1, 0.33333], "texture": "#0"}
			}
		},
		{
			"from": [10, 27, 8],
			"to": [11, 28, 9],
			"faces": {
				"north": {"uv": [2, 5, 3, 5], "texture": "#0"},
				"east": {"uv": [8, 9.66667, 9, 9.66667], "texture": "#0"},
				"south": {"uv": [2, 4.66667, 3, 4.66667], "texture": "#0"},
				"west": {"uv": [0, 0, 1, 0.33333], "texture": "#0"},
				"up": {"uv": [4, 2.33333, 5, 2.66667], "texture": "#0"},
				"down": {"uv": [0, 0, 1, 0.33333], "texture": "#0"}
			}
		},
		{
			"from": [9, 27, 8],
			"to": [10, 28, 9],
			"faces": {
				"north": {"uv": [3, 5.33333, 4, 5.66667], "texture": "#0"},
				"east": {"uv": [0, 0, 1, 0.33333], "texture": "#0"},
				"south": {"uv": [3, 5.66667, 3, 5.66667], "texture": "#0"},
				"west": {"uv": [0, 0, 1, 0.33333], "texture": "#0"},
				"up": {"uv": [0, 0, 1, 0.33333], "texture": "#0"},
				"down": {"uv": [0, 0, 1, 0.33333], "texture": "#0"}
			}
		},
		{
			"from": [8, 27, 8],
			"to": [9, 28, 9],
			"faces": {
				"north": {"uv": [3, 5.33333, 4, 5.66667], "texture": "#0"},
				"east": {"uv": [0, 0, 1, 0.33333], "texture": "#0"},
				"south": {"uv": [3, 5.66667, 3, 5.66667], "texture": "#0"},
				"west": {"uv": [0, 0, 1, 0.33333], "texture": "#0"},
				"up": {"uv": [0, 0, 1, 0.33333], "texture": "#0"},
				"down": {"uv": [0, 0, 1, 0.33333], "texture": "#0"}
			}
		},
		{
			"from": [7, 27, 8],
			"to": [8, 28, 9],
			"faces": {
				"north": {"uv": [3, 5.33333, 4, 5.66667], "texture": "#0"},
				"east": {"uv": [0, 0, 1, 0.33333], "texture": "#0"},
				"south": {"uv": [3, 5.66667, 3, 5.66667], "texture": "#0"},
				"west": {"uv": [3, 5, 4, 5.33333], "texture": "#0"},
				"up": {"uv": [0, 0, 1, 0.33333], "texture": "#0"},
				"down": {"uv": [0, 0, 1, 0.33333], "texture": "#0"}
			}
		},
		{
			"from": [9, 28, 8],
			"to": [10, 29, 9],
			"faces": {
				"north": {"uv": [2, 5, 3, 5], "texture": "#0"},
				"east": {"uv": [8, 9.66667, 9, 9.66667], "texture": "#0"},
				"south": {"uv": [2, 4.66667, 3, 4.66667], "texture": "#0"},
				"west": {"uv": [0, 0, 1, 0.33333], "texture": "#0"},
				"up": {"uv": [4, 2.33333, 5, 2.66667], "texture": "#0"},
				"down": {"uv": [0, 0, 1, 0.33333], "texture": "#0"}
			}
		},
		{
			"from": [8, 28, 8],
			"to": [9, 29, 9],
			"faces": {
				"north": {"uv": [3, 5.33333, 4, 5.66667], "texture": "#0"},
				"east": {"uv": [0, 0, 1, 0.33333], "texture": "#0"},
				"south": {"uv": [3, 5.66667, 3, 5.66667], "texture": "#0"},
				"west": {"uv": [0, 0, 1, 0.33333], "texture": "#0"},
				"up": {"uv": [0, 0, 1, 0.33333], "texture": "#0"},
				"down": {"uv": [0, 0, 1, 0.33333], "texture": "#0"}
			}
		},
		{
			"from": [7, 28, 8],
			"to": [8, 29, 9],
			"faces": {
				"north": {"uv": [3, 5.33333, 4, 5.66667], "texture": "#0"},
				"east": {"uv": [0, 0, 1, 0.33333], "texture": "#0"},
				"south": {"uv": [3, 5.66667, 3, 5.66667], "texture": "#0"},
				"west": {"uv": [0, 0, 1, 0.33333], "texture": "#0"},
				"up": {"uv": [0, 0, 1, 0.33333], "texture": "#0"},
				"down": {"uv": [0, 0, 1, 0.33333], "texture": "#0"}
			}
		},
		{
			"from": [6, 28, 8],
			"to": [7, 29, 9],
			"faces": {
				"north": {"uv": [3, 5.33333, 4, 5.66667], "texture": "#0"},
				"east": {"uv": [0, 0, 1, 0.33333], "texture": "#0"},
				"south": {"uv": [3, 5.66667, 3, 5.66667], "texture": "#0"},
				"west": {"uv": [3, 5, 4, 5.33333], "texture": "#0"},
				"up": {"uv": [0, 0, 1, 0.33333], "texture": "#0"},
				"down": {"uv": [3, 5.33333, 4, 5.66667], "texture": "#0"}
			}
		},
		{
			"from": [8, 29, 8],
			"to": [9, 30, 9],
			"faces": {
				"north": {"uv": [2, 5, 3, 5], "texture": "#0"},
				"east": {"uv": [8, 9.66667, 9, 9.66667], "texture": "#0"},
				"south": {"uv": [2, 4.66667, 3, 4.66667], "texture": "#0"},
				"west": {"uv": [0, 0, 1, 0.33333], "texture": "#0"},
				"up": {"uv": [4, 2.33333, 5, 2.66667], "texture": "#0"},
				"down": {"uv": [0, 0, 1, 0.33333], "texture": "#0"}
			}
		},
		{
			"from": [7, 29, 8],
			"to": [8, 30, 9],
			"faces": {
				"north": {"uv": [3, 5.33333, 4, 5.66667], "texture": "#0"},
				"east": {"uv": [0, 0, 1, 0.33333], "texture": "#0"},
				"south": {"uv": [3, 5.66667, 3, 5.66667], "texture": "#0"},
				"west": {"uv": [0, 0, 1, 0.33333], "texture": "#0"},
				"up": {"uv": [0, 0, 1, 0.33333], "texture": "#0"},
				"down": {"uv": [0, 0, 1, 0.33333], "texture": "#0"}
			}
		},
		{
			"from": [6, 29, 8],
			"to": [7, 30, 9],
			"faces": {
				"north": {"uv": [3, 5.33333, 4, 5.66667], "texture": "#0"},
				"east": {"uv": [0, 0, 1, 0.33333], "texture": "#0"},
				"south": {"uv": [3, 5.66667, 3, 5.66667], "texture": "#0"},
				"west": {"uv": [3, 5, 4, 5.33333], "texture": "#0"},
				"up": {"uv": [0, 0, 1, 0.33333], "texture": "#0"},
				"down": {"uv": [0, 0, 1, 0.33333], "texture": "#0"}
			}
		},
		{
			"from": [6, 30, 8],
			"to": [7, 31, 9],
			"faces": {
				"north": {"uv": [3, 5.33333, 4, 5.66667], "texture": "#0"},
				"east": {"uv": [0, 0, 1, 0.33333], "texture": "#0"},
				"south": {"uv": [3, 5.66667, 3, 5.66667], "texture": "#0"},
				"west": {"uv": [3, 5, 4, 5.33333], "texture": "#0"},
				"up": {"uv": [0, 0, 1, 0.33333], "texture": "#0"},
				"down": {"uv": [0, 0, 1, 0.33333], "texture": "#0"}
			}
		},
		{
			"from": [7, 30, 8],
			"to": [8, 31, 9],
			"faces": {
				"north": {"uv": [2, 5, 3, 5], "texture": "#0"},
				"east": {"uv": [8, 9.66667, 9, 9.66667], "texture": "#0"},
				"south": {"uv": [2, 4.66667, 3, 4.66667], "texture": "#0"},
				"west": {"uv": [0, 0, 1, 0.33333], "texture": "#0"},
				"up": {"uv": [4, 2.33333, 5, 2.66667], "texture": "#0"},
				"down": {"uv": [0, 0, 1, 0.33333], "texture": "#0"}
			}
		},
		{
			"from": [6, 31, 8],
			"to": [7, 32, 9],
			"faces": {
				"north": {"uv": [2, 5, 3, 5], "texture": "#0"},
				"east": {"uv": [8, 9.66667, 9, 9.66667], "texture": "#0"},
				"south": {"uv": [2, 4.66667, 3, 4.66667], "texture": "#0"},
				"west": {"uv": [3, 3.33333, 4, 3.66667], "texture": "#0"},
				"up": {"uv": [4, 2.33333, 5, 2.66667], "texture": "#0"},
				"down": {"uv": [0, 0, 1, 0.33333], "texture": "#0"}
			}
		},
		{
			"from": [8, 29, 8],
			"to": [9, 30, 9],
			"faces": {
				"north": {"uv": [0, 0, 1, 0.33333], "texture": "#0"},
				"east": {"uv": [0, 0, 1, 0.33333], "texture": "#0"},
				"south": {"uv": [0, 0, 1, 0.33333], "texture": "#0"},
				"west": {"uv": [0, 0, 1, 0.33333], "texture": "#0"},
				"up": {"uv": [0, 0, 1, 0.33333], "texture": "#0"},
				"down": {"uv": [0, 0, 1, 0.33333], "texture": "#0"}
			}
		},
		{
			"from": [7, 29, 8],
			"to": [8, 30, 9],
			"faces": {
				"north": {"uv": [0, 0, 1, 0.33333], "texture": "#0"},
				"east": {"uv": [0, 0, 1, 0.33333], "texture": "#0"},
				"south": {"uv": [0, 0, 1, 0.33333], "texture": "#0"},
				"west": {"uv": [0, 0, 1, 0.33333], "texture": "#0"},
				"up": {"uv": [0, 0, 1, 0.33333], "texture": "#0"},
				"down": {"uv": [0, 0, 1, 0.33333], "texture": "#0"}
			}
		},
		{
			"from": [6, 29, 8],
			"to": [7, 30, 9],
			"faces": {
				"north": {"uv": [0, 0, 1, 0.33333], "texture": "#0"},
				"east": {"uv": [0, 0, 1, 0.33333], "texture": "#0"},
				"south": {"uv": [0, 0, 1, 0.33333], "texture": "#0"},
				"west": {"uv": [0, 0, 1, 0.33333], "texture": "#0"},
				"up": {"uv": [0, 0, 1, 0.33333], "texture": "#0"},
				"down": {"uv": [0, 0, 1, 0.33333], "texture": "#0"}
			}
		},
		{
			"from": [10, 13, 8],
			"to": [11, 14, 9],
			"faces": {
				"north": {"uv": [3, 5.33333, 4, 5.66667], "texture": "#0"},
				"east": {"uv": [0, 0, 1, 0.33333], "texture": "#0"},
				"south": {"uv": [3, 5.66667, 3, 5.66667], "texture": "#0"},
				"west": {"uv": [3, 5, 4, 5.33333], "texture": "#0"},
				"up": {"uv": [0, 0, 1, 0.33333], "texture": "#0"},
				"down": {"uv": [0, 0, 1, 0.33333], "texture": "#0"}
			}
		},
		{
			"from": [11, 13, 8],
			"to": [12, 14, 9],
			"faces": {
				"north": {"uv": [3, 5.33333, 4, 5.66667], "texture": "#0"},
				"east": {"uv": [0, 0, 1, 0.33333], "texture": "#0"},
				"south": {"uv": [3, 5.66667, 3, 5.66667], "texture": "#0"},
				"west": {"uv": [0, 0, 1, 0.33333], "texture": "#0"},
				"up": {"uv": [0, 0, 1, 0.33333], "texture": "#0"},
				"down": {"uv": [0, 0, 1, 0.33333], "texture": "#0"}
			}
		},
		{
			"from": [12, 13, 8],
			"to": [13, 14, 9],
			"faces": {
				"north": {"uv": [3, 5.33333, 4, 5.66667], "texture": "#0"},
				"east": {"uv": [0, 0, 1, 0.33333], "texture": "#0"},
				"south": {"uv": [3, 5.66667, 3, 5.66667], "texture": "#0"},
				"west": {"uv": [0, 0, 1, 0.33333], "texture": "#0"},
				"up": {"uv": [0, 0, 1, 0.33333], "texture": "#0"},
				"down": {"uv": [0, 0, 1, 0.33333], "texture": "#0"}
			}
		},
		{
			"from": [12, 14, 8],
			"to": [13, 15, 9],
			"faces": {
				"north": {"uv": [3, 5.33333, 4, 5.66667], "texture": "#0"},
				"east": {"uv": [0, 0, 1, 0.33333], "texture": "#0"},
				"south": {"uv": [3, 5.66667, 3, 5.66667], "texture": "#0"},
				"west": {"uv": [0, 0, 1, 0.33333], "texture": "#0"},
				"up": {"uv": [0, 0, 1, 0.33333], "texture": "#0"},
				"down": {"uv": [0, 0, 1, 0.33333], "texture": "#0"}
			}
		},
		{
			"from": [11, 14, 8],
			"to": [12, 15, 9],
			"faces": {
				"north": {"uv": [3, 5.33333, 4, 5.66667], "texture": "#0"},
				"east": {"uv": [0, 0, 1, 0.33333], "texture": "#0"},
				"south": {"uv": [3, 5.66667, 3, 5.66667], "texture": "#0"},
				"west": {"uv": [0, 0, 1, 0.33333], "texture": "#0"},
				"up": {"uv": [0, 0, 1, 0.33333], "texture": "#0"},
				"down": {"uv": [0, 0, 1, 0.33333], "texture": "#0"}
			}
		},
		{
			"from": [10, 14, 8],
			"to": [11, 15, 9],
			"faces": {
				"north": {"uv": [3, 5.33333, 4, 5.66667], "texture": "#0"},
				"east": {"uv": [0, 0, 1, 0.33333], "texture": "#0"},
				"south": {"uv": [3, 5.66667, 3, 5.66667], "texture": "#0"},
				"west": {"uv": [3, 5, 4, 5.33333], "texture": "#0"},
				"up": {"uv": [0, 0, 1, 0.33333], "texture": "#0"},
				"down": {"uv": [0, 0, 1, 0.33333], "texture": "#0"}
			}
		},
		{
			"from": [12, 15, 8],
			"to": [13, 16, 9],
			"faces": {
				"north": {"uv": [3, 5.33333, 4, 5.66667], "texture": "#0"},
				"east": {"uv": [0, 0, 1, 0.33333], "texture": "#0"},
				"south": {"uv": [3, 5.66667, 3, 5.66667], "texture": "#0"},
				"west": {"uv": [0, 0, 1, 0.33333], "texture": "#0"},
				"up": {"uv": [0, 0, 1, 0.33333], "texture": "#0"},
				"down": {"uv": [0, 0, 1, 0.33333], "texture": "#0"}
			}
		},
		{
			"from": [11, 15, 8],
			"to": [12, 16, 9],
			"faces": {
				"north": {"uv": [3, 5.33333, 4, 5.66667], "texture": "#0"},
				"east": {"uv": [0, 0, 1, 0.33333], "texture": "#0"},
				"south": {"uv": [3, 5.66667, 3, 5.66667], "texture": "#0"},
				"west": {"uv": [0, 0, 1, 0.33333], "texture": "#0"},
				"up": {"uv": [0, 0, 1, 0.33333], "texture": "#0"},
				"down": {"uv": [0, 0, 1, 0.33333], "texture": "#0"}
			}
		},
		{
			"from": [10, 15, 8],
			"to": [11, 16, 9],
			"faces": {
				"north": {"uv": [3, 5.33333, 4, 5.66667], "texture": "#0"},
				"east": {"uv": [0, 0, 1, 0.33333], "texture": "#0"},
				"south": {"uv": [3, 5.66667, 3, 5.66667], "texture": "#0"},
				"west": {"uv": [3, 5, 4, 5.33333], "texture": "#0"},
				"up": {"uv": [0, 0, 1, 0.33333], "texture": "#0"},
				"down": {"uv": [0, 0, 1, 0.33333], "texture": "#0"}
			}
		},
		{
			"from": [12, 16, 8],
			"to": [13, 17, 9],
			"faces": {
				"north": {"uv": [3, 5.33333, 4, 5.66667], "texture": "#0"},
				"east": {"uv": [0, 0, 1, 0.33333], "texture": "#0"},
				"south": {"uv": [3, 5.66667, 3, 5.66667], "texture": "#0"},
				"west": {"uv": [0, 0, 1, 0.33333], "texture": "#0"},
				"up": {"uv": [0, 0, 1, 0.33333], "texture": "#0"},
				"down": {"uv": [0, 0, 1, 0.33333], "texture": "#0"}
			}
		},
		{
			"from": [11, 16, 8],
			"to": [12, 17, 9],
			"faces": {
				"north": {"uv": [3, 5.33333, 4, 5.66667], "texture": "#0"},
				"east": {"uv": [0, 0, 1, 0.33333], "texture": "#0"},
				"south": {"uv": [3, 5.66667, 3, 5.66667], "texture": "#0"},
				"west": {"uv": [0, 0, 1, 0.33333], "texture": "#0"},
				"up": {"uv": [0, 0, 1, 0.33333], "texture": "#0"},
				"down": {"uv": [0, 0, 1, 0.33333], "texture": "#0"}
			}
		},
		{
			"from": [10, 16, 8],
			"to": [11, 17, 9],
			"faces": {
				"north": {"uv": [3, 5.33333, 4, 5.66667], "texture": "#0"},
				"east": {"uv": [0, 0, 1, 0.33333], "texture": "#0"},
				"south": {"uv": [3, 5.66667, 3, 5.66667], "texture": "#0"},
				"west": {"uv": [3, 5, 4, 5.33333], "texture": "#0"},
				"up": {"uv": [0, 0, 1, 0.33333], "texture": "#0"},
				"down": {"uv": [0, 0, 1, 0.33333], "texture": "#0"}
			}
		},
		{
			"from": [12, 17, 8],
			"to": [13, 18, 9],
			"faces": {
				"north": {"uv": [3, 5.33333, 4, 5.66667], "texture": "#0"},
				"east": {"uv": [0, 0, 1, 0.33333], "texture": "#0"},
				"south": {"uv": [3, 5.66667, 3, 5.66667], "texture": "#0"},
				"west": {"uv": [0, 0, 1, 0.33333], "texture": "#0"},
				"up": {"uv": [0, 0, 1, 0.33333], "texture": "#0"},
				"down": {"uv": [0, 0, 1, 0.33333], "texture": "#0"}
			}
		},
		{
			"from": [11, 17, 8],
			"to": [12, 18, 9],
			"faces": {
				"north": {"uv": [3, 5.33333, 4, 5.66667], "texture": "#0"},
				"east": {"uv": [0, 0, 1, 0.33333], "texture": "#0"},
				"south": {"uv": [3, 5.66667, 3, 5.66667], "texture": "#0"},
				"west": {"uv": [0, 0, 1, 0.33333], "texture": "#0"},
				"up": {"uv": [0, 0, 1, 0.33333], "texture": "#0"},
				"down": {"uv": [0, 0, 1, 0.33333], "texture": "#0"}
			}
		},
		{
			"from": [10, 17, 8],
			"to": [11, 18, 9],
			"faces": {
				"north": {"uv": [3, 5.33333, 4, 5.66667], "texture": "#0"},
				"east": {"uv": [0, 0, 1, 0.33333], "texture": "#0"},
				"south": {"uv": [3, 5.66667, 3, 5.66667], "texture": "#0"},
				"west": {"uv": [3, 5, 4, 5.33333], "texture": "#0"},
				"up": {"uv": [0, 0, 1, 0.33333], "texture": "#0"},
				"down": {"uv": [0, 0, 1, 0.33333], "texture": "#0"}
			}
		},
		{
			"from": [12, 18, 8],
			"to": [13, 19, 9],
			"faces": {
				"north": {"uv": [3, 5.33333, 4, 5.66667], "texture": "#0"},
				"east": {"uv": [0, 0, 1, 0.33333], "texture": "#0"},
				"south": {"uv": [3, 5.66667, 3, 5.66667], "texture": "#0"},
				"west": {"uv": [0, 0, 1, 0.33333], "texture": "#0"},
				"up": {"uv": [0, 0, 1, 0.33333], "texture": "#0"},
				"down": {"uv": [0, 0, 1, 0.33333], "texture": "#0"}
			}
		},
		{
			"from": [11, 18, 8],
			"to": [12, 19, 9],
			"faces": {
				"north": {"uv": [3, 5.33333, 4, 5.66667], "texture": "#0"},
				"east": {"uv": [0, 0, 1, 0.33333], "texture": "#0"},
				"south": {"uv": [3, 5.66667, 3, 5.66667], "texture": "#0"},
				"west": {"uv": [0, 0, 1, 0.33333], "texture": "#0"},
				"up": {"uv": [0, 0, 1, 0.33333], "texture": "#0"},
				"down": {"uv": [0, 0, 1, 0.33333], "texture": "#0"}
			}
		},
		{
			"from": [10, 18, 8],
			"to": [11, 19, 9],
			"faces": {
				"north": {"uv": [3, 5.33333, 4, 5.66667], "texture": "#0"},
				"east": {"uv": [0, 0, 1, 0.33333], "texture": "#0"},
				"south": {"uv": [3, 5.66667, 3, 5.66667], "texture": "#0"},
				"west": {"uv": [3, 5, 4, 5.33333], "texture": "#0"},
				"up": {"uv": [0, 0, 1, 0.33333], "texture": "#0"},
				"down": {"uv": [0, 0, 1, 0.33333], "texture": "#0"}
			}
		},
		{
			"from": [12, 19, 8],
			"to": [13, 20, 9],
			"faces": {
				"north": {"uv": [3, 5.33333, 4, 5.66667], "texture": "#0"},
				"east": {"uv": [0, 0, 1, 0.33333], "texture": "#0"},
				"south": {"uv": [3, 5.66667, 3, 5.66667], "texture": "#0"},
				"west": {"uv": [0, 0, 1, 0.33333], "texture": "#0"},
				"up": {"uv": [0, 0, 1, 0.33333], "texture": "#0"},
				"down": {"uv": [0, 0, 1, 0.33333], "texture": "#0"}
			}
		},
		{
			"from": [11, 19, 8],
			"to": [12, 20, 9],
			"faces": {
				"north": {"uv": [3, 5.33333, 4, 5.66667], "texture": "#0"},
				"east": {"uv": [0, 0, 1, 0.33333], "texture": "#0"},
				"south": {"uv": [3, 5.66667, 3, 5.66667], "texture": "#0"},
				"west": {"uv": [0, 0, 1, 0.33333], "texture": "#0"},
				"up": {"uv": [0, 0, 1, 0.33333], "texture": "#0"},
				"down": {"uv": [0, 0, 1, 0.33333], "texture": "#0"}
			}
		},
		{
			"from": [10, 19, 8],
			"to": [11, 20, 9],
			"faces": {
				"north": {"uv": [3, 5.33333, 4, 5.66667], "texture": "#0"},
				"east": {"uv": [0, 0, 1, 0.33333], "texture": "#0"},
				"south": {"uv": [3, 5.66667, 3, 5.66667], "texture": "#0"},
				"west": {"uv": [3, 5, 4, 5.33333], "texture": "#0"},
				"up": {"uv": [0, 0, 1, 0.33333], "texture": "#0"},
				"down": {"uv": [0, 0, 1, 0.33333], "texture": "#0"}
			}
		},
		{
			"from": [13, 13, 8],
			"to": [14, 20, 9],
			"faces": {
				"north": {"uv": [2, 5, 3, 5.33333], "texture": "#0"},
				"east": {"uv": [8, 9.66667, 9, 10.66667], "texture": "#0"},
				"south": {"uv": [2, 4.66667, 3, 5], "texture": "#0"},
				"west": {"uv": [0, 0, 1, 2.33333], "texture": "#0"},
				"up": {"uv": [4, 2.33333, 5, 2.66667], "texture": "#0"},
				"down": {"uv": [3, 3, 4, 3.33333], "texture": "#0"}
			}
		},
		{
			"from": [6, 5, 8],
			"to": [7, 6, 9],
			"faces": {
				"north": {"uv": [3, 5.33333, 4, 5.66667], "texture": "#0"},
				"east": {"uv": [0, 0, 1, 0.33333], "texture": "#0"},
				"south": {"uv": [3, 5.66667, 3, 5.66667], "texture": "#0"},
				"west": {"uv": [3, 5, 4, 5.33333], "texture": "#0"},
				"up": {"uv": [0, 0, 1, 0.33333], "texture": "#0"},
				"down": {"uv": [0, 0, 1, 0.33333], "texture": "#0"}
			}
		},
		{
			"from": [3, -2, 8],
			"to": [6, 0, 9],
			"faces": {
				"north": {"uv": [10, 10.66667, 13, 11.33333], "texture": "#0"},
				"east": {"uv": [0, 0, 1, 0.66667], "texture": "#0"},
				"south": {"uv": [11, 10.66667, 14, 11.33333], "texture": "#0"},
				"west": {"uv": [10, 10.66667, 11, 11.33333], "texture": "#0"},
				"up": {"uv": [10, 10.66667, 13, 11], "texture": "#0"},
				"down": {"uv": [0, 0, 3, 0.33333], "texture": "#0"}
			}
		},
		{
			"from": [6, -2, 8],
			"to": [8, 0, 9],
			"faces": {
				"north": {"uv": [0, 0, 2, 0.66667], "texture": "#0"},
				"east": {"uv": [0, 0, 1, 0.66667], "texture": "#0"},
				"south": {"uv": [0, 0, 2, 0.66667], "texture": "#0"},
				"west": {"uv": [0, 0, 1, 0.66667], "texture": "#0"},
				"up": {"uv": [0, 0, 2, 0.33333], "texture": "#0"},
				"down": {"uv": [0, 0, 2, 0.33333], "texture": "#0"}
			}
		},
		{
			"from": [8, -2, 8],
			"to": [9, 0, 9],
			"faces": {
				"north": {"uv": [7, 10.66667, 8, 11.33333], "texture": "#0"},
				"east": {"uv": [7, 10.66667, 8, 11.33333], "texture": "#0"},
				"south": {"uv": [7, 10.66667, 8, 11.33333], "texture": "#0"},
				"west": {"uv": [0, 0, 1, 0.66667], "texture": "#0"},
				"up": {"uv": [7, 10.66667, 8, 11], "texture": "#0"},
				"down": {"uv": [0, 0, 1, 0.33333], "texture": "#0"}
			}
		},
		{
			"from": [9, -3, 8],
			"to": [10, -2, 9],
			"faces": {
				"north": {"uv": [7, 10.66667, 8, 11], "texture": "#0"},
				"east": {"uv": [7, 10.66667, 8, 11], "texture": "#0"},
				"south": {"uv": [6, 11.33333, 7, 11.66667], "texture": "#0"},
				"west": {"uv": [0, 0, 1, 0.33333], "texture": "#0"},
				"up": {"uv": [7, 10.66667, 8, 11], "texture": "#0"},
				"down": {"uv": [7, 10.66667, 8, 11], "texture": "#0"}
			}
		},
		{
			"from": [8, -3, 8],
			"to": [9, -2, 9],
			"faces": {
				"north": {"uv": [0, 0, 1, 0.33333], "texture": "#0"},
				"east": {"uv": [0, 0, 1, 0.33333], "texture": "#0"},
				"south": {"uv": [0, 0, 1, 0.33333], "texture": "#0"},
				"west": {"uv": [0, 0, 1, 0.33333], "texture": "#0"},
				"up": {"uv": [0, 0, 1, 0.33333], "texture": "#0"},
				"down": {"uv": [0, 0, 1, 0.33333], "texture": "#0"}
			}
		},
		{
			"from": [8, -4, 8],
			"to": [9, -3, 9],
			"faces": {
				"north": {"uv": [7, 11.66667, 8, 12], "texture": "#0"},
				"east": {"uv": [7, 10.66667, 8, 11], "texture": "#0"},
				"south": {"uv": [7, 10.66667, 8, 11], "texture": "#0"},
				"west": {"uv": [0, 0, 1, 0.33333], "texture": "#0"},
				"up": {"uv": [0, 0, 1, 0.33333], "texture": "#0"},
				"down": {"uv": [7, 10.66667, 8, 11], "texture": "#0"}
			}
		},
		{
			"from": [2, -3, 8],
			"to": [3, -2, 9],
			"faces": {
				"north": {"uv": [13, 11.33333, 14, 11.66667], "texture": "#0"},
				"east": {"uv": [0, 0, 1, 0.33333], "texture": "#0"},
				"south": {"uv": [13, 11.33333, 14, 11.66667], "texture": "#0"},
				"west": {"uv": [13, 11.33333, 14, 11.66667], "texture": "#0"},
				"up": {"uv": [13, 11.33333, 14, 11.66667], "texture": "#0"},
				"down": {"uv": [13, 11.33333, 14, 11.66667], "texture": "#0"}
			}
		},
		{
			"from": [3, -4, 8],
			"to": [4, -3, 9],
			"faces": {
				"north": {"uv": [12, 11.66667, 13, 12], "texture": "#0"},
				"east": {"uv": [0, 0, 1, 0.33333], "texture": "#0"},
				"south": {"uv": [12, 11.66667, 13, 12], "texture": "#0"},
				"west": {"uv": [12, 11.66667, 13, 12], "texture": "#0"},
				"up": {"uv": [0, 0, 1, 0.33333], "texture": "#0"},
				"down": {"uv": [12, 11.66667, 13, 12], "texture": "#0"}
			}
		},
		{
			"from": [6, -3, 8],
			"to": [8, -2, 9],
			"faces": {
				"north": {"uv": [0, 0, 2, 0.33333], "texture": "#0"},
				"east": {"uv": [0, 0, 1, 0.33333], "texture": "#0"},
				"south": {"uv": [0, 0, 2, 0.33333], "texture": "#0"},
				"west": {"uv": [0, 0, 1, 0.33333], "texture": "#0"},
				"up": {"uv": [0, 0, 2, 0.33333], "texture": "#0"},
				"down": {"uv": [0, 0, 2, 0.33333], "texture": "#0"}
			}
		},
		{
			"from": [3, -3, 8],
			"to": [6, -2, 9],
			"faces": {
				"north": {"uv": [0, 0, 3, 0.33333], "texture": "#0"},
				"east": {"uv": [0, 0, 1, 0.33333], "texture": "#0"},
				"south": {"uv": [0, 0, 3, 0.33333], "texture": "#0"},
				"west": {"uv": [0, 0, 1, 0.33333], "texture": "#0"},
				"up": {"uv": [0, 0, 3, 0.33333], "texture": "#0"},
				"down": {"uv": [0, 0, 3, 0.33333], "texture": "#0"}
			}
		},
		{
			"from": [4, -4, 8],
			"to": [8, -3, 9],
			"faces": {
				"north": {"uv": [0, 0, 4, 0.33333], "texture": "#0"},
				"east": {"uv": [0, 0, 1, 0.33333], "texture": "#0"},
				"south": {"uv": [0, 0, 4, 0.33333], "texture": "#0"},
				"west": {"uv": [0, 0, 1, 0.33333], "texture": "#0"},
				"up": {"uv": [0, 0, 4, 0.33333], "texture": "#0"},
				"down": {"uv": [0, 0, 4, 0.33333], "texture": "#0"}
			}
		},
		{
			"from": [4, -2, 7],
			"to": [6, 0, 8],
			"faces": {
				"north": {"uv": [10, 10.66667, 12, 11.33333], "texture": "#0"},
				"east": {"uv": [0, 0, 1, 0.66667], "texture": "#0"},
				"south": {"uv": [0, 0, 2, 0.66667], "texture": "#0"},
				"west": {"uv": [10, 10.66667, 11, 11.33333], "texture": "#0"},
				"up": {"uv": [10, 10.66667, 12, 11], "texture": "#0"},
				"down": {"uv": [0, 0, 2, 0.33333], "texture": "#0"}
			}
		},
		{
			"from": [6, -2, 7],
			"to": [8, 0, 8],
			"faces": {
				"north": {"uv": [8, 10.66667, 10, 11.33333], "texture": "#0"},
				"east": {"uv": [8, 10.66667, 9, 11.33333], "texture": "#0"},
				"south": {"uv": [0, 0, 2, 0.66667], "texture": "#0"},
				"west": {"uv": [0, 0, 1, 0.66667], "texture": "#0"},
				"up": {"uv": [8, 10.66667, 10, 11], "texture": "#0"},
				"down": {"uv": [0, 0, 2, 0.33333], "texture": "#0"}
			}
		},
		{
			"from": [8, -3, 7],
			"to": [9, -2, 8],
			"faces": {
				"north": {"uv": [7, 11.33333, 8, 11.66667], "texture": "#0"},
				"east": {"uv": [8, 10.66667, 9, 11], "texture": "#0"},
				"south": {"uv": [0, 0, 1, 0.33333], "texture": "#0"},
				"west": {"uv": [0, 0, 1, 0.33333], "texture": "#0"},
				"up": {"uv": [8, 10.66667, 9, 11], "texture": "#0"},
				"down": {"uv": [8, 10.66667, 9, 11], "texture": "#0"}
			}
		},
		{
			"from": [6, -3, 7],
			"to": [8, -2, 8],
			"faces": {
				"north": {"uv": [8, 11.33333, 10, 11.66667], "texture": "#0"},
				"east": {"uv": [0, 0, 1, 0.33333], "texture": "#0"},
				"south": {"uv": [0, 0, 2, 0.33333], "texture": "#0"},
				"west": {"uv": [0, 0, 1, 0.33333], "texture": "#0"},
				"up": {"uv": [0, 0, 2, 0.33333], "texture": "#0"},
				"down": {"uv": [0, 0, 2, 0.33333], "texture": "#0"}
			}
		},
		{
			"from": [3, -3, 7],
			"to": [6, -2, 8],
			"faces": {
				"north": {"uv": [10, 11.33333, 13, 11.66667], "texture": "#0"},
				"east": {"uv": [0, 0, 1, 0.33333], "texture": "#0"},
				"south": {"uv": [0, 0, 3, 0.33333], "texture": "#0"},
				"west": {"uv": [11, 11.33333, 12, 11.66667], "texture": "#0"},
				"up": {"uv": [10, 11.33333, 13, 11.66667], "texture": "#0"},
				"down": {"uv": [10, 11.33333, 13, 11.66667], "texture": "#0"}
			}
		},
		{
			"from": [4, -4, 7],
			"to": [8, -3, 8],
			"faces": {
				"north": {"uv": [8, 11.66667, 12, 12], "texture": "#0"},
				"east": {"uv": [10, 11.66667, 11, 12], "texture": "#0"},
				"south": {"uv": [0, 0, 4, 0.33333], "texture": "#0"},
				"west": {"uv": [11, 11.33333, 12, 11.66667], "texture": "#0"},
				"up": {"uv": [0, 0, 4, 0.33333], "texture": "#0"},
				"down": {"uv": [9, 11.66667, 13, 12], "texture": "#0"}
			}
		},
		{
			"from": [4, -2, 9],
			"to": [6, 0, 10],
			"faces": {
				"north": {"uv": [0, 0, 2, 0.66667], "texture": "#0"},
				"east": {"uv": [0, 0, 1, 0.66667], "texture": "#0"},
				"south": {"uv": [10, 10.66667, 12, 11.33333], "texture": "#0"},
				"west": {"uv": [10, 10.66667, 11, 11.33333], "texture": "#0"},
				"up": {"uv": [10, 10.66667, 12, 11], "texture": "#0"},
				"down": {"uv": [0, 0, 2, 0.33333], "texture": "#0"}
			}
		},
		{
			"from": [6, -2, 9],
			"to": [8, 0, 10],
			"faces": {
				"north": {"uv": [0, 0, 2, 0.66667], "texture": "#0"},
				"east": {"uv": [8, 10.66667, 9, 11.33333], "texture": "#0"},
				"south": {"uv": [8, 10.66667, 10, 11.33333], "texture": "#0"},
				"west": {"uv": [0, 0, 1, 0.66667], "texture": "#0"},
				"up": {"uv": [8, 10.66667, 10, 11], "texture": "#0"},
				"down": {"uv": [0, 0, 2, 0.33333], "texture": "#0"}
			}
		},
		{
			"from": [8, -3, 9],
			"to": [9, -2, 10],
			"faces": {
				"north": {"uv": [0, 0, 1, 0.33333], "texture": "#0"},
				"east": {"uv": [7, 11.33333, 8, 11.66667], "texture": "#0"},
				"south": {"uv": [7, 11.33333, 8, 11.66667], "texture": "#0"},
				"west": {"uv": [0, 0, 1, 0.33333], "texture": "#0"},
				"up": {"uv": [7, 11.33333, 8, 11.66667], "texture": "#0"},
				"down": {"uv": [7, 11.33333, 8, 11.66667], "texture": "#0"}
			}
		},
		{
			"from": [6, -3, 9],
			"to": [8, -2, 10],
			"faces": {
				"north": {"uv": [0, 0, 2, 0.33333], "texture": "#0"},
				"east": {"uv": [0, 0, 1, 0.33333], "texture": "#0"},
				"south": {"uv": [8, 11.33333, 10, 11.66667], "texture": "#0"},
				"west": {"uv": [0, 0, 1, 0.33333], "texture": "#0"},
				"up": {"uv": [0, 0, 2, 0.33333], "texture": "#0"},
				"down": {"uv": [0, 0, 2, 0.33333], "texture": "#0"}
			}
		},
		{
			"from": [3, -3, 9],
			"to": [6, -2, 10],
			"faces": {
				"north": {"uv": [0, 0, 3, 0.33333], "texture": "#0"},
				"east": {"uv": [0, 0, 1, 0.33333], "texture": "#0"},
				"south": {"uv": [10, 11.33333, 13, 11.66667], "texture": "#0"},
				"west": {"uv": [12, 11.33333, 13, 11.66667], "texture": "#0"},
				"up": {"uv": [10, 11.33333, 13, 11.66667], "texture": "#0"},
				"down": {"uv": [10, 11.33333, 13, 11.66667], "texture": "#0"}
			}
		},
		{
			"from": [4, -4, 9],
			"to": [8, -3, 10],
			"faces": {
				"north": {"uv": [0, 0, 4, 0.33333], "texture": "#0"},
				"east": {"uv": [11, 11.66667, 12, 12], "texture": "#0"},
				"south": {"uv": [8, 11.66667, 12, 12], "texture": "#0"},
				"west": {"uv": [10, 11.66667, 11, 12], "texture": "#0"},
				"up": {"uv": [0, 0, 4, 0.33333], "texture": "#0"},
				"down": {"uv": [8, 11.66667, 12, 12], "texture": "#0"}
			}
		},
		{
			"from": [4, -5, 8],
			"to": [6, -4, 9],
			"faces": {
				"north": {"uv": [10, 12, 12, 12.33333], "texture": "#0"},
				"east": {"uv": [0, 0, 1, 0.33333], "texture": "#0"},
				"south": {"uv": [10, 12, 12, 12.33333], "texture": "#0"},
				"west": {"uv": [11, 12, 12, 12.33333], "texture": "#0"},
				"up": {"uv": [0, 0, 2, 0.33333], "texture": "#0"},
				"down": {"uv": [0, 0, 2, 0.33333], "texture": "#0"}
			}
		},
		{
			"from": [6, -5, 8],
			"to": [7, -4, 9],
			"faces": {
				"north": {"uv": [0, 0, 1, 0.33333], "texture": "#0"},
				"east": {"uv": [0, 0, 1, 0.33333], "texture": "#0"},
				"south": {"uv": [0, 0, 1, 0.33333], "texture": "#0"},
				"west": {"uv": [0, 0, 1, 0.33333], "texture": "#0"},
				"up": {"uv": [0, 0, 1, 0.33333], "texture": "#0"},
				"down": {"uv": [0, 0, 1, 0.33333], "texture": "#0"}
			}
		},
		{
			"from": [7, -5, 8],
			"to": [8, -4, 9],
			"faces": {
				"north": {"uv": [8, 12, 9, 12.33333], "texture": "#0"},
				"east": {"uv": [8, 12, 9, 12.33333], "texture": "#0"},
				"south": {"uv": [8, 12, 9, 12.33333], "texture": "#0"},
				"west": {"uv": [0, 0, 1, 0.33333], "texture": "#0"},
				"up": {"uv": [0, 0, 1, 0.33333], "texture": "#0"},
				"down": {"uv": [0, 0, 1, 0.33333], "texture": "#0"}
			}
		},
		{
			"from": [7, -6, 8],
			"to": [8, -5, 9],
			"faces": {
				"north": {"uv": [8, 12.33333, 9, 12.66667], "texture": "#0"},
				"east": {"uv": [8, 12.33333, 9, 12.66667], "texture": "#0"},
				"south": {"uv": [8, 12.33333, 9, 12.66667], "texture": "#0"},
				"west": {"uv": [0, 0, 1, 0.33333], "texture": "#0"},
				"up": {"uv": [0, 0, 1, 0.33333], "texture": "#0"},
				"down": {"uv": [0, 0, 1, 0.33333], "texture": "#0"}
			}
		},
		{
			"from": [6, -6, 8],
			"to": [7, -5, 9],
			"faces": {
				"north": {"uv": [0, 0, 1, 0.33333], "texture": "#0"},
				"east": {"uv": [0, 0, 1, 0.33333], "texture": "#0"},
				"south": {"uv": [0, 0, 1, 0.33333], "texture": "#0"},
				"west": {"uv": [0, 0, 1, 0.33333], "texture": "#0"},
				"up": {"uv": [0, 0, 1, 0.33333], "texture": "#0"},
				"down": {"uv": [0, 0, 1, 0.33333], "texture": "#0"}
			}
		},
		{
			"from": [4, -6, 8],
			"to": [6, -5, 9],
			"faces": {
				"north": {"uv": [10, 12.33333, 12, 12.66667], "texture": "#0"},
				"east": {"uv": [0, 0, 1, 0.33333], "texture": "#0"},
				"south": {"uv": [11, 12.33333, 13, 12.66667], "texture": "#0"},
				"west": {"uv": [11, 12.33333, 12, 12.66667], "texture": "#0"},
				"up": {"uv": [0, 0, 2, 0.33333], "texture": "#0"},
				"down": {"uv": [0, 0, 2, 0.33333], "texture": "#0"}
			}
		},
		{
			"from": [4, -7, 8],
			"to": [5, -6, 9],
			"faces": {
				"north": {"uv": [11, 12.66667, 12, 13], "texture": "#0"},
				"east": {"uv": [0, 0, 1, 0.33333], "texture": "#0"},
				"south": {"uv": [11, 12.66667, 12, 13], "texture": "#0"},
				"west": {"uv": [11, 12.66667, 12, 13], "texture": "#0"},
				"up": {"uv": [0, 0, 1, 0.33333], "texture": "#0"},
				"down": {"uv": [0, 0, 1, 0.33333], "texture": "#0"}
			}
		},
		{
			"from": [5, -7, 8],
			"to": [6, -6, 9],
			"faces": {
				"north": {"uv": [0, 0, 1, 0.33333], "texture": "#0"},
				"east": {"uv": [0, 0, 1, 0.33333], "texture": "#0"},
				"south": {"uv": [0, 0, 1, 0.33333], "texture": "#0"},
				"west": {"uv": [0, 0, 1, 0.33333], "texture": "#0"},
				"up": {"uv": [0, 0, 1, 0.33333], "texture": "#0"},
				"down": {"uv": [0, 0, 1, 0.33333], "texture": "#0"}
			}
		},
		{
			"from": [6, -7, 8],
			"to": [7, -6, 9],
			"faces": {
				"north": {"uv": [0, 0, 1, 0.33333], "texture": "#0"},
				"east": {"uv": [0, 0, 1, 0.33333], "texture": "#0"},
				"south": {"uv": [0, 0, 1, 0.33333], "texture": "#0"},
				"west": {"uv": [0, 0, 1, 0.33333], "texture": "#0"},
				"up": {"uv": [0, 0, 1, 0.33333], "texture": "#0"},
				"down": {"uv": [0, 0, 1, 0.33333], "texture": "#0"}
			}
		},
		{
			"from": [7, -7, 8],
			"to": [8, -6, 9],
			"faces": {
				"north": {"uv": [8, 12.66667, 9, 13], "texture": "#0"},
				"east": {"uv": [8, 12.66667, 9, 13], "texture": "#0"},
				"south": {"uv": [8, 12.66667, 9, 13], "texture": "#0"},
				"west": {"uv": [0, 0, 1, 0.33333], "texture": "#0"},
				"up": {"uv": [0, 0, 1, 0.33333], "texture": "#0"},
				"down": {"uv": [0, 0, 1, 0.33333], "texture": "#0"}
			}
		},
		{
			"from": [7, -8, 8],
			"to": [8, -7, 9],
			"faces": {
				"north": {"uv": [8, 13, 9, 13.33333], "texture": "#0"},
				"east": {"uv": [8, 14.33333, 9, 14.66667], "texture": "#0"},
				"south": {"uv": [8, 13, 9, 13.33333], "texture": "#0"},
				"west": {"uv": [0, 0, 1, 0.33333], "texture": "#0"},
				"up": {"uv": [0, 0, 1, 0.33333], "texture": "#0"},
				"down": {"uv": [0, 0, 1, 0.33333], "texture": "#0"}
			}
		},
		{
			"from": [6, -8, 8],
			"to": [7, -7, 9],
			"faces": {
				"north": {"uv": [0, 0, 1, 0.33333], "texture": "#0"},
				"east": {"uv": [0, 0, 1, 0.33333], "texture": "#0"},
				"south": {"uv": [0, 0, 1, 0.33333], "texture": "#0"},
				"west": {"uv": [0, 0, 1, 0.33333], "texture": "#0"},
				"up": {"uv": [0, 0, 1, 0.33333], "texture": "#0"},
				"down": {"uv": [0, 0, 1, 0.33333], "texture": "#0"}
			}
		},
		{
			"from": [4, -8, 8],
			"to": [6, -7, 9],
			"faces": {
				"north": {"uv": [10, 13, 12, 13.33333], "texture": "#0"},
				"east": {"uv": [0, 0, 1, 0.33333], "texture": "#0"},
				"south": {"uv": [11, 13, 13, 13.33333], "texture": "#0"},
				"west": {"uv": [11, 13, 12, 13.33333], "texture": "#0"},
				"up": {"uv": [0, 0, 2, 0.33333], "texture": "#0"},
				"down": {"uv": [0, 0, 2, 0.33333], "texture": "#0"}
			}
		},
		{
			"from": [4, -10, 8],
			"to": [7, -8, 9],
			"faces": {
				"north": {"uv": [9, 13.33333, 12, 14], "texture": "#0"},
				"east": {"uv": [0, 0, 1, 0.66667], "texture": "#0"},
				"south": {"uv": [11, 13.33333, 14, 14], "texture": "#0"},
				"west": {"uv": [11, 13.33333, 12, 14], "texture": "#0"},
				"up": {"uv": [0, 0, 3, 0.33333], "texture": "#0"},
				"down": {"uv": [0, 0, 3, 0.33333], "texture": "#0"}
			}
		},
		{
			"from": [7, -11, 8],
			"to": [8, -8, 9],
			"faces": {
				"north": {"uv": [8, 13.33333, 9, 14.33333], "texture": "#0"},
				"east": {"uv": [8, 13.33333, 9, 14.33333], "texture": "#0"},
				"south": {"uv": [8, 13.33333, 9, 14.33333], "texture": "#0"},
				"west": {"uv": [0, 0, 1, 1], "texture": "#0"},
				"up": {"uv": [0, 0, 1, 0.33333], "texture": "#0"},
				"down": {"uv": [0, 0, 1, 0.33333], "texture": "#0"}
			}
		},
		{
			"from": [4, -11, 8],
			"to": [7, -10, 9],
			"faces": {
				"north": {"uv": [9, 13.33333, 12, 13.66667], "texture": "#0"},
				"east": {"uv": [0, 0, 1, 0.33333], "texture": "#0"},
				"south": {"uv": [11, 13.33333, 14, 13.66667], "texture": "#0"},
				"west": {"uv": [11, 13.33333, 12, 13.66667], "texture": "#0"},
				"up": {"uv": [0, 0, 3, 0.33333], "texture": "#0"},
				"down": {"uv": [0, 0, 3, 0.33333], "texture": "#0"}
			}
		},
		{
			"from": [4, -12, 8],
			"to": [6, -11, 9],
			"faces": {
				"north": {"uv": [10, 14.33333, 12, 14.66667], "texture": "#0"},
				"east": {"uv": [0, 0, 1, 0.33333], "texture": "#0"},
				"south": {"uv": [11, 14.33333, 13, 14.66667], "texture": "#0"},
				"west": {"uv": [11, 14.33333, 12, 14.66667], "texture": "#0"},
				"up": {"uv": [0, 0, 2, 0.33333], "texture": "#0"},
				"down": {"uv": [0, 0, 2, 0.33333], "texture": "#0"}
			}
		},
		{
			"from": [6, -12, 8],
			"to": [7, -11, 9],
			"faces": {
				"north": {"uv": [0, 0, 1, 0.33333], "texture": "#0"},
				"east": {"uv": [0, 0, 1, 0.33333], "texture": "#0"},
				"south": {"uv": [0, 0, 1, 0.33333], "texture": "#0"},
				"west": {"uv": [0, 0, 1, 0.33333], "texture": "#0"},
				"up": {"uv": [0, 0, 1, 0.33333], "texture": "#0"},
				"down": {"uv": [0, 0, 1, 0.33333], "texture": "#0"}
			}
		},
		{
			"from": [7, -12, 8],
			"to": [8, -11, 9],
			"faces": {
				"north": {"uv": [8, 14.33333, 9, 14.66667], "texture": "#0"},
				"east": {"uv": [8, 14.33333, 9, 14.66667], "texture": "#0"},
				"south": {"uv": [8, 14.33333, 9, 14.66667], "texture": "#0"},
				"west": {"uv": [0, 0, 1, 0.33333], "texture": "#0"},
				"up": {"uv": [0, 0, 1, 0.33333], "texture": "#0"},
				"down": {"uv": [0, 0, 1, 0.33333], "texture": "#0"}
			}
		},
		{
			"from": [5, -5, 7],
			"to": [6, -4, 8],
			"faces": {
				"north": {"uv": [10, 12, 11, 12.33333], "texture": "#0"},
				"east": {"uv": [0, 0, 1, 0.33333], "texture": "#0"},
				"south": {"uv": [0, 0, 1, 0.33333], "texture": "#0"},
				"west": {"uv": [10, 12, 11, 12.33333], "texture": "#0"},
				"up": {"uv": [0, 0, 1, 0.33333], "texture": "#0"},
				"down": {"uv": [0, 0, 1, 0.33333], "texture": "#0"}
			}
		},
		{
			"from": [6, -5, 7],
			"to": [7, -4, 8],
			"faces": {
				"north": {"uv": [9, 12, 10, 12.33333], "texture": "#0"},
				"east": {"uv": [9, 12, 10, 12.33333], "texture": "#0"},
				"south": {"uv": [0, 0, 1, 0.33333], "texture": "#0"},
				"west": {"uv": [0, 0, 1, 0.33333], "texture": "#0"},
				"up": {"uv": [0, 0, 1, 0.33333], "texture": "#0"},
				"down": {"uv": [0, 0, 1, 0.33333], "texture": "#0"}
			}
		},
		{
			"from": [6, -6, 7],
			"to": [7, -5, 8],
			"faces": {
				"north": {"uv": [9, 12.33333, 10, 12.66667], "texture": "#0"},
				"east": {"uv": [9, 12.33333, 10, 12.66667], "texture": "#0"},
				"south": {"uv": [0, 0, 1, 0.33333], "texture": "#0"},
				"west": {"uv": [0, 0, 1, 0.33333], "texture": "#0"},
				"up": {"uv": [0, 0, 1, 0.33333], "texture": "#0"},
				"down": {"uv": [0, 0, 1, 0.33333], "texture": "#0"}
			}
		},
		{
			"from": [5, -6, 7],
			"to": [6, -5, 8],
			"faces": {
				"north": {"uv": [10, 12.33333, 11, 12.66667], "texture": "#0"},
				"east": {"uv": [0, 0, 1, 0.33333], "texture": "#0"},
				"south": {"uv": [0, 0, 1, 0.33333], "texture": "#0"},
				"west": {"uv": [10, 12.33333, 11, 12.66667], "texture": "#0"},
				"up": {"uv": [0, 0, 1, 0.33333], "texture": "#0"},
				"down": {"uv": [0, 0, 1, 0.33333], "texture": "#0"}
			}
		},
		{
			"from": [5, -7, 7],
			"to": [6, -6, 8],
			"faces": {
				"north": {"uv": [10, 12.66667, 11, 13], "texture": "#0"},
				"east": {"uv": [0, 0, 1, 0.33333], "texture": "#0"},
				"south": {"uv": [0, 0, 1, 0.33333], "texture": "#0"},
				"west": {"uv": [10, 12.66667, 11, 13], "texture": "#0"},
				"up": {"uv": [0, 0, 1, 0.33333], "texture": "#0"},
				"down": {"uv": [0, 0, 1, 0.33333], "texture": "#0"}
			}
		},
		{
			"from": [6, -7, 7],
			"to": [7, -6, 8],
			"faces": {
				"north": {"uv": [9, 12.66667, 10, 13], "texture": "#0"},
				"east": {"uv": [9, 13.33333, 10, 13.66667], "texture": "#0"},
				"south": {"uv": [0, 0, 1, 0.33333], "texture": "#0"},
				"west": {"uv": [0, 0, 1, 0.33333], "texture": "#0"},
				"up": {"uv": [0, 0, 1, 0.33333], "texture": "#0"},
				"down": {"uv": [0, 0, 1, 0.33333], "texture": "#0"}
			}
		},
		{
			"from": [6, -8, 7],
			"to": [7, -7, 8],
			"faces": {
				"north": {"uv": [9, 13.33333, 10, 13.66667], "texture": "#0"},
				"east": {"uv": [9, 13.33333, 10, 13.66667], "texture": "#0"},
				"south": {"uv": [0, 0, 1, 0.33333], "texture": "#0"},
				"west": {"uv": [0, 0, 1, 0.33333], "texture": "#0"},
				"up": {"uv": [0, 0, 1, 0.33333], "texture": "#0"},
				"down": {"uv": [0, 0, 1, 0.33333], "texture": "#0"}
			}
		},
		{
			"from": [5, -8, 7],
			"to": [6, -7, 8],
			"faces": {
				"north": {"uv": [10, 13, 11, 13.33333], "texture": "#0"},
				"east": {"uv": [0, 0, 1, 0.33333], "texture": "#0"},
				"south": {"uv": [0, 0, 1, 0.33333], "texture": "#0"},
				"west": {"uv": [10, 13, 11, 13.33333], "texture": "#0"},
				"up": {"uv": [0, 0, 1, 0.33333], "texture": "#0"},
				"down": {"uv": [0, 0, 1, 0.33333], "texture": "#0"}
			}
		},
		{
			"from": [5, -10, 7],
			"to": [6, -8, 8],
			"faces": {
				"north": {"uv": [9, 13.33333, 10, 14], "texture": "#0"},
				"east": {"uv": [0, 0, 1, 0.66667], "texture": "#0"},
				"south": {"uv": [0, 0, 1, 0.66667], "texture": "#0"},
				"west": {"uv": [9, 13.33333, 10, 14], "texture": "#0"},
				"up": {"uv": [0, 0, 1, 0.33333], "texture": "#0"},
				"down": {"uv": [0, 0, 1, 0.33333], "texture": "#0"}
			}
		},
		{
			"from": [5, -11, 7],
			"to": [6, -10, 8],
			"faces": {
				"north": {"uv": [0, 0, 1, 0.33333], "texture": "#0"},
				"east": {"uv": [0, 0, 1, 0.33333], "texture": "#0"},
				"south": {"uv": [0, 0, 1, 0.33333], "texture": "#0"},
				"west": {"uv": [9, 13.33333, 10, 13.66667], "texture": "#0"},
				"up": {"uv": [0, 0, 1, 0.33333], "texture": "#0"},
				"down": {"uv": [0, 0, 1, 0.33333], "texture": "#0"}
			}
		},
		{
			"from": [5, -11, 7],
			"to": [6, -10, 8],
			"faces": {
				"north": {"uv": [10, 14, 11, 14.33333], "texture": "#0"},
				"east": {"uv": [0, 0, 1, 0.33333], "texture": "#0"},
				"south": {"uv": [0, 0, 1, 0.33333], "texture": "#0"},
				"west": {"uv": [0, 0, 1, 0.33333], "texture": "#0"},
				"up": {"uv": [0, 0, 1, 0.33333], "texture": "#0"},
				"down": {"uv": [0, 0, 1, 0.33333], "texture": "#0"}
			}
		},
		{
			"from": [6, -11, 7],
			"to": [7, -10, 8],
			"faces": {
				"north": {"uv": [9, 14, 10, 14.33333], "texture": "#0"},
				"east": {"uv": [9, 14, 10, 14.33333], "texture": "#0"},
				"south": {"uv": [0, 0, 1, 0.33333], "texture": "#0"},
				"west": {"uv": [0, 0, 1, 0.33333], "texture": "#0"},
				"up": {"uv": [0, 0, 1, 0.33333], "texture": "#0"},
				"down": {"uv": [0, 0, 1, 0.33333], "texture": "#0"}
			}
		},
		{
			"from": [6, -10, 7],
			"to": [7, -8, 8],
			"faces": {
				"north": {"uv": [9, 13.33333, 10, 14], "texture": "#0"},
				"east": {"uv": [9, 13.33333, 10, 14], "texture": "#0"},
				"south": {"uv": [0, 0, 1, 0.66667], "texture": "#0"},
				"west": {"uv": [0, 0, 1, 0.66667], "texture": "#0"},
				"up": {"uv": [0, 0, 1, 0.33333], "texture": "#0"},
				"down": {"uv": [0, 0, 1, 0.33333], "texture": "#0"}
			}
		},
		{
			"from": [5, -12, 7],
			"to": [6, -11, 8],
			"faces": {
				"north": {"uv": [10, 14.33333, 11, 14.66667], "texture": "#0"},
				"east": {"uv": [0, 0, 1, 0.33333], "texture": "#0"},
				"south": {"uv": [0, 0, 1, 0.33333], "texture": "#0"},
				"west": {"uv": [10, 14.33333, 11, 14.66667], "texture": "#0"},
				"up": {"uv": [0, 0, 1, 0.33333], "texture": "#0"},
				"down": {"uv": [0, 0, 1, 0.33333], "texture": "#0"}
			}
		},
		{
			"from": [6, -12, 7],
			"to": [7, -11, 8],
			"faces": {
				"north": {"uv": [9, 14.33333, 10, 14.66667], "texture": "#0"},
				"east": {"uv": [9, 14.33333, 10, 14.66667], "texture": "#0"},
				"south": {"uv": [0, 0, 1, 0.33333], "texture": "#0"},
				"west": {"uv": [0, 0, 1, 0.33333], "texture": "#0"},
				"up": {"uv": [0, 0, 1, 0.33333], "texture": "#0"},
				"down": {"uv": [0, 0, 1, 0.33333], "texture": "#0"}
			}
		},
		{
			"from": [6, -5, 9],
			"to": [7, -4, 10],
			"rotation": {"angle": 0, "axis": "y", "origin": [6, -8, 10]},
			"faces": {
				"north": {"uv": [0, 0, 1, 0.33333], "texture": "#0"},
				"east": {"uv": [10, 12, 11, 12.33333], "texture": "#0"},
				"south": {"uv": [10, 12, 11, 12.33333], "texture": "#0"},
				"west": {"uv": [0, 0, 1, 0.33333], "texture": "#0"},
				"up": {"uv": [0, 0, 1, 0.33333], "rotation": 180, "texture": "#0"},
				"down": {"uv": [0, 0, 1, 0.33333], "rotation": 180, "texture": "#0"}
			}
		},
		{
			"from": [5, -5, 9],
			"to": [6, -4, 10],
			"rotation": {"angle": 0, "axis": "y", "origin": [6, -8, 10]},
			"faces": {
				"north": {"uv": [0, 0, 1, 0.33333], "texture": "#0"},
				"east": {"uv": [0, 0, 1, 0.33333], "texture": "#0"},
				"south": {"uv": [9, 12, 10, 12.33333], "texture": "#0"},
				"west": {"uv": [9, 12, 10, 12.33333], "texture": "#0"},
				"up": {"uv": [0, 0, 1, 0.33333], "rotation": 180, "texture": "#0"},
				"down": {"uv": [0, 0, 1, 0.33333], "rotation": 180, "texture": "#0"}
			}
		},
		{
			"from": [6, -6, 9],
			"to": [7, -5, 10],
			"rotation": {"angle": 0, "axis": "y", "origin": [6, -8, 10]},
			"faces": {
				"north": {"uv": [0, 0, 1, 0.33333], "texture": "#0"},
				"east": {"uv": [9, 12.33333, 10, 12.66667], "texture": "#0"},
				"south": {"uv": [9, 12.33333, 10, 12.66667], "texture": "#0"},
				"west": {"uv": [9, 12.33333, 10, 12.66667], "texture": "#0"},
				"up": {"uv": [0, 0, 1, 0.33333], "rotation": 180, "texture": "#0"},
				"down": {"uv": [0, 0, 1, 0.33333], "rotation": 180, "texture": "#0"}
			}
		},
		{
			"from": [5, -6, 9],
			"to": [6, -5, 10],
			"rotation": {"angle": 0, "axis": "y", "origin": [6, -8, 10]},
			"faces": {
				"north": {"uv": [0, 0, 1, 0.33333], "texture": "#0"},
				"east": {"uv": [10, 12.33333, 11, 12.66667], "texture": "#0"},
				"south": {"uv": [10, 12.33333, 11, 12.66667], "texture": "#0"},
				"west": {"uv": [10, 12.33333, 11, 12.66667], "texture": "#0"},
				"up": {"uv": [0, 0, 1, 0.33333], "rotation": 180, "texture": "#0"},
				"down": {"uv": [0, 0, 1, 0.33333], "rotation": 180, "texture": "#0"}
			}
		},
		{
			"from": [5, -7, 9],
			"to": [6, -6, 10],
			"rotation": {"angle": 0, "axis": "y", "origin": [6, -8, 10]},
			"faces": {
				"north": {"uv": [0, 0, 1, 0.33333], "texture": "#0"},
				"east": {"uv": [10, 12.66667, 11, 13], "texture": "#0"},
				"south": {"uv": [10, 12.66667, 11, 13], "texture": "#0"},
				"west": {"uv": [10, 12.66667, 11, 13], "texture": "#0"},
				"up": {"uv": [0, 0, 1, 0.33333], "rotation": 180, "texture": "#0"},
				"down": {"uv": [0, 0, 1, 0.33333], "rotation": 180, "texture": "#0"}
			}
		},
		{
			"from": [6, -7, 9],
			"to": [7, -6, 10],
			"rotation": {"angle": 0, "axis": "y", "origin": [6, -8, 10]},
			"faces": {
				"north": {"uv": [0, 0, 1, 0.33333], "texture": "#0"},
				"east": {"uv": [9, 12.66667, 10, 13], "texture": "#0"},
				"south": {"uv": [9, 12.66667, 10, 13], "texture": "#0"},
				"west": {"uv": [9, 13.33333, 10, 13.66667], "texture": "#0"},
				"up": {"uv": [0, 0, 1, 0.33333], "rotation": 180, "texture": "#0"},
				"down": {"uv": [0, 0, 1, 0.33333], "rotation": 180, "texture": "#0"}
			}
		},
		{
			"from": [6, -8, 9],
			"to": [7, -7, 10],
			"rotation": {"angle": 0, "axis": "y", "origin": [6, -8, 10]},
			"faces": {
				"north": {"uv": [0, 0, 1, 0.33333], "texture": "#0"},
				"east": {"uv": [9, 13.33333, 10, 13.66667], "texture": "#0"},
				"south": {"uv": [9, 13.33333, 10, 13.66667], "texture": "#0"},
				"west": {"uv": [9, 13.33333, 10, 13.66667], "texture": "#0"},
				"up": {"uv": [0, 0, 1, 0.33333], "rotation": 180, "texture": "#0"},
				"down": {"uv": [0, 0, 1, 0.33333], "rotation": 180, "texture": "#0"}
			}
		},
		{
			"from": [5, -8, 9],
			"to": [6, -7, 10],
			"rotation": {"angle": 0, "axis": "y", "origin": [6, -8, 10]},
			"faces": {
				"north": {"uv": [0, 0, 1, 0.33333], "texture": "#0"},
				"east": {"uv": [10, 13, 11, 13.33333], "texture": "#0"},
				"south": {"uv": [10, 13, 11, 13.33333], "texture": "#0"},
				"west": {"uv": [10, 13, 11, 13.33333], "texture": "#0"},
				"up": {"uv": [0, 0, 1, 0.33333], "rotation": 180, "texture": "#0"},
				"down": {"uv": [0, 0, 1, 0.33333], "rotation": 180, "texture": "#0"}
			}
		},
		{
			"from": [6, -10, 9],
			"to": [7, -8, 10],
			"rotation": {"angle": 0, "axis": "y", "origin": [6, -8, 10]},
			"faces": {
				"north": {"uv": [0, 0, 1, 0.66667], "texture": "#0"},
				"east": {"uv": [9, 13.33333, 10, 14], "texture": "#0"},
				"south": {"uv": [9, 13.33333, 10, 14], "texture": "#0"},
				"west": {"uv": [0, 0, 1, 0.66667], "texture": "#0"},
				"up": {"uv": [0, 0, 1, 0.33333], "rotation": 180, "texture": "#0"},
				"down": {"uv": [0, 0, 1, 0.33333], "rotation": 180, "texture": "#0"}
			}
		},
		{
			"from": [5, -11, 8],
			"to": [6, -10, 9],
			"rotation": {"angle": 0, "axis": "y", "origin": [6, -8, 10]},
			"faces": {
				"north": {"uv": [0, 0, 1, 0.33333], "texture": "#0"},
				"east": {"uv": [9, 13.33333, 10, 13.66667], "texture": "#0"},
				"south": {"uv": [0, 0, 1, 0.33333], "texture": "#0"},
				"west": {"uv": [0, 0, 1, 0.33333], "texture": "#0"},
				"up": {"uv": [0, 0, 1, 0.33333], "rotation": 180, "texture": "#0"},
				"down": {"uv": [0, 0, 1, 0.33333], "rotation": 180, "texture": "#0"}
			}
		},
		{
			"from": [5, -11, 9],
			"to": [6, -10, 10],
			"rotation": {"angle": 0, "axis": "y", "origin": [6, -8, 10]},
			"faces": {
				"north": {"uv": [0, 0, 1, 0.33333], "texture": "#0"},
				"east": {"uv": [0, 0, 1, 0.33333], "texture": "#0"},
				"south": {"uv": [10, 14, 11, 14.33333], "texture": "#0"},
				"west": {"uv": [10, 14, 11, 14.33333], "texture": "#0"},
				"up": {"uv": [0, 0, 1, 0.33333], "rotation": 180, "texture": "#0"},
				"down": {"uv": [0, 0, 1, 0.33333], "rotation": 180, "texture": "#0"}
			}
		},
		{
			"from": [6, -11, 9],
			"to": [7, -10, 10],
			"faces": {
				"north": {"uv": [0, 0, 1, 0.33333], "texture": "#0"},
				"east": {"uv": [9, 14, 10, 14.33333], "texture": "#0"},
				"south": {"uv": [9, 14, 10, 14.33333], "texture": "#0"},
				"west": {"uv": [9, 14, 10, 14.33333], "texture": "#0"},
				"up": {"uv": [0, 0, 1, 0.33333], "rotation": 180, "texture": "#0"},
				"down": {"uv": [0, 0, 1, 0.33333], "rotation": 180, "texture": "#0"}
			}
		},
		{
			"from": [5, -10, 9],
			"to": [6, -8, 10],
			"rotation": {"angle": 0, "axis": "y", "origin": [6, -8, 10]},
			"faces": {
				"north": {"uv": [0, 0, 1, 0.66667], "texture": "#0"},
				"east": {"uv": [0, 0, 1, 0.66667], "texture": "#0"},
				"south": {"uv": [9, 13.33333, 10, 14], "texture": "#0"},
				"west": {"uv": [9, 13.33333, 10, 14], "texture": "#0"},
				"up": {"uv": [0, 0, 1, 0.33333], "rotation": 180, "texture": "#0"},
				"down": {"uv": [0, 0, 1, 0.33333], "rotation": 180, "texture": "#0"}
			}
		},
		{
			"from": [5, -12, 9],
			"to": [6, -11, 10],
			"rotation": {"angle": 0, "axis": "y", "origin": [6, -8, 10]},
			"faces": {
				"north": {"uv": [0, 0, 1, 0.33333], "texture": "#0"},
				"east": {"uv": [10, 14.33333, 11, 14.66667], "texture": "#0"},
				"south": {"uv": [10, 14.33333, 11, 14.66667], "texture": "#0"},
				"west": {"uv": [9, 14.33333, 10, 14.66667], "texture": "#0"},
				"up": {"uv": [0, 0, 1, 0.33333], "rotation": 180, "texture": "#0"},
				"down": {"uv": [0, 0, 1, 0.33333], "rotation": 180, "texture": "#0"}
			}
		},
		{
			"from": [6, -12, 9],
			"to": [7, -11, 10],
			"rotation": {"angle": 0, "axis": "y", "origin": [6, -8, 10]},
			"faces": {
				"north": {"uv": [0, 0, 1, 0.33333], "texture": "#0"},
				"east": {"uv": [9, 14.33333, 10, 14.66667], "texture": "#0"},
				"south": {"uv": [9, 14.33333, 10, 14.66667], "texture": "#0"},
				"west": {"uv": [9, 14.33333, 10, 14.66667], "texture": "#0"},
				"up": {"uv": [0, 0, 1, 0.33333], "rotation": 180, "texture": "#0"},
				"down": {"uv": [0, 0, 1, 0.33333], "rotation": 180, "texture": "#0"}
			}
		},
		{
			"from": [3, -14, 8],
			"to": [4, -13, 9],
			"faces": {
				"north": {"uv": [12, 15, 13, 15.33333], "texture": "#0"},
				"east": {"uv": [0, 0, 1, 0.33333], "texture": "#0"},
				"south": {"uv": [12, 15, 13, 15.33333], "texture": "#0"},
				"west": {"uv": [12, 15, 13, 15.33333], "texture": "#0"},
				"up": {"uv": [12, 15, 13, 15.33333], "texture": "#0"},
				"down": {"uv": [12, 15, 13, 15.33333], "texture": "#0"}
			}
		},
		{
			"from": [8, -14, 8],
			"to": [9, -13, 9],
			"faces": {
				"north": {"uv": [7, 15, 8, 15.33333], "texture": "#0"},
				"east": {"uv": [7, 15, 8, 15.33333], "texture": "#0"},
				"south": {"uv": [7, 15, 8, 15.33333], "texture": "#0"},
				"west": {"uv": [0, 0, 1, 0.33333], "texture": "#0"},
				"up": {"uv": [7, 15, 8, 15.33333], "texture": "#0"},
				"down": {"uv": [7, 15, 8, 15.33333], "texture": "#0"}
			}
		},
		{
			"from": [7, -13, 8],
			"to": [8, -12, 9],
			"faces": {
				"north": {"uv": [7, 15, 8, 15.33333], "texture": "#0"},
				"east": {"uv": [7, 15, 8, 15.33333], "texture": "#0"},
				"south": {"uv": [7, 15, 8, 15.33333], "texture": "#0"},
				"west": {"uv": [0, 0, 1, 0.33333], "texture": "#0"},
				"up": {"uv": [0, 0, 1, 0.33333], "texture": "#0"},
				"down": {"uv": [0, 0, 1, 0.33333], "texture": "#0"}
			}
		},
		{
			"from": [4, -14, 8],
			"to": [6, -13, 9],
			"faces": {
				"north": {"uv": [0, 0, 2, 0.33333], "texture": "#0"},
				"east": {"uv": [0, 0, 1, 0.33333], "texture": "#0"},
				"south": {"uv": [0, 0, 2, 0.33333], "texture": "#0"},
				"west": {"uv": [0, 0, 1, 0.33333], "texture": "#0"},
				"up": {"uv": [0, 0, 2, 0.33333], "texture": "#0"},
				"down": {"uv": [0, 0, 2, 0.33333], "texture": "#0"}
			}
		},
		{
			"from": [4, -16, 8],
			"to": [6, -14, 9],
			"faces": {
				"north": {"uv": [10, 15.33333, 12, 15.66667], "texture": "#0"},
				"east": {"uv": [0, 0, 1, 0.33333], "texture": "#0"},
				"south": {"uv": [10, 15.33333, 12, 15.66667], "texture": "#0"},
				"west": {"uv": [11, 15.33333, 12, 15.66667], "texture": "#0"},
				"up": {"uv": [0, 0, 2, 0.33333], "texture": "#0"},
				"down": {"uv": [10, 15.33333, 12, 15.66667], "texture": "#0"}
			}
		},
		{
			"from": [6, -16, 8],
			"to": [8, -14, 9],
			"faces": {
				"north": {"uv": [8, 15.33333, 10, 16], "texture": "#0"},
				"east": {"uv": [8, 15.33333, 9, 16], "texture": "#0"},
				"south": {"uv": [8, 15.33333, 10, 16], "texture": "#0"},
				"west": {"uv": [0, 0, 1, 0.66667], "texture": "#0"},
				"up": {"uv": [0, 0, 2, 0.33333], "texture": "#0"},
				"down": {"uv": [8, 15.66667, 10, 16], "texture": "#0"}
			}
		},
		{
			"from": [6, -14, 8],
			"to": [8, -13, 9],
			"faces": {
				"north": {"uv": [0, 0, 2, 0.33333], "texture": "#0"},
				"east": {"uv": [0, 0, 1, 0.33333], "texture": "#0"},
				"south": {"uv": [0, 0, 2, 0.33333], "texture": "#0"},
				"west": {"uv": [0, 0, 1, 0.33333], "texture": "#0"},
				"up": {"uv": [0, 0, 2, 0.33333], "texture": "#0"},
				"down": {"uv": [0, 0, 2, 0.33333], "texture": "#0"}
			}
		},
		{
			"from": [4, -13, 8],
			"to": [7, -12, 9],
			"faces": {
				"north": {"uv": [11, 14.66667, 12, 15], "texture": "#0"},
				"east": {"uv": [0, 0, 1, 0.33333], "texture": "#0"},
				"south": {"uv": [9, 14.66667, 12, 15], "texture": "#0"},
				"west": {"uv": [10, 14.66667, 11, 15], "texture": "#0"},
				"up": {"uv": [0, 0, 3, 0.33333], "texture": "#0"},
				"down": {"uv": [0, 0, 3, 0.33333], "texture": "#0"}
			}
		},
		{
			"from": [4, -14, 7],
			"to": [6, -13, 8],
			"faces": {
				"north": {"uv": [10, 15, 12, 15.33333], "texture": "#0"},
				"east": {"uv": [0, 0, 1, 0.33333], "texture": "#0"},
				"south": {"uv": [0, 0, 2, 0.33333], "texture": "#0"},
				"west": {"uv": [10, 15, 11, 15.33333], "texture": "#0"},
				"up": {"uv": [10, 15, 12, 15.33333], "texture": "#0"},
				"down": {"uv": [10, 15, 12, 15.33333], "texture": "#0"}
			}
		},
		{
			"from": [5, -16, 7],
			"to": [6, -14, 8],
			"faces": {
				"north": {"uv": [10, 15.33333, 11, 15.66667], "texture": "#0"},
				"east": {"uv": [0, 0, 1, 0.33333], "texture": "#0"},
				"south": {"uv": [0, 0, 1, 0.33333], "texture": "#0"},
				"west": {"uv": [11, 15.33333, 12, 15.66667], "texture": "#0"},
				"up": {"uv": [0, 0, 1, 0.33333], "texture": "#0"},
				"down": {"uv": [10, 15.33333, 11, 15.66667], "texture": "#0"}
			}
		},
		{
			"from": [6, -16, 7],
			"to": [7, -14, 8],
			"faces": {
				"north": {"uv": [8, 15.33333, 9, 16], "texture": "#0"},
				"east": {"uv": [8, 15.33333, 9, 16], "texture": "#0"},
				"south": {"uv": [0, 0, 1, 0.66667], "texture": "#0"},
				"west": {"uv": [0, 0, 1, 0.66667], "texture": "#0"},
				"up": {"uv": [0, 0, 1, 0.33333], "texture": "#0"},
				"down": {"uv": [8, 15.66667, 9, 16], "texture": "#0"}
			}
		},
		{
			"from": [6, -14, 7],
			"to": [8, -13, 8],
			"faces": {
				"north": {"uv": [8, 15, 10, 15.33333], "texture": "#0"},
				"east": {"uv": [8, 15, 9, 15.33333], "texture": "#0"},
				"south": {"uv": [0, 0, 2, 0.33333], "texture": "#0"},
				"west": {"uv": [0, 0, 1, 0.33333], "texture": "#0"},
				"up": {"uv": [8, 15, 10, 15.33333], "texture": "#0"},
				"down": {"uv": [8, 15, 10, 15.33333], "texture": "#0"}
			}
		},
		{
			"from": [5, -13, 7],
			"to": [6, -12, 8],
			"faces": {
				"north": {"uv": [10, 14.66667, 11, 15], "texture": "#0"},
				"east": {"uv": [0, 0, 1, 0.33333], "texture": "#0"},
				"south": {"uv": [0, 0, 1, 0.33333], "texture": "#0"},
				"west": {"uv": [10, 14.66667, 11, 15], "texture": "#0"},
				"up": {"uv": [0, 0, 1, 0.33333], "texture": "#0"},
				"down": {"uv": [0, 0, 1, 0.33333], "texture": "#0"}
			}
		},
		{
			"from": [6, -13, 7],
			"to": [7, -12, 8],
			"faces": {
				"north": {"uv": [10, 14.66667, 11, 15], "texture": "#0"},
				"east": {"uv": [10, 14.66667, 11, 15], "texture": "#0"},
				"south": {"uv": [0, 0, 1, 0.33333], "texture": "#0"},
				"west": {"uv": [0, 0, 1, 0.33333], "texture": "#0"},
				"up": {"uv": [0, 0, 1, 0.33333], "texture": "#0"},
				"down": {"uv": [0, 0, 1, 0.33333], "texture": "#0"}
			}
		},
		{
			"from": [4, -14, 9],
			"to": [6, -13, 10],
			"faces": {
				"north": {"uv": [0, 0, 2, 0.33333], "texture": "#0"},
				"east": {"uv": [0, 0, 1, 0.33333], "texture": "#0"},
				"south": {"uv": [10, 15, 12, 15.33333], "texture": "#0"},
				"west": {"uv": [10, 15, 11, 15.33333], "texture": "#0"},
				"up": {"uv": [10, 15, 12, 15.33333], "texture": "#0"},
				"down": {"uv": [10, 15, 12, 15.33333], "texture": "#0"}
			}
		},
		{
			"from": [5, -16, 9],
			"to": [6, -14, 10],
			"faces": {
				"north": {"uv": [0, 0, 1, 0.33333], "texture": "#0"},
				"east": {"uv": [0, 0, 1, 0.33333], "texture": "#0"},
				"south": {"uv": [10, 15.33333, 11, 15.66667], "texture": "#0"},
				"west": {"uv": [11, 15.33333, 12, 15.66667], "texture": "#0"},
				"up": {"uv": [0, 0, 1, 0.33333], "texture": "#0"},
				"down": {"uv": [10, 15.33333, 11, 15.66667], "texture": "#0"}
			}
		},
		{
			"from": [6, -16, 9],
			"to": [7, -14, 10],
			"faces": {
				"north": {"uv": [0, 0, 1, 0.66667], "texture": "#0"},
				"east": {"uv": [8, 15.33333, 9, 16], "texture": "#0"},
				"south": {"uv": [8, 15.33333, 9, 16], "texture": "#0"},
				"west": {"uv": [0, 0, 1, 0.66667], "texture": "#0"},
				"up": {"uv": [0, 0, 1, 0.33333], "texture": "#0"},
				"down": {"uv": [8, 15.66667, 9, 16], "texture": "#0"}
			}
		},
		{
			"from": [6, -14, 9],
			"to": [8, -13, 10],
			"faces": {
				"north": {"uv": [0, 0, 2, 0.33333], "texture": "#0"},
				"east": {"uv": [8, 15.33333, 9, 15], "texture": "#0"},
				"south": {"uv": [8, 15, 10, 15.33333], "texture": "#0"},
				"west": {"uv": [0, 0, 1, 0.33333], "texture": "#0"},
				"up": {"uv": [8, 15, 10, 15.33333], "texture": "#0"},
				"down": {"uv": [8, 15, 10, 15.33333], "texture": "#0"}
			}
		},
		{
			"from": [5, -13, 9],
			"to": [6, -12, 10],
			"faces": {
				"north": {"uv": [0, 0, 1, 0.33333], "texture": "#0"},
				"east": {"uv": [0, 0, 1, 0.33333], "texture": "#0"},
				"south": {"uv": [9, 14.66667, 10, 15], "texture": "#0"},
				"west": {"uv": [10, 14.66667, 11, 15], "texture": "#0"},
				"up": {"uv": [0, 0, 1, 0.33333], "texture": "#0"},
				"down": {"uv": [0, 0, 1, 0.33333], "texture": "#0"}
			}
		},
		{
			"from": [6, -13, 9],
			"to": [7, -12, 10],
			"faces": {
				"north": {"uv": [0, 0, 1, 0.33333], "texture": "#0"},
				"east": {"uv": [10, 14.66667, 11, 15], "texture": "#0"},
				"south": {"uv": [9, 14.66667, 10, 15], "texture": "#0"},
				"west": {"uv": [0, 0, 1, 0.33333], "texture": "#0"},
				"up": {"uv": [0, 0, 1, 0.33333], "texture": "#0"},
				"down": {"uv": [0, 0, 1, 0.33333], "texture": "#0"}
			}
		}
	],
	"display": {
		"thirdperson_righthand": {
			"rotation": [0, 90, 0],
			"translation": [-0.5, 8.25, 0.25],
			"scale": [0.6, 0.6, 0.6]
		},
		"thirdperson_lefthand": {
			"rotation": [0, -89, 0],
			"translation": [-0.25, 7.75, 0.25],
			"scale": [0.6, 0.6, 0.6]
		},
		"firstperson_righthand": {
			"rotation": [-30, 90, 0],
			"translation": [3, 0, 0]
		},
		"firstperson_lefthand": {
			"rotation": [-30, -90, 0],
			"translation": [3, 0, 0]
		},
		"ground": {
			"rotation": [90, 0, 90]
		},
		"gui": {
			"rotation": [0, 0, -45],
			"translation": [0.75, -0.25, 0],
			"scale": [0.45, 0.45, 0]
		},
		"head": {
			"rotation": [-19, -90, -123],
			"translation": [-2.25, 6.5, -9.25]
		},
		"fixed": {
			"rotation": [0, -90, -90],
			"translation": [0, 6, -32.5],
			"scale": [2, 2, 2]
		}
	},
	"groups": [
		{
			"name": "group",
			"origin": [8, 8, 8],
			"color": 0,
			"children": [
				{
					"name": "blade",
					"origin": [0, 0, 0],
					"color": 0,
					"children": [0, 1, 2, 3, 4, 5, 6, 7, 8, 9, 10, 11, 12, 13, 14, 15, 16, 17, 18, 19, 20, 21, 22, 23, 24, 25, 26, 27, 28, 29, 30, 31, 32, 33, 34, 35, 36, 37, 38, 39, 40, 41, 42, 43, 44, 45, 46, 47, 48, 49, 50, 51, 52, 53, 54, 55, 56, 57, 58, 59, 60, 61, 62, 63, 64, 65, 66, 67, 68, 69, 70, 71, 72, 73, 74, 75, 76, 77, 78, 79, 80, 81, 82, 83, 84, 85, 86, 87, 88, 89, 90, 91, 92, 93, 94, 95, 96, 97, 98, 99, 100, 101, 102, 103, 104, 105, 106, 107, 108, 109, 110, 111, 112]
				},
				{
					"name": "handle",
					"origin": [0, 0, 0],
					"color": 0,
					"children": [
						{
							"name": "upperpeak",
							"origin": [0, 0, 0],
							"color": 0,
							"children": [
								{
									"name": "upperpeak",
									"origin": [0, 0, 0],
									"color": 0,
									"children": [113, 114, 115, 116, 117, 118, 119, 120, 121, 122, 123]
								},
								{
									"name": "upperpeak",
									"origin": [0, 0, 0],
									"color": 0,
									"children": [124, 125, 126, 127, 128, 129]
								},
								{
									"name": "upperpeak",
									"origin": [0, 0, 0],
									"color": 0,
									"children": [130, 131, 132, 133, 134, 135]
								}
							]
						},
						{
							"name": "handle",
							"origin": [0, 0, 0],
							"color": 0,
							"children": [
								{
									"name": "handle",
									"origin": [0, 0, 0],
									"color": 0,
									"children": [136, 137, 138, 139, 140, 141, 142, 143, 144, 145, 146, 147, 148, 149, 150, 151, 152, 153, 154]
								},
								{
									"name": "handle",
									"origin": [0, 0, 0],
									"color": 0,
									"children": [155, 156, 157, 158, 159, 160, 161, 162, 163, 164, 165, 166, 167, 168, 169]
								},
								{
									"name": "handle",
									"origin": [0, 0, 0],
									"color": 0,
									"children": [170, 171, 172, 173, 174, 175, 176, 177, 178, 179, 180, 181, 182, 183, 184]
								}
							]
						},
						{
							"name": "downpeak",
							"origin": [0, 0, 0],
							"color": 0,
							"children": [
								{
									"name": "downpeak",
									"origin": [0, 0, 0],
									"color": 0,
									"children": [185, 186, 187, 188, 189, 190, 191, 192]
								},
								{
									"name": "downpeak",
									"origin": [0, 0, 0],
									"color": 0,
									"children": [193, 194, 195, 196, 197, 198]
								},
								{
									"name": "downpeak",
									"origin": [0, 0, 0],
									"color": 0,
									"children": [199, 200, 201, 202, 203, 204]
								}
							]
						}
					]
				}
			]
		}
	]
}