{
	"credit": "Made with Blockbench",
	"parent": "stick",
	"textures": {
		"0": "item/oak_planks",
		"particle": "item/oak_planks"
	},
	"elements": [
		{
			"from": [0, 0, 0],
			"to": [16, 2, 2],
			"rotation": {"angle": 0, "axis": "y", "origin": [8, 0, 8]},
			"faces": {
				"north": {"uv": [0, 0, 16, 2], "texture": "#0"},
				"east": {"uv": [0, 2, 2, 4], "texture": "#0"},
				"south": {"uv": [0, 0, 16, 2], "texture": "#0"},
				"west": {"uv": [0, 2, 2, 4], "texture": "#0"},
				"up": {"uv": [0, 0, 16, 2], "texture": "#0"},
				"down": {"uv": [0, 0, 16, 2], "texture": "#0"}
			}
		},
		{
			"from": [1, 2, 0],
			"to": [3, 4, 2],
			"rotation": {"angle": 0, "axis": "y", "origin": [8, 0, 8]},
			"faces": {
				"north": {"uv": [13, 13, 15, 15], "texture": "#0"},
				"east": {"uv": [10, 13, 12, 15], "texture": "#0"},
				"south": {"uv": [13, 13, 15, 15], "texture": "#0"},
				"west": {"uv": [10, 13, 12, 15], "texture": "#0"},
				"up": {"uv": [13, 13, 15, 15], "texture": "#0"},
				"down": {"uv": [13, 13, 15, 15], "texture": "#0"}
			}
		},
		{
			"from": [2, 4, 0],
			"to": [4, 6, 2],
			"rotation": {"angle": 0, "axis": "y", "origin": [8, 0, 8]},
			"faces": {
				"north": {"uv": [13, 13, 15, 15], "texture": "#0"},
				"east": {"uv": [10, 13, 12, 15], "texture": "#0"},
				"south": {"uv": [13, 13, 15, 15], "texture": "#0"},
				"west": {"uv": [10, 13, 12, 15], "texture": "#0"},
				"up": {"uv": [13, 13, 15, 15], "texture": "#0"},
				"down": {"uv": [13, 13, 15, 15], "texture": "#0"}
			}
		},
		{
			"from": [3, 6, 0],
			"to": [5, 8, 2],
			"rotation": {"angle": 0, "axis": "y", "origin": [8, 0, 8]},
			"faces": {
				"north": {"uv": [13, 13, 15, 15], "texture": "#0"},
				"east": {"uv": [10, 13, 12, 15], "texture": "#0"},
				"south": {"uv": [13, 13, 15, 15], "texture": "#0"},
				"west": {"uv": [10, 13, 12, 15], "texture": "#0"},
				"up": {"uv": [13, 13, 15, 15], "texture": "#0"},
				"down": {"uv": [13, 13, 15, 15], "texture": "#0"}
			}
		},
		{
			"from": [4, 8, 0],
			"to": [6, 10, 2],
			"rotation": {"angle": 0, "axis": "y", "origin": [8, 0, 8]},
			"faces": {
				"north": {"uv": [13, 13, 15, 15], "texture": "#0"},
				"east": {"uv": [10, 13, 12, 15], "texture": "#0"},
				"south": {"uv": [13, 13, 15, 15], "texture": "#0"},
				"west": {"uv": [10, 13, 12, 15], "texture": "#0"},
				"up": {"uv": [13, 13, 15, 15], "texture": "#0"},
				"down": {"uv": [13, 13, 15, 15], "texture": "#0"}
			}
		},
		{
			"from": [5, 10, 0],
			"to": [7, 12, 2],
			"rotation": {"angle": 0, "axis": "y", "origin": [8, 0, 8]},
			"faces": {
				"north": {"uv": [13, 13, 15, 15], "texture": "#0"},
				"east": {"uv": [10, 13, 12, 15], "texture": "#0"},
				"south": {"uv": [13, 13, 15, 15], "texture": "#0"},
				"west": {"uv": [10, 13, 12, 15], "texture": "#0"},
				"up": {"uv": [13, 13, 15, 15], "texture": "#0"},
				"down": {"uv": [13, 13, 15, 15], "texture": "#0"}
			}
		},
		{
			"from": [6, 12, 0],
			"to": [7, 14, 2],
			"rotation": {"angle": 0, "axis": "y", "origin": [8, 0, 8]},
			"faces": {
				"north": {"uv": [13, 13, 15, 15], "texture": "#0"},
				"east": {"uv": [10, 13, 12, 15], "texture": "#0"},
				"south": {"uv": [13, 13, 15, 15], "texture": "#0"},
				"west": {"uv": [10, 13, 12, 15], "texture": "#0"},
				"up": {"uv": [13, 13, 15, 15], "texture": "#0"},
				"down": {"uv": [13, 13, 15, 15], "texture": "#0"}
			}
		},
		{
			"from": [13, 2, 0],
			"to": [15, 4, 2],
			"rotation": {"angle": 0, "axis": "y", "origin": [8, 0, 8]},
			"faces": {
				"north": {"uv": [15, 13, 13, 15], "texture": "#0"},
				"east": {"uv": [12, 13, 10, 15], "texture": "#0"},
				"south": {"uv": [15, 13, 13, 15], "texture": "#0"},
				"west": {"uv": [12, 13, 10, 15], "texture": "#0"},
				"up": {"uv": [15, 13, 13, 15], "texture": "#0"},
				"down": {"uv": [15, 13, 13, 15], "texture": "#0"}
			}
		},
		{
			"from": [12, 4, 0],
			"to": [14, 6, 2],
			"rotation": {"angle": 0, "axis": "y", "origin": [8, 0, 8]},
			"faces": {
				"north": {"uv": [15, 13, 13, 15], "texture": "#0"},
				"east": {"uv": [12, 13, 10, 15], "texture": "#0"},
				"south": {"uv": [15, 13, 13, 15], "texture": "#0"},
				"west": {"uv": [12, 13, 10, 15], "texture": "#0"},
				"up": {"uv": [15, 13, 13, 15], "texture": "#0"},
				"down": {"uv": [15, 13, 13, 15], "texture": "#0"}
			}
		},
		{
			"from": [11, 6, 0],
			"to": [13, 8, 2],
			"rotation": {"angle": 0, "axis": "y", "origin": [8, 0, 8]},
			"faces": {
				"north": {"uv": [15, 13, 13, 15], "texture": "#0"},
				"east": {"uv": [12, 13, 10, 15], "texture": "#0"},
				"south": {"uv": [15, 13, 13, 15], "texture": "#0"},
				"west": {"uv": [12, 13, 10, 15], "texture": "#0"},
				"up": {"uv": [15, 13, 13, 15], "texture": "#0"},
				"down": {"uv": [15, 13, 13, 15], "texture": "#0"}
			}
		},
		{
			"from": [10, 8, 0],
			"to": [12, 10, 2],
			"rotation": {"angle": 0, "axis": "y", "origin": [8, 0, 8]},
			"faces": {
				"north": {"uv": [15, 13, 13, 15], "texture": "#0"},
				"east": {"uv": [12, 13, 10, 15], "texture": "#0"},
				"south": {"uv": [15, 13, 13, 15], "texture": "#0"},
				"west": {"uv": [12, 13, 10, 15], "texture": "#0"},
				"up": {"uv": [15, 13, 13, 15], "texture": "#0"},
				"down": {"uv": [15, 13, 13, 15], "texture": "#0"}
			}
		},
		{
			"from": [9, 10, 0],
			"to": [11, 12, 2],
			"rotation": {"angle": 0, "axis": "y", "origin": [8, 0, 8]},
			"faces": {
				"north": {"uv": [15, 13, 13, 15], "texture": "#0"},
				"east": {"uv": [12, 13, 10, 15], "texture": "#0"},
				"south": {"uv": [15, 13, 13, 15], "texture": "#0"},
				"west": {"uv": [12, 13, 10, 15], "texture": "#0"},
				"up": {"uv": [15, 13, 13, 15], "texture": "#0"},
				"down": {"uv": [15, 13, 13, 15], "texture": "#0"}
			}
		},
		{
			"from": [9, 12, 0],
			"to": [10, 14, 2],
			"rotation": {"angle": 0, "axis": "y", "origin": [8, 0, 8]},
			"faces": {
				"north": {"uv": [15, 13, 13, 15], "texture": "#0"},
				"east": {"uv": [12, 13, 10, 15], "texture": "#0"},
				"south": {"uv": [15, 13, 13, 15], "texture": "#0"},
				"west": {"uv": [12, 13, 10, 15], "texture": "#0"},
				"up": {"uv": [15, 13, 13, 15], "texture": "#0"},
				"down": {"uv": [15, 13, 13, 15], "texture": "#0"}
			}
		},
		{
			"from": [1, 2, 14],
			"to": [3, 4, 16],
			"rotation": {"angle": 0, "axis": "y", "origin": [8, 0, 8]},
			"faces": {
				"north": {"uv": [13, 13, 15, 15], "texture": "#0"},
				"east": {"uv": [10, 13, 12, 15], "texture": "#0"},
				"south": {"uv": [13, 13, 15, 15], "texture": "#0"},
				"west": {"uv": [10, 13, 12, 15], "texture": "#0"},
				"up": {"uv": [13, 13, 15, 15], "texture": "#0"},
				"down": {"uv": [13, 13, 15, 15], "texture": "#0"}
			}
		},
		{
			"from": [2, 4, 14],
			"to": [4, 6, 16],
			"rotation": {"angle": 0, "axis": "y", "origin": [8, 0, 8]},
			"faces": {
				"north": {"uv": [13, 13, 15, 15], "texture": "#0"},
				"east": {"uv": [10, 13, 12, 15], "texture": "#0"},
				"south": {"uv": [13, 13, 15, 15], "texture": "#0"},
				"west": {"uv": [10, 13, 12, 15], "texture": "#0"},
				"up": {"uv": [13, 13, 15, 15], "texture": "#0"},
				"down": {"uv": [13, 13, 15, 15], "texture": "#0"}
			}
		},
		{
			"from": [3, 6, 14],
			"to": [5, 8, 16],
			"rotation": {"angle": 0, "axis": "y", "origin": [8, 0, 8]},
			"faces": {
				"north": {"uv": [13, 13, 15, 15], "texture": "#0"},
				"east": {"uv": [10, 13, 12, 15], "texture": "#0"},
				"south": {"uv": [13, 13, 15, 15], "texture": "#0"},
				"west": {"uv": [10, 13, 12, 15], "texture": "#0"},
				"up": {"uv": [13, 13, 15, 15], "texture": "#0"},
				"down": {"uv": [13, 13, 15, 15], "texture": "#0"}
			}
		},
		{
			"from": [4, 8, 14],
			"to": [6, 10, 16],
			"rotation": {"angle": 0, "axis": "y", "origin": [8, 0, 8]},
			"faces": {
				"north": {"uv": [13, 13, 15, 15], "texture": "#0"},
				"east": {"uv": [10, 13, 12, 15], "texture": "#0"},
				"south": {"uv": [13, 13, 15, 15], "texture": "#0"},
				"west": {"uv": [10, 13, 12, 15], "texture": "#0"},
				"up": {"uv": [13, 13, 15, 15], "texture": "#0"},
				"down": {"uv": [13, 13, 15, 15], "texture": "#0"}
			}
		},
		{
			"from": [5, 10, 14],
			"to": [7, 12, 16],
			"rotation": {"angle": 0, "axis": "y", "origin": [8, 0, 8]},
			"faces": {
				"north": {"uv": [13, 13, 15, 15], "texture": "#0"},
				"east": {"uv": [10, 13, 12, 15], "texture": "#0"},
				"south": {"uv": [13, 13, 15, 15], "texture": "#0"},
				"west": {"uv": [10, 13, 12, 15], "texture": "#0"},
				"up": {"uv": [13, 13, 15, 15], "texture": "#0"},
				"down": {"uv": [13, 13, 15, 15], "texture": "#0"}
			}
		},
		{
			"from": [6, 12, 14],
			"to": [7, 14, 16],
			"rotation": {"angle": 0, "axis": "y", "origin": [8, 0, 8]},
			"faces": {
				"north": {"uv": [13, 13, 15, 15], "texture": "#0"},
				"east": {"uv": [10, 13, 12, 15], "texture": "#0"},
				"south": {"uv": [13, 13, 15, 15], "texture": "#0"},
				"west": {"uv": [10, 13, 12, 15], "texture": "#0"},
				"up": {"uv": [13, 13, 15, 15], "texture": "#0"},
				"down": {"uv": [13, 13, 15, 15], "texture": "#0"}
			}
		},
		{
			"from": [13, 2, 14],
			"to": [15, 4, 16],
			"rotation": {"angle": 0, "axis": "y", "origin": [8, 0, 8]},
			"faces": {
				"north": {"uv": [15, 13, 13, 15], "texture": "#0"},
				"east": {"uv": [12, 13, 10, 15], "texture": "#0"},
				"south": {"uv": [15, 13, 13, 15], "texture": "#0"},
				"west": {"uv": [12, 13, 10, 15], "texture": "#0"},
				"up": {"uv": [15, 13, 13, 15], "texture": "#0"},
				"down": {"uv": [15, 13, 13, 15], "texture": "#0"}
			}
		},
		{
			"from": [12, 4, 14],
			"to": [14, 6, 16],
			"rotation": {"angle": 0, "axis": "y", "origin": [8, 0, 8]},
			"faces": {
				"north": {"uv": [15, 13, 13, 15], "texture": "#0"},
				"east": {"uv": [12, 13, 10, 15], "texture": "#0"},
				"south": {"uv": [15, 13, 13, 15], "texture": "#0"},
				"west": {"uv": [12, 13, 10, 15], "texture": "#0"},
				"up": {"uv": [15, 13, 13, 15], "texture": "#0"},
				"down": {"uv": [15, 13, 13, 15], "texture": "#0"}
			}
		},
		{
			"from": [11, 6, 14],
			"to": [13, 8, 16],
			"rotation": {"angle": 0, "axis": "y", "origin": [8, 0, 8]},
			"faces": {
				"north": {"uv": [15, 13, 13, 15], "texture": "#0"},
				"east": {"uv": [12, 13, 10, 15], "texture": "#0"},
				"south": {"uv": [15, 13, 13, 15], "texture": "#0"},
				"west": {"uv": [12, 13, 10, 15], "texture": "#0"},
				"up": {"uv": [15, 13, 13, 15], "texture": "#0"},
				"down": {"uv": [15, 13, 13, 15], "texture": "#0"}
			}
		},
		{
			"from": [10, 8, 14],
			"to": [12, 10, 16],
			"rotation": {"angle": 0, "axis": "y", "origin": [8, 0, 8]},
			"faces": {
				"north": {"uv": [15, 13, 13, 15], "texture": "#0"},
				"east": {"uv": [12, 13, 10, 15], "texture": "#0"},
				"south": {"uv": [15, 13, 13, 15], "texture": "#0"},
				"west": {"uv": [12, 13, 10, 15], "texture": "#0"},
				"up": {"uv": [15, 13, 13, 15], "texture": "#0"},
				"down": {"uv": [15, 13, 13, 15], "texture": "#0"}
			}
		},
		{
			"from": [9, 10, 14],
			"to": [11, 12, 16],
			"rotation": {"angle": 0, "axis": "y", "origin": [8, 0, 8]},
			"faces": {
				"north": {"uv": [15, 13, 13, 15], "texture": "#0"},
				"east": {"uv": [12, 13, 10, 15], "texture": "#0"},
				"south": {"uv": [15, 13, 13, 15], "texture": "#0"},
				"west": {"uv": [12, 13, 10, 15], "texture": "#0"},
				"up": {"uv": [15, 13, 13, 15], "texture": "#0"},
				"down": {"uv": [15, 13, 13, 15], "texture": "#0"}
			}
		},
		{
			"from": [9, 12, 14],
			"to": [10, 14, 16],
			"rotation": {"angle": 0, "axis": "y", "origin": [8, 0, 8]},
			"faces": {
				"north": {"uv": [15, 13, 13, 15], "texture": "#0"},
				"east": {"uv": [12, 13, 10, 15], "texture": "#0"},
				"south": {"uv": [15, 13, 13, 15], "texture": "#0"},
				"west": {"uv": [12, 13, 10, 15], "texture": "#0"},
				"up": {"uv": [15, 13, 13, 15], "texture": "#0"},
				"down": {"uv": [15, 13, 13, 15], "texture": "#0"}
			}
		},
		{
			"from": [0, 0, 14],
			"to": [16, 2, 16],
			"rotation": {"angle": 0, "axis": "y", "origin": [8, 0, 15]},
			"faces": {
				"north": {"uv": [0, 0, 16, 2], "texture": "#0"},
				"east": {"uv": [0, 2, 2, 4], "texture": "#0"},
				"south": {"uv": [0, 0, 16, 2], "texture": "#0"},
				"west": {"uv": [0, 2, 2, 4], "texture": "#0"},
				"up": {"uv": [0, 0, 16, 2], "rotation": 180, "texture": "#0"},
				"down": {"uv": [0, 0, 16, 2], "rotation": 180, "texture": "#0"}
			}
		},
		{
			"from": [7, 2, 14],
			"to": [9, 16, 16],
			"rotation": {"angle": 0, "axis": "z", "origin": [8, 0, 15]},
			"faces": {
				"north": {"uv": [1, 5, 15, 7], "rotation": 270, "texture": "#0"},
				"east": {"uv": [1, 5, 15, 7], "rotation": 270, "texture": "#0"},
				"south": {"uv": [1, 5, 15, 7], "rotation": 90, "texture": "#0"},
				"west": {"uv": [1, 5, 15, 7], "rotation": 270, "texture": "#0"},
				"up": {"uv": [0, 2, 2, 4], "rotation": 90, "texture": "#0"},
				"down": {"uv": [0, 2, 2, 4], "rotation": 90, "texture": "#0"}
			}
		},
		{
			"from": [7, 2, 0],
			"to": [9, 16, 2],
			"rotation": {"angle": 0, "axis": "z", "origin": [8, 0, 8]},
			"faces": {
				"north": {"uv": [1, 5, 15, 7], "rotation": 270, "texture": "#0"},
				"east": {"uv": [1, 5, 15, 7], "rotation": 90, "texture": "#0"},
				"south": {"uv": [1, 5, 15, 7], "rotation": 90, "texture": "#0"},
				"west": {"uv": [1, 5, 15, 7], "rotation": 90, "texture": "#0"},
				"up": {"uv": [0, 2, 2, 4], "rotation": 90, "texture": "#0"},
				"down": {"uv": [0, 2, 2, 4], "rotation": 90, "texture": "#0"}
			}
		},
		{
			"from": [7, 15, 2],
			"to": [9, 16, 14],
			"rotation": {"angle": 0, "axis": "x", "origin": [8, 0, 8]},
			"faces": {
				"north": {"uv": [0, 2, 2, 4], "rotation": 270, "texture": "#0"},
				"east": {"uv": [1, 6, 15, 7], "texture": "#0"},
				"south": {"uv": [0, 2, 2, 4], "rotation": 90, "texture": "#0"},
				"west": {"uv": [1, 6, 15, 7], "rotation": 180, "texture": "#0"},
				"up": {"uv": [1, 6, 15, 7], "rotation": 90, "texture": "#0"},
				"down": {"uv": [1, 6, 15, 7], "rotation": 90, "texture": "#0"}
			}
		},
		{
			"from": [7, 14, 2],
			"to": [9, 15, 14],
			"rotation": {"angle": 0, "axis": "x", "origin": [8, 0, 8]},
			"faces": {
				"north": {"uv": [0, 2, 2, 4], "rotation": 270, "texture": "#0"},
				"east": {"uv": [1, 6, 15, 7], "texture": "#0"},
				"south": {"uv": [0, 2, 2, 4], "rotation": 90, "texture": "#0"},
				"west": {"uv": [1, 6, 15, 7], "rotation": 180, "texture": "#0"},
				"up": {"uv": [1, 6, 15, 7], "rotation": 90, "texture": "#0"},
				"down": {"uv": [1, 6, 15, 7], "rotation": 90, "texture": "#0"}
			}
		},
		{
			"from": [14, 1, 2],
			"to": [16, 2, 14],
			"rotation": {"angle": 0, "axis": "x", "origin": [8, 0, 8]},
			"faces": {
				"north": {"uv": [0, 2, 2, 4], "rotation": 270, "texture": "#0"},
				"east": {"uv": [1, 6, 15, 7], "texture": "#0"},
				"south": {"uv": [0, 2, 2, 4], "rotation": 90, "texture": "#0"},
				"west": {"uv": [1, 6, 15, 7], "rotation": 180, "texture": "#0"},
				"up": {"uv": [1, 6, 15, 7], "rotation": 90, "texture": "#0"},
				"down": {"uv": [1, 6, 15, 7], "rotation": 90, "texture": "#0"}
			}
		},
		{
			"from": [14, 0, 2],
			"to": [16, 1, 14],
			"rotation": {"angle": 0, "axis": "x", "origin": [8, 0, 8]},
			"faces": {
				"north": {"uv": [0, 2, 2, 4], "rotation": 270, "texture": "#0"},
				"east": {"uv": [1, 6, 15, 7], "texture": "#0"},
				"south": {"uv": [0, 2, 2, 4], "rotation": 90, "texture": "#0"},
				"west": {"uv": [1, 6, 15, 7], "rotation": 180, "texture": "#0"},
				"up": {"uv": [1, 6, 15, 7], "rotation": 90, "texture": "#0"},
				"down": {"uv": [1, 6, 15, 7], "rotation": 90, "texture": "#0"}
			}
		},
		{
			"from": [0, 1, 2],
			"to": [2, 2, 14],
			"rotation": {"angle": 0, "axis": "x", "origin": [8, 0, 8]},
			"faces": {
				"north": {"uv": [0, 2, 2, 4], "rotation": 270, "texture": "#0"},
				"east": {"uv": [1, 6, 15, 7], "texture": "#0"},
				"south": {"uv": [0, 2, 2, 4], "rotation": 90, "texture": "#0"},
				"west": {"uv": [1, 6, 15, 7], "rotation": 180, "texture": "#0"},
				"up": {"uv": [1, 6, 15, 7], "rotation": 90, "texture": "#0"},
				"down": {"uv": [1, 6, 15, 7], "rotation": 90, "texture": "#0"}
			}
		},
		{
			"from": [0, 0, 2],
			"to": [2, 1, 14],
			"rotation": {"angle": 0, "axis": "x", "origin": [8, 0, 8]},
			"faces": {
				"north": {"uv": [0, 2, 2, 4], "rotation": 270, "texture": "#0"},
				"east": {"uv": [1, 6, 15, 7], "texture": "#0"},
				"south": {"uv": [0, 2, 2, 4], "rotation": 90, "texture": "#0"},
				"west": {"uv": [1, 6, 15, 7], "rotation": 180, "texture": "#0"},
				"up": {"uv": [1, 6, 15, 7], "rotation": 90, "texture": "#0"},
				"down": {"uv": [1, 6, 15, 7], "rotation": 90, "texture": "#0"}
			}
		}
	],
	"display": {
		"thirdperson_righthand": {
			"rotation": [69, 0, 0],
			"translation": [0.25, 3.25, -4],
			"scale": [0.69, 0.69, 0.69]
		},
		"thirdperson_lefthand": {
			"rotation": [69, 0, 0],
			"translation": [-0.25, 3.5, -3.5],
			"scale": [0.69, 0.69, 0.69]
		},
		"firstperson_righthand": {
			"rotation": [7, -1, 0],
			"translation": [1, 0, -4],
			"scale": [0.73, 0.73, 0.73]
		},
		"ground": {
			"translation": [0, 4.5, 0]
		},
		"gui": {
			"rotation": [13, -73, 0],
			"translation": [0, 1.25, 0],
			"scale": [0.7, 0.7, 0.7]
		},
		"head": {
			"translation": [0, 3.5, 0]
		},
		"fixed": {
			"rotation": [-90, 90, 0],
			"translation": [0, 0, -16],
			"scale": [2, 2, 2]
		}
	},
	"groups": [
		{
			"name": "group",
			"origin": [8, 8, 8],
			"color": 0,
			"children": [
				0,
				{
					"name": "group",
					"origin": [8, 0, 8],
					"color": 0,
					"children": [1, 2, 3, 4, 5, 6, 7, 8, 9, 10, 11, 12]
				},
				{
					"name": "group",
					"origin": [8, 0, 8],
					"color": 0,
					"children": [13, 14, 15, 16, 17, 18, 19, 20, 21, 22, 23, 24]
				},
				25,
				26,
				27,
				28,
				29,
				30,
				31,
				32,
				33
			]
		}
	]
}