{
	"credit": "Made with Blockbench",
	"parent": "snowball",
	"textures": {
		"0": "item/miner_tnt_item",
		"particle": "item/miner_tnt_item"
	},
	"elements": [
		{
			"from": [6, 0, 6],
			"to": [10, 6, 10],
			"faces": {
				"north": {"uv": [3, 9, 7, 15], "texture": "#0"},
				"east": {"uv": [3, 9, 7, 15], "texture": "#0"},
				"south": {"uv": [3, 9, 7, 15], "texture": "#0"},
				"west": {"uv": [4, 8, 8, 14], "texture": "#0"},
				"up": {"uv": [3, 9, 7, 10], "texture": "#0"},
				"down": {"uv": [3, 9, 7, 13], "texture": "#0"}
			}
		},
		{
			"from": [7, 6, 7],
			"to": [9, 7, 9],
			"faces": {
				"north": {"uv": [9, 6, 11, 7], "texture": "#0"},
				"east": {"uv": [9, 6, 11, 7], "texture": "#0"},
				"south": {"uv": [9, 6, 11, 7], "texture": "#0"},
				"west": {"uv": [9, 6, 11, 7], "texture": "#0"},
				"up": {"uv": [9, 6, 11, 8], "texture": "#0"},
				"down": {"uv": [9, 6, 11, 8], "texture": "#0"}
			}
		},
		{
			"from": [7.5, 7, 7.5],
			"to": [8.5, 9, 8.5],
			"faces": {
				"north": {"uv": [0, 0, 1, 2], "texture": "#0"},
				"east": {"uv": [0, 0, 1, 2], "texture": "#0"},
				"south": {"uv": [0, 0, 1, 2], "texture": "#0"},
				"west": {"uv": [0, 0, 1, 2], "texture": "#0"},
				"up": {"uv": [0, 0, 1, 1], "texture": "#0"},
				"down": {"uv": [0, 0, 1, 1], "texture": "#0"}
			}
		},
		{
			"from": [8.1, 9, 7.5],
			"to": [9.1, 10, 8.5],
			"faces": {
				"north": {"uv": [0, 0, 1, 1], "texture": "#0"},
				"east": {"uv": [0, 0, 1, 1], "texture": "#0"},
				"south": {"uv": [0, 0, 1, 1], "texture": "#0"},
				"west": {"uv": [0, 0, 1, 1], "texture": "#0"},
				"up": {"uv": [0, 0, 1, 1], "texture": "#0"},
				"down": {"uv": [0, 0, 1, 1], "texture": "#0"}
			}
		},
		{
			"from": [8.5, 10, 7.5],
			"to": [9.5, 11, 8.5],
			"faces": {
				"north": {"uv": [2, 4, 3, 5], "texture": "#0"},
				"east": {"uv": [2, 4, 3, 5], "texture": "#0"},
				"south": {"uv": [2, 4, 3, 5], "texture": "#0"},
				"west": {"uv": [2, 4, 3, 5], "texture": "#0"},
				"up": {"uv": [2, 4, 3, 5], "texture": "#0"},
				"down": {"uv": [2, 4, 3, 5], "texture": "#0"}
			}
		},
		{
			"from": [6, 1, 10],
			"to": [10, 5, 11],
			"faces": {
				"north": {"uv": [3, 9, 7, 13], "texture": "#0"},
				"east": {"uv": [3, 9, 4, 13], "texture": "#0"},
				"south": {"uv": [3, 9, 7, 13], "texture": "#0"},
				"west": {"uv": [3, 9, 4, 13], "texture": "#0"},
				"up": {"uv": [3, 9, 7, 10], "texture": "#0"},
				"down": {"uv": [3, 9, 7, 10], "texture": "#0"}
			}
		},
		{
			"from": [6, 1, 5],
			"to": [10, 5, 6],
			"faces": {
				"north": {"uv": [3, 9, 7, 13], "texture": "#0"},
				"east": {"uv": [3, 9, 4, 13], "texture": "#0"},
				"south": {"uv": [3, 9, 7, 13], "texture": "#0"},
				"west": {"uv": [3, 9, 4, 13], "texture": "#0"},
				"up": {"uv": [3, 9, 7, 10], "texture": "#0"},
				"down": {"uv": [3, 9, 7, 10], "texture": "#0"}
			}
		},
		{
			"from": [10, 1, 6],
			"to": [11, 5, 10],
			"rotation": {"angle": 0, "axis": "y", "origin": [12, 3, 5.5]},
			"faces": {
				"north": {"uv": [3, 9, 4, 13], "texture": "#0"},
				"east": {"uv": [3, 9, 7, 13], "texture": "#0"},
				"south": {"uv": [3, 9, 4, 13], "texture": "#0"},
				"west": {"uv": [3, 9, 7, 13], "texture": "#0"},
				"up": {"uv": [3, 9, 7, 10], "rotation": 90, "texture": "#0"},
				"down": {"uv": [3, 9, 7, 10], "rotation": 270, "texture": "#0"}
			}
		},
		{
			"from": [5, 1, 6],
			"to": [6, 5, 10],
			"rotation": {"angle": 0, "axis": "y", "origin": [12, 3, 5.5]},
			"faces": {
				"north": {"uv": [3, 9, 4, 13], "texture": "#0"},
				"east": {"uv": [3, 9, 7, 13], "texture": "#0"},
				"south": {"uv": [3, 9, 4, 13], "texture": "#0"},
				"west": {"uv": [3, 9, 7, 13], "texture": "#0"},
				"up": {"uv": [3, 9, 7, 10], "rotation": 90, "texture": "#0"},
				"down": {"uv": [3, 9, 7, 10], "rotation": 270, "texture": "#0"}
			}
		}
	],
	"display": {
		"thirdperson_righthand": {
			"translation": [0, 3.25, 0],
			"scale": [0.5, 0.5, 0.5]
		},
		"thirdperson_lefthand": {
			"translation": [0, 3.25, 0],
			"scale": [0.5, 0.5, 0.5]
		},
		"firstperson_righthand": {
			"translation": [0, 6.25, 0]
		},
		"firstperson_lefthand": {
			"translation": [0, 6.25, 0]
		},
		"ground": {
			"scale": [0.5, 0.5, 0.5]
		},
		"gui": {
			"rotation": [16, 20, 0],
			"translation": [0, 3.5, 0],
			"scale": [1.25, 1.25, 1.25]
		},
		"head": {
			"translation": [0, 16.25, 0],
			"scale": [3.25, 3.25, 3.25]
		},
		"fixed": {
			"translation": [0, 3.75, -0.75]
		}
	}
}