{
	"credit": "Made with Blockbench",
	"parent": "book",
	"ambientocclusion": false,
	"texture_size": [64, 32],
	"textures": {
		"0": "item/minotaur",
		"particle": "item/minotaur"
	},
	"elements": [
		{
			"from": [7, 4, 2],
			"to": [10, 7, 4],
			"rotation": {"angle": 0, "axis": "y", "origin": [8.7, 7.9, 8]},
			"faces": {
				"north": {"uv": [10.75, 4, 11.5, 2.5], "rotation": 90, "texture": "#0"},
				"east": {"uv": [10.75, 4, 11.5, 2.5], "rotation": 270, "texture": "#0"},
				"south": {"uv": [10.75, 4, 11.5, 2.5], "rotation": 90, "texture": "#0"},
				"west": {"uv": [10.75, 4, 11.5, 2.5], "rotation": 90, "texture": "#0"},
				"up": {"uv": [10.75, 4, 11.5, 2.5], "rotation": 180, "texture": "#0"},
				"down": {"uv": [10.75, 4, 11.5, 2.5], "texture": "#0"}
			}
		},
		{
			"from": [8, 5, 0],
			"to": [11, 8, 2],
			"rotation": {"angle": 0, "axis": "y", "origin": [8.7, 7.9, 8]},
			"faces": {
				"north": {"uv": [10.75, 4, 11.5, 2.5], "rotation": 90, "texture": "#0"},
				"east": {"uv": [10.75, 4, 11.5, 2.5], "rotation": 270, "texture": "#0"},
				"south": {"uv": [10.75, 4, 11.5, 2.5], "rotation": 90, "texture": "#0"},
				"west": {"uv": [10.75, 4, 11.5, 2.5], "rotation": 90, "texture": "#0"},
				"up": {"uv": [10.75, 4, 11.5, 2.5], "rotation": 180, "texture": "#0"},
				"down": {"uv": [10.75, 4, 11.5, 2.5], "texture": "#0"}
			}
		},
		{
			"from": [9, 6, -1],
			"to": [12, 9, 0],
			"rotation": {"angle": 0, "axis": "y", "origin": [8.7, 7.9, 8]},
			"faces": {
				"north": {"uv": [10.75, 4, 11.5, 2.5], "rotation": 90, "texture": "#0"},
				"east": {"uv": [10.75, 4, 11.5, 2.5], "rotation": 270, "texture": "#0"},
				"south": {"uv": [10.75, 4, 11.5, 2.5], "rotation": 90, "texture": "#0"},
				"west": {"uv": [10.75, 4, 11.5, 2.5], "rotation": 90, "texture": "#0"},
				"up": {"uv": [10.75, 4, 11.5, 2.5], "rotation": 180, "texture": "#0"},
				"down": {"uv": [10.75, 4, 11.5, 2.5], "texture": "#0"}
			}
		},
		{
			"from": [11, 8, 0],
			"to": [12, 9, 1],
			"rotation": {"angle": 0, "axis": "y", "origin": [8.7, 7.9, 8]},
			"faces": {
				"north": {"uv": [10.75, 4, 11.5, 2.5], "rotation": 90, "texture": "#0"},
				"east": {"uv": [10.75, 4, 11.5, 2.5], "rotation": 270, "texture": "#0"},
				"south": {"uv": [10.75, 4, 11.5, 2.5], "rotation": 90, "texture": "#0"},
				"west": {"uv": [10.75, 4, 11.5, 2.5], "rotation": 90, "texture": "#0"},
				"up": {"uv": [10.75, 4, 11.5, 2.5], "rotation": 180, "texture": "#0"},
				"down": {"uv": [10.75, 4, 11.5, 2.5], "texture": "#0"}
			}
		},
		{
			"from": [11, 7, 0],
			"to": [12, 8, 1],
			"rotation": {"angle": 0, "axis": "y", "origin": [8.7, 7.9, 8]},
			"faces": {
				"north": {"uv": [10.75, 4, 11.5, 2.5], "rotation": 90, "texture": "#0"},
				"east": {"uv": [10.75, 4, 11.5, 2.5], "rotation": 270, "texture": "#0"},
				"south": {"uv": [10.75, 4, 11.5, 2.5], "rotation": 90, "texture": "#0"},
				"west": {"uv": [10.75, 4, 11.5, 2.5], "rotation": 90, "texture": "#0"},
				"up": {"uv": [10.75, 4, 11.5, 2.5], "rotation": 180, "texture": "#0"},
				"down": {"uv": [10.75, 4, 11.5, 2.5], "texture": "#0"}
			}
		},
		{
			"from": [10, 8, 0],
			"to": [11, 9, 1],
			"rotation": {"angle": 0, "axis": "y", "origin": [8.7, 7.9, 8]},
			"faces": {
				"north": {"uv": [10.75, 4, 11.5, 2.5], "rotation": 90, "texture": "#0"},
				"east": {"uv": [10.75, 4, 11.5, 2.5], "rotation": 270, "texture": "#0"},
				"south": {"uv": [10.75, 4, 11.5, 2.5], "rotation": 90, "texture": "#0"},
				"west": {"uv": [10.75, 4, 11.5, 2.5], "rotation": 90, "texture": "#0"},
				"up": {"uv": [10.75, 4, 11.5, 2.5], "rotation": 180, "texture": "#0"},
				"down": {"uv": [10.75, 4, 11.5, 2.5], "texture": "#0"}
			}
		},
		{
			"from": [10, 7, 2],
			"to": [11, 8, 3],
			"rotation": {"angle": 0, "axis": "y", "origin": [8.7, 7.9, 8]},
			"faces": {
				"north": {"uv": [10.75, 4, 11.5, 2.5], "rotation": 90, "texture": "#0"},
				"east": {"uv": [10.75, 4, 11.5, 2.5], "rotation": 270, "texture": "#0"},
				"south": {"uv": [10.75, 4, 11.5, 2.5], "rotation": 90, "texture": "#0"},
				"west": {"uv": [10.75, 4, 11.5, 2.5], "rotation": 90, "texture": "#0"},
				"up": {"uv": [10.75, 4, 11.5, 2.5], "rotation": 180, "texture": "#0"},
				"down": {"uv": [10.75, 4, 11.5, 2.5], "texture": "#0"}
			}
		},
		{
			"from": [9, 7, 2],
			"to": [10, 8, 3],
			"rotation": {"angle": 0, "axis": "y", "origin": [8.7, 7.9, 8]},
			"faces": {
				"north": {"uv": [10.75, 4, 11.5, 2.5], "rotation": 90, "texture": "#0"},
				"east": {"uv": [10.75, 4, 11.5, 2.5], "rotation": 270, "texture": "#0"},
				"south": {"uv": [10.75, 4, 11.5, 2.5], "rotation": 90, "texture": "#0"},
				"west": {"uv": [10.75, 4, 11.5, 2.5], "rotation": 90, "texture": "#0"},
				"up": {"uv": [10.75, 4, 11.5, 2.5], "rotation": 180, "texture": "#0"},
				"down": {"uv": [10.75, 4, 11.5, 2.5], "texture": "#0"}
			}
		},
		{
			"from": [10, 6, 2],
			"to": [11, 7, 3],
			"rotation": {"angle": 0, "axis": "y", "origin": [8.7, 7.9, 8]},
			"faces": {
				"north": {"uv": [10.75, 4, 11.5, 2.5], "rotation": 90, "texture": "#0"},
				"east": {"uv": [10.75, 4, 11.5, 2.5], "rotation": 270, "texture": "#0"},
				"south": {"uv": [10.75, 4, 11.5, 2.5], "rotation": 90, "texture": "#0"},
				"west": {"uv": [10.75, 4, 11.5, 2.5], "rotation": 90, "texture": "#0"},
				"up": {"uv": [10.75, 4, 11.5, 2.5], "rotation": 180, "texture": "#0"},
				"down": {"uv": [10.75, 4, 11.5, 2.5], "texture": "#0"}
			}
		},
		{
			"from": [7, 4, 12],
			"to": [10, 7, 14],
			"rotation": {"angle": 0, "axis": "y", "origin": [8.7, 7.9, 8]},
			"faces": {
				"north": {"uv": [10.75, 2.5, 11.5, 4], "rotation": 90, "texture": "#0"},
				"east": {"uv": [10.75, 2.5, 11.5, 4], "rotation": 270, "texture": "#0"},
				"south": {"uv": [10.75, 2.5, 11.5, 4], "rotation": 90, "texture": "#0"},
				"west": {"uv": [10.75, 2.5, 11.5, 4], "rotation": 90, "texture": "#0"},
				"up": {"uv": [10.75, 2.5, 11.5, 4], "rotation": 180, "texture": "#0"},
				"down": {"uv": [10.75, 2.5, 11.5, 4], "texture": "#0"}
			}
		},
		{
			"from": [8, 5, 14],
			"to": [11, 8, 16],
			"rotation": {"angle": 0, "axis": "y", "origin": [8.7, 7.9, 8]},
			"faces": {
				"north": {"uv": [10.75, 2.5, 11.5, 4], "rotation": 90, "texture": "#0"},
				"east": {"uv": [10.75, 2.5, 11.5, 4], "rotation": 270, "texture": "#0"},
				"south": {"uv": [10.75, 2.5, 11.5, 4], "rotation": 90, "texture": "#0"},
				"west": {"uv": [10.75, 2.5, 11.5, 4], "rotation": 90, "texture": "#0"},
				"up": {"uv": [10.75, 2.5, 11.5, 4], "rotation": 180, "texture": "#0"},
				"down": {"uv": [10.75, 2.5, 11.5, 4], "texture": "#0"}
			}
		},
		{
			"from": [9, 6, 16],
			"to": [12, 9, 17],
			"rotation": {"angle": 0, "axis": "y", "origin": [8.7, 7.9, 8]},
			"faces": {
				"north": {"uv": [10.75, 2.5, 11.5, 4], "rotation": 90, "texture": "#0"},
				"east": {"uv": [10.75, 2.5, 11.5, 4], "rotation": 270, "texture": "#0"},
				"south": {"uv": [10.75, 2.5, 11.5, 4], "rotation": 90, "texture": "#0"},
				"west": {"uv": [10.75, 2.5, 11.5, 4], "rotation": 90, "texture": "#0"},
				"up": {"uv": [10.75, 2.5, 11.5, 4], "rotation": 180, "texture": "#0"},
				"down": {"uv": [10.75, 2.5, 11.5, 4], "texture": "#0"}
			}
		},
		{
			"from": [10, 7, 17],
			"to": [13, 10, 18],
			"rotation": {"angle": 0, "axis": "y", "origin": [8.7, 7.9, 8]},
			"faces": {
				"north": {"uv": [10.75, 2.5, 11.5, 4], "rotation": 90, "texture": "#0"},
				"east": {"uv": [10.75, 2.5, 11.5, 4], "rotation": 270, "texture": "#0"},
				"south": {"uv": [10.75, 2.5, 11.5, 4], "rotation": 90, "texture": "#0"},
				"west": {"uv": [10.75, 2.5, 11.5, 4], "rotation": 90, "texture": "#0"},
				"up": {"uv": [10.75, 2.5, 11.5, 4], "rotation": 180, "texture": "#0"},
				"down": {"uv": [10.75, 2.5, 11.5, 4], "texture": "#0"}
			}
		},
		{
			"from": [11, 10, 17],
			"to": [12, 11, 18],
			"rotation": {"angle": 0, "axis": "y", "origin": [8.7, 7.9, 8]},
			"faces": {
				"north": {"uv": [10.75, 2.5, 11.5, 4], "rotation": 90, "texture": "#0"},
				"east": {"uv": [10.75, 2.5, 11.5, 4], "rotation": 270, "texture": "#0"},
				"south": {"uv": [10.75, 2.5, 11.5, 4], "rotation": 90, "texture": "#0"},
				"west": {"uv": [10.75, 2.5, 11.5, 4], "rotation": 90, "texture": "#0"},
				"up": {"uv": [10.75, 2.5, 11.5, 4], "rotation": 180, "texture": "#0"},
				"down": {"uv": [10.75, 2.5, 11.5, 4], "texture": "#0"}
			}
		},
		{
			"from": [11, 8, 15],
			"to": [12, 9, 16],
			"rotation": {"angle": 0, "axis": "y", "origin": [8.7, 7.9, 8]},
			"faces": {
				"north": {"uv": [10.75, 2.5, 11.5, 4], "rotation": 90, "texture": "#0"},
				"east": {"uv": [10.75, 2.5, 11.5, 4], "rotation": 270, "texture": "#0"},
				"south": {"uv": [10.75, 2.5, 11.5, 4], "rotation": 90, "texture": "#0"},
				"west": {"uv": [10.75, 2.5, 11.5, 4], "rotation": 90, "texture": "#0"},
				"up": {"uv": [10.75, 2.5, 11.5, 4], "rotation": 180, "texture": "#0"},
				"down": {"uv": [10.75, 2.5, 11.5, 4], "texture": "#0"}
			}
		},
		{
			"from": [11, 9, 16],
			"to": [12, 10, 17],
			"rotation": {"angle": 0, "axis": "y", "origin": [8.7, 7.9, 8]},
			"faces": {
				"north": {"uv": [10.75, 2.5, 11.5, 4], "rotation": 90, "texture": "#0"},
				"east": {"uv": [10.75, 2.5, 11.5, 4], "rotation": 270, "texture": "#0"},
				"south": {"uv": [10.75, 2.5, 11.5, 4], "rotation": 90, "texture": "#0"},
				"west": {"uv": [10.75, 2.5, 11.5, 4], "rotation": 90, "texture": "#0"},
				"up": {"uv": [10.75, 2.5, 11.5, 4], "rotation": 180, "texture": "#0"},
				"down": {"uv": [10.75, 2.5, 11.5, 4], "texture": "#0"}
			}
		},
		{
			"from": [12, 9, 16],
			"to": [13, 10, 17],
			"rotation": {"angle": 0, "axis": "y", "origin": [8.7, 7.9, 8]},
			"faces": {
				"north": {"uv": [10.75, 2.5, 11.5, 4], "rotation": 90, "texture": "#0"},
				"east": {"uv": [10.75, 2.5, 11.5, 4], "rotation": 270, "texture": "#0"},
				"south": {"uv": [10.75, 2.5, 11.5, 4], "rotation": 90, "texture": "#0"},
				"west": {"uv": [10.75, 2.5, 11.5, 4], "rotation": 90, "texture": "#0"},
				"up": {"uv": [10.75, 2.5, 11.5, 4], "rotation": 180, "texture": "#0"},
				"down": {"uv": [10.75, 2.5, 11.5, 4], "texture": "#0"}
			}
		},
		{
			"from": [12, 8, 16],
			"to": [13, 9, 17],
			"rotation": {"angle": 0, "axis": "y", "origin": [8.7, 7.9, 8]},
			"faces": {
				"north": {"uv": [10.75, 2.5, 11.5, 4], "rotation": 90, "texture": "#0"},
				"east": {"uv": [10.75, 2.5, 11.5, 4], "rotation": 270, "texture": "#0"},
				"south": {"uv": [10.75, 2.5, 11.5, 4], "rotation": 90, "texture": "#0"},
				"west": {"uv": [10.75, 2.5, 11.5, 4], "rotation": 90, "texture": "#0"},
				"up": {"uv": [10.75, 2.5, 11.5, 4], "rotation": 180, "texture": "#0"},
				"down": {"uv": [10.75, 2.5, 11.5, 4], "texture": "#0"}
			}
		},
		{
			"from": [11, 7, 15],
			"to": [12, 8, 16],
			"rotation": {"angle": 0, "axis": "y", "origin": [8.7, 7.9, 8]},
			"faces": {
				"north": {"uv": [10.75, 2.5, 11.5, 4], "rotation": 90, "texture": "#0"},
				"east": {"uv": [10.75, 2.5, 11.5, 4], "rotation": 270, "texture": "#0"},
				"south": {"uv": [10.75, 2.5, 11.5, 4], "rotation": 90, "texture": "#0"},
				"west": {"uv": [10.75, 2.5, 11.5, 4], "rotation": 90, "texture": "#0"},
				"up": {"uv": [10.75, 2.5, 11.5, 4], "rotation": 180, "texture": "#0"},
				"down": {"uv": [10.75, 2.5, 11.5, 4], "texture": "#0"}
			}
		},
		{
			"from": [10, 8, 15],
			"to": [11, 9, 16],
			"rotation": {"angle": 0, "axis": "y", "origin": [8.7, 7.9, 8]},
			"faces": {
				"north": {"uv": [10.75, 2.5, 11.5, 4], "rotation": 90, "texture": "#0"},
				"east": {"uv": [10.75, 2.5, 11.5, 4], "rotation": 270, "texture": "#0"},
				"south": {"uv": [10.75, 2.5, 11.5, 4], "rotation": 90, "texture": "#0"},
				"west": {"uv": [10.75, 2.5, 11.5, 4], "rotation": 90, "texture": "#0"},
				"up": {"uv": [10.75, 2.5, 11.5, 4], "rotation": 180, "texture": "#0"},
				"down": {"uv": [10.75, 2.5, 11.5, 4], "texture": "#0"}
			}
		},
		{
			"from": [10, 7, 13],
			"to": [11, 8, 14],
			"rotation": {"angle": 0, "axis": "y", "origin": [8.7, 7.9, 8]},
			"faces": {
				"north": {"uv": [10.75, 2.5, 11.5, 4], "rotation": 90, "texture": "#0"},
				"east": {"uv": [10.75, 2.5, 11.5, 4], "rotation": 270, "texture": "#0"},
				"south": {"uv": [10.75, 2.5, 11.5, 4], "rotation": 90, "texture": "#0"},
				"west": {"uv": [10.75, 2.5, 11.5, 4], "rotation": 90, "texture": "#0"},
				"up": {"uv": [10.75, 2.5, 11.5, 4], "rotation": 180, "texture": "#0"},
				"down": {"uv": [10.75, 2.5, 11.5, 4], "texture": "#0"}
			}
		},
		{
			"from": [9, 7, 13],
			"to": [10, 8, 14],
			"rotation": {"angle": 0, "axis": "y", "origin": [8.7, 7.9, 8]},
			"faces": {
				"north": {"uv": [10.75, 2.5, 11.5, 4], "rotation": 90, "texture": "#0"},
				"east": {"uv": [10.75, 2.5, 11.5, 4], "rotation": 270, "texture": "#0"},
				"south": {"uv": [10.75, 2.5, 11.5, 4], "rotation": 90, "texture": "#0"},
				"west": {"uv": [10.75, 2.5, 11.5, 4], "rotation": 90, "texture": "#0"},
				"up": {"uv": [10.75, 2.5, 11.5, 4], "rotation": 180, "texture": "#0"},
				"down": {"uv": [10.75, 2.5, 11.5, 4], "texture": "#0"}
			}
		},
		{
			"from": [10, 6, 13],
			"to": [11, 7, 14],
			"rotation": {"angle": 0, "axis": "y", "origin": [8.7, 7.9, 8]},
			"faces": {
				"north": {"uv": [10.75, 2.5, 11.5, 4], "rotation": 90, "texture": "#0"},
				"east": {"uv": [10.75, 2.5, 11.5, 4], "rotation": 270, "texture": "#0"},
				"south": {"uv": [10.75, 2.5, 11.5, 4], "rotation": 90, "texture": "#0"},
				"west": {"uv": [10.75, 2.5, 11.5, 4], "rotation": 90, "texture": "#0"},
				"up": {"uv": [10.75, 2.5, 11.5, 4], "rotation": 180, "texture": "#0"},
				"down": {"uv": [10.75, 2.5, 11.5, 4], "texture": "#0"}
			}
		},
		{
			"from": [13, 10, 17],
			"to": [14, 11, 18],
			"rotation": {"angle": 0, "axis": "y", "origin": [8.7, 7.9, 8]},
			"faces": {
				"north": {"uv": [10.75, 2.5, 11.5, 4], "rotation": 90, "texture": "#0"},
				"east": {"uv": [10.75, 2.5, 11.5, 4], "rotation": 270, "texture": "#0"},
				"south": {"uv": [10.75, 2.5, 11.5, 4], "rotation": 90, "texture": "#0"},
				"west": {"uv": [10.75, 2.5, 11.5, 4], "rotation": 90, "texture": "#0"},
				"up": {"uv": [10.75, 2.5, 11.5, 4], "rotation": 180, "texture": "#0"},
				"down": {"uv": [10.75, 2.5, 11.5, 4], "texture": "#0"}
			}
		},
		{
			"from": [13, 11, 17],
			"to": [14, 12, 18],
			"rotation": {"angle": 0, "axis": "y", "origin": [8.7, 7.9, 8]},
			"faces": {
				"north": {"uv": [10.75, 2.5, 11.5, 4], "rotation": 90, "texture": "#0"},
				"east": {"uv": [10.75, 2.5, 11.5, 4], "rotation": 270, "texture": "#0"},
				"south": {"uv": [10.75, 2.5, 11.5, 4], "rotation": 90, "texture": "#0"},
				"west": {"uv": [10.75, 2.5, 11.5, 4], "rotation": 90, "texture": "#0"},
				"up": {"uv": [10.75, 2.5, 11.5, 4], "rotation": 180, "texture": "#0"},
				"down": {"uv": [10.75, 2.5, 11.5, 4], "texture": "#0"}
			}
		},
		{
			"from": [14, 11, 17],
			"to": [15, 12, 18],
			"rotation": {"angle": 0, "axis": "y", "origin": [8.7, 7.9, 8]},
			"faces": {
				"north": {"uv": [10.75, 2.5, 11.5, 4], "rotation": 90, "texture": "#0"},
				"east": {"uv": [10.75, 2.5, 11.5, 4], "rotation": 270, "texture": "#0"},
				"south": {"uv": [10.75, 2.5, 11.5, 4], "rotation": 90, "texture": "#0"},
				"west": {"uv": [10.75, 2.5, 11.5, 4], "rotation": 90, "texture": "#0"},
				"up": {"uv": [10.75, 2.5, 11.5, 4], "rotation": 180, "texture": "#0"},
				"down": {"uv": [10.75, 2.5, 11.5, 4], "texture": "#0"}
			}
		},
		{
			"from": [15, 11, 18],
			"to": [16, 12, 19],
			"rotation": {"angle": 0, "axis": "y", "origin": [8.7, 7.9, 8]},
			"faces": {
				"north": {"uv": [10.75, 2.5, 11.5, 4], "rotation": 90, "texture": "#0"},
				"east": {"uv": [10.75, 2.5, 11.5, 4], "rotation": 270, "texture": "#0"},
				"south": {"uv": [10.75, 2.5, 11.5, 4], "rotation": 90, "texture": "#0"},
				"west": {"uv": [10.75, 2.5, 11.5, 4], "rotation": 90, "texture": "#0"},
				"up": {"uv": [10.75, 2.5, 11.5, 4], "rotation": 180, "texture": "#0"},
				"down": {"uv": [10.75, 2.5, 11.5, 4], "texture": "#0"}
			}
		},
		{
			"from": [14, 10, 17],
			"to": [15, 11, 18],
			"rotation": {"angle": 0, "axis": "y", "origin": [8.7, 7.9, 8]},
			"faces": {
				"north": {"uv": [10.75, 2.5, 11.5, 4], "rotation": 90, "texture": "#0"},
				"east": {"uv": [10.75, 2.5, 11.5, 4], "rotation": 270, "texture": "#0"},
				"south": {"uv": [10.75, 2.5, 11.5, 4], "rotation": 90, "texture": "#0"},
				"west": {"uv": [10.75, 2.5, 11.5, 4], "rotation": 90, "texture": "#0"},
				"up": {"uv": [10.75, 2.5, 11.5, 4], "rotation": 180, "texture": "#0"},
				"down": {"uv": [10.75, 2.5, 11.5, 4], "texture": "#0"}
			}
		},
		{
			"from": [13, 9, 17],
			"to": [14, 10, 18],
			"rotation": {"angle": 0, "axis": "y", "origin": [8.7, 7.9, 8]},
			"faces": {
				"north": {"uv": [10.75, 2.5, 11.5, 4], "rotation": 90, "texture": "#0"},
				"east": {"uv": [10.75, 2.5, 11.5, 4], "rotation": 270, "texture": "#0"},
				"south": {"uv": [10.75, 2.5, 11.5, 4], "rotation": 90, "texture": "#0"},
				"west": {"uv": [10.75, 2.5, 11.5, 4], "rotation": 90, "texture": "#0"},
				"up": {"uv": [10.75, 2.5, 11.5, 4], "rotation": 180, "texture": "#0"},
				"down": {"uv": [10.75, 2.5, 11.5, 4], "texture": "#0"}
			}
		},
		{
			"from": [13, 8, 17],
			"to": [14, 9, 18],
			"rotation": {"angle": 0, "axis": "y", "origin": [8.7, 7.9, 8]},
			"faces": {
				"north": {"uv": [10.75, 2.5, 11.5, 4], "rotation": 90, "texture": "#0"},
				"east": {"uv": [10.75, 2.5, 11.5, 4], "rotation": 270, "texture": "#0"},
				"south": {"uv": [10.75, 2.5, 11.5, 4], "rotation": 90, "texture": "#0"},
				"west": {"uv": [10.75, 2.5, 11.5, 4], "rotation": 90, "texture": "#0"},
				"up": {"uv": [10.75, 2.5, 11.5, 4], "rotation": 180, "texture": "#0"},
				"down": {"uv": [10.75, 2.5, 11.5, 4], "texture": "#0"}
			}
		},
		{
			"from": [12, 10, 17],
			"to": [13, 11, 18],
			"rotation": {"angle": 0, "axis": "y", "origin": [8.7, 7.9, 8]},
			"faces": {
				"north": {"uv": [10.75, 2.5, 11.5, 4], "rotation": 90, "texture": "#0"},
				"east": {"uv": [10.75, 2.5, 11.5, 4], "rotation": 270, "texture": "#0"},
				"south": {"uv": [10.75, 2.5, 11.5, 4], "rotation": 90, "texture": "#0"},
				"west": {"uv": [10.75, 2.5, 11.5, 4], "rotation": 90, "texture": "#0"},
				"up": {"uv": [10.75, 2.5, 11.5, 4], "rotation": 180, "texture": "#0"},
				"down": {"uv": [10.75, 2.5, 11.5, 4], "texture": "#0"}
			}
		},
		{
			"from": [12, 9, 18],
			"to": [15, 12, 19],
			"rotation": {"angle": 0, "axis": "y", "origin": [8.7, 7.9, 8]},
			"faces": {
				"north": {"uv": [10.75, 2.5, 11.5, 4], "rotation": 90, "texture": "#0"},
				"east": {"uv": [10.75, 2.5, 11.5, 4], "rotation": 270, "texture": "#0"},
				"south": {"uv": [10.75, 2.5, 11.5, 4], "rotation": 90, "texture": "#0"},
				"west": {"uv": [10.75, 2.5, 11.5, 4], "rotation": 90, "texture": "#0"},
				"up": {"uv": [10.75, 2.5, 11.5, 4], "rotation": 180, "texture": "#0"},
				"down": {"uv": [10.75, 2.5, 11.5, 4], "texture": "#0"}
			}
		},
		{
			"from": [13, 12, 18],
			"to": [17, 13, 19],
			"rotation": {"angle": 0, "axis": "y", "origin": [8.7, 7.9, 8]},
			"faces": {
				"north": {"uv": [10.75, 2.5, 11.5, 4], "rotation": 90, "texture": "#0"},
				"east": {"uv": [10.75, 2.5, 11.5, 4], "rotation": 270, "texture": "#0"},
				"south": {"uv": [10.75, 2.5, 11.5, 4], "rotation": 90, "texture": "#0"},
				"west": {"uv": [10.75, 2.5, 11.5, 4], "rotation": 90, "texture": "#0"},
				"up": {"uv": [10.75, 2.5, 11.5, 4], "rotation": 180, "texture": "#0"},
				"down": {"uv": [10.75, 2.5, 11.5, 4], "texture": "#0"}
			}
		},
		{
			"from": [12, 0, 6],
			"to": [15, 4, 10],
			"rotation": {"angle": 0, "axis": "y", "origin": [10.7, 4, 8]},
			"faces": {
				"north": {"uv": [2.75, 5.5, 3.5, 7.5], "texture": "#0"},
				"east": {"uv": [5, 4.5, 6, 6.5], "texture": "#0"},
				"south": {"uv": [1.5, 5.5, 2.25, 7.5], "texture": "#0"},
				"west": {"uv": [2, 5.5, 3, 7.5], "texture": "#0"},
				"up": {"uv": [5, 6.5, 5.75, 8.5], "texture": "#0"},
				"down": {"uv": [4, 0.5, 4.75, 2], "texture": "#0"}
			}
		},
		{
			"from": [15, 0, 6],
			"to": [16, 2, 10],
			"rotation": {"angle": 0, "axis": "y", "origin": [10.7, 4, 8]},
			"faces": {
				"north": {"uv": [3.25, 6.5, 3.5, 7.5], "texture": "#0"},
				"east": {"uv": [2, 6.5, 3, 7.5], "texture": "#0"},
				"south": {"uv": [1.5, 6.5, 1.75, 7.5], "texture": "#0"},
				"west": {"uv": [2.25, 6, 2.75, 6.5], "texture": "#0"},
				"up": {"uv": [4.5, 6.5, 5.5, 7], "texture": "#0"},
				"down": {"uv": [4, 0.5, 4.75, 2], "texture": "#0"}
			}
		},
		{
			"from": [15, 2, 7],
			"to": [16, 3, 9],
			"rotation": {"angle": 0, "axis": "y", "origin": [10.7, 4, 8]},
			"faces": {
				"north": {"uv": [3.25, 6.5, 3.5, 7.5], "texture": "#0"},
				"east": {"uv": [2.25, 6, 2.75, 6.5], "texture": "#0"},
				"south": {"uv": [1.5, 6.5, 1.75, 7.5], "texture": "#0"},
				"west": {"uv": [2, 5.5, 3, 7.5], "texture": "#0"},
				"up": {"uv": [4.5, 6.5, 5.5, 7], "texture": "#0"},
				"down": {"uv": [4, 0.5, 4.75, 2], "texture": "#0"}
			}
		},
		{
			"from": [4, 0, 4],
			"to": [12, 8, 12],
			"faces": {
				"north": {"uv": [6, 6, 8, 10], "texture": "#0"},
				"east": {"uv": [1.5, 3, 3.5, 7], "texture": "#0"},
				"south": {"uv": [5, 10.5, 7, 14.5], "texture": "#0"},
				"west": {"uv": [3.5, 0, 5.5, 3], "texture": "#0"},
				"up": {"uv": [1.5, 0, 3.5, 4], "texture": "#0"},
				"down": {"uv": [8, 7.5, 9, 9.5], "texture": "#0"}
			}
		},
		{
			"from": [10, 5, 4],
			"to": [11, 6, 6],
			"rotation": {"angle": 0, "axis": "y", "origin": [12, 5.5, 6]},
			"faces": {
				"north": {"uv": [6.975, 0, 7.775, 1.5], "texture": "#0"},
				"east": {"uv": [0, 1, 0.75, 2], "texture": "#0"},
				"south": {"uv": [0, 0, 0.75, 1], "texture": "#0"},
				"west": {"uv": [0, 0, 0.75, 1], "texture": "#0"},
				"up": {"uv": [0, 0, 0.75, 1], "texture": "#0"},
				"down": {"uv": [0, 0, 0.75, 1], "texture": "#0"}
			}
		},
		{
			"from": [10, 5, 10],
			"to": [11, 6, 12],
			"rotation": {"angle": 0, "axis": "y", "origin": [12, 5.5, 10]},
			"faces": {
				"north": {"uv": [0.7125, 0, 0, 1], "texture": "#0"},
				"east": {"uv": [0.7375, 1, 0, 2], "texture": "#0"},
				"south": {"uv": [7.775, 0, 6.975, 1.5], "texture": "#0"},
				"west": {"uv": [0.7125, 0, 0, 1], "texture": "#0"},
				"up": {"uv": [0.7125, 0, 0, 1], "texture": "#0"},
				"down": {"uv": [0.7125, 0, 0, 1], "texture": "#0"}
			}
		},
		{
			"from": [11, 5, 6],
			"to": [12, 6, 10],
			"rotation": {"angle": 0, "axis": "y", "origin": [12, 5.5, 10]},
			"faces": {
				"north": {"uv": [7.775, 5, 8.025, 5.5], "texture": "#0"},
				"east": {"uv": [8.5, 0, 7.75, 1], "texture": "#0"},
				"south": {"uv": [7.525, 5, 7.775, 5.5], "texture": "#0"},
				"west": {"uv": [0.775, 0, 0, 1], "texture": "#0"},
				"up": {"uv": [8.525, 0, 7.75, 1], "texture": "#0"},
				"down": {"uv": [8.25, 0, 8, 1], "texture": "#0"}
			}
		},
		{
			"from": [11, 6, 4],
			"to": [12, 7, 6],
			"rotation": {"angle": 0, "axis": "y", "origin": [12.4, 5.5, 5.3]},
			"faces": {
				"north": {"uv": [7, 0, 7.75, 1.5], "texture": "#0"},
				"east": {"uv": [7, 0, 7.75, 1.5], "texture": "#0"},
				"south": {"uv": [0, 0, 0.75, 1], "texture": "#0"},
				"west": {"uv": [0, 0, 0.75, 1], "texture": "#0"},
				"up": {"uv": [0, 0, 0.75, 1], "texture": "#0"},
				"down": {"uv": [0, 0, 0.75, 1], "texture": "#0"}
			}
		},
		{
			"from": [11, 6, 10],
			"to": [12, 7, 12],
			"rotation": {"angle": 0, "axis": "y", "origin": [12.4, 5.5, 10.6]},
			"faces": {
				"north": {"uv": [0, 0, 0.75, 1], "texture": "#0"},
				"east": {"uv": [7, 0, 7.75, 1.5], "texture": "#0"},
				"south": {"uv": [7, 0, 7.75, 1.5], "texture": "#0"},
				"west": {"uv": [0, 0, 0.75, 1], "texture": "#0"},
				"up": {"uv": [0, 0, 0.75, 1], "texture": "#0"},
				"down": {"uv": [0, 0, 0.75, 1], "texture": "#0"}
			}
		},
		{
			"from": [11, 4, 4],
			"to": [12, 5, 6],
			"rotation": {"angle": 0, "axis": "y", "origin": [12.4, 5.5, 5.3]},
			"faces": {
				"north": {"uv": [7, 0, 7.75, 1.5], "texture": "#0"},
				"east": {"uv": [7, 0, 7.75, 1.5], "texture": "#0"},
				"south": {"uv": [0, 0, 0.75, 1], "texture": "#0"},
				"west": {"uv": [0, 0, 0.75, 1], "texture": "#0"},
				"up": {"uv": [0, 0, 0.75, 1], "texture": "#0"},
				"down": {"uv": [0, 0, 0.75, 1], "texture": "#0"}
			}
		},
		{
			"from": [11, 4, 10],
			"to": [12, 5, 12],
			"rotation": {"angle": 0, "axis": "y", "origin": [12.4, 5.5, 10.6]},
			"faces": {
				"north": {"uv": [0, 0, 0.75, 1], "texture": "#0"},
				"east": {"uv": [7, 0, 7.75, 1.5], "texture": "#0"},
				"south": {"uv": [7, 0, 7.75, 1.5], "texture": "#0"},
				"west": {"uv": [0, 0, 0.75, 1], "texture": "#0"},
				"up": {"uv": [0, 0, 0.75, 1], "texture": "#0"},
				"down": {"uv": [0, 0, 0.75, 1], "texture": "#0"}
			}
		},
		{
			"from": [14, -1, 5],
			"to": [15, 3, 6],
			"rotation": {"angle": 0, "axis": "y", "origin": [14.4, 0.25, 7]},
			"faces": {
				"north": {"uv": [13, 5, 13.5, 4], "texture": "#0"},
				"east": {"uv": [13, 5.5, 13.5, 4.5], "texture": "#0"},
				"south": {"uv": [13, 5, 13.5, 4], "texture": "#0"},
				"west": {"uv": [13, 5, 13.5, 4], "texture": "#0"},
				"up": {"uv": [13.5, 4, 13, 5], "rotation": 90, "texture": "#0"},
				"down": {"uv": [13.5, 4, 13, 5], "rotation": 270, "texture": "#0"}
			}
		},
		{
			"from": [14, -1, 10],
			"to": [15, 3, 11],
			"rotation": {"angle": 0, "axis": "y", "origin": [14.4, 0.25, 7]},
			"faces": {
				"north": {"uv": [13, 5, 13.5, 4], "texture": "#0"},
				"east": {"uv": [13, 5.5, 13.5, 4.5], "texture": "#0"},
				"south": {"uv": [13, 5, 13.5, 4], "texture": "#0"},
				"west": {"uv": [13, 5, 13.5, 4], "texture": "#0"},
				"up": {"uv": [13.5, 4, 13, 5], "rotation": 90, "texture": "#0"},
				"down": {"uv": [13.5, 4, 13, 5], "rotation": 270, "texture": "#0"}
			}
		},
		{
			"from": [14, -1, 9],
			"to": [15, 0, 10],
			"rotation": {"angle": 0, "axis": "y", "origin": [14.4, 0.25, 7]},
			"faces": {
				"north": {"uv": [13, 5, 13.5, 4], "texture": "#0"},
				"east": {"uv": [13, 5.5, 13.5, 4.5], "texture": "#0"},
				"south": {"uv": [13, 5, 13.5, 4], "texture": "#0"},
				"west": {"uv": [13, 5, 13.5, 4], "texture": "#0"},
				"up": {"uv": [13.5, 4, 13, 5], "rotation": 90, "texture": "#0"},
				"down": {"uv": [13.5, 4, 13, 5], "rotation": 270, "texture": "#0"}
			}
		},
		{
			"from": [14, -1, 6],
			"to": [15, 0, 7],
			"rotation": {"angle": 0, "axis": "y", "origin": [14.4, 0.25, 7]},
			"faces": {
				"north": {"uv": [13, 5, 13.5, 4], "texture": "#0"},
				"east": {"uv": [13, 5.5, 13.5, 4.5], "texture": "#0"},
				"south": {"uv": [13, 5, 13.5, 4], "texture": "#0"},
				"west": {"uv": [13, 5, 13.5, 4], "texture": "#0"},
				"up": {"uv": [13.5, 4, 13, 5], "rotation": 90, "texture": "#0"},
				"down": {"uv": [13.5, 4, 13, 5], "rotation": 270, "texture": "#0"}
			}
		},
		{
			"from": [14, -2, 6],
			"to": [15, -1, 7],
			"rotation": {"angle": 0, "axis": "y", "origin": [14.4, 0.25, 7]},
			"faces": {
				"north": {"uv": [13, 5, 13.5, 4], "texture": "#0"},
				"east": {"uv": [13, 5.5, 13.5, 4.5], "texture": "#0"},
				"south": {"uv": [13, 5, 13.5, 4], "texture": "#0"},
				"west": {"uv": [13, 5, 13.5, 4], "texture": "#0"},
				"up": {"uv": [13.5, 4, 13, 5], "rotation": 90, "texture": "#0"},
				"down": {"uv": [13.5, 4, 13, 5], "rotation": 270, "texture": "#0"}
			}
		},
		{
			"from": [14, -2, 9],
			"to": [15, -1, 10],
			"rotation": {"angle": 0, "axis": "y", "origin": [14.4, 0.25, 7]},
			"faces": {
				"north": {"uv": [13, 5, 13.5, 4], "texture": "#0"},
				"east": {"uv": [13, 5.5, 13.5, 4.5], "texture": "#0"},
				"south": {"uv": [13, 5, 13.5, 4], "texture": "#0"},
				"west": {"uv": [13, 5, 13.5, 4], "texture": "#0"},
				"up": {"uv": [13.5, 4, 13, 5], "rotation": 90, "texture": "#0"},
				"down": {"uv": [13.5, 4, 13, 5], "rotation": 270, "texture": "#0"}
			}
		},
		{
			"from": [14, -2, 7],
			"to": [15, -1, 9],
			"rotation": {"angle": 0, "axis": "y", "origin": [14.4, 0.25, 7]},
			"faces": {
				"north": {"uv": [13, 5, 13.5, 4], "texture": "#0"},
				"east": {"uv": [13, 5.5, 13.5, 4.5], "texture": "#0"},
				"south": {"uv": [13, 5, 13.5, 4], "texture": "#0"},
				"west": {"uv": [13, 5, 13.5, 4], "texture": "#0"},
				"up": {"uv": [13.5, 4, 13, 5], "rotation": 90, "texture": "#0"},
				"down": {"uv": [13.5, 4, 13, 5], "rotation": 270, "texture": "#0"}
			}
		},
		{
			"from": [14, 2, 9],
			"to": [15, 3, 10],
			"rotation": {"angle": 0, "axis": "y", "origin": [14.4, 0.25, 7]},
			"faces": {
				"north": {"uv": [13, 5, 13.5, 4], "texture": "#0"},
				"east": {"uv": [13, 5.5, 13.5, 4.5], "texture": "#0"},
				"south": {"uv": [13, 5, 13.5, 4], "texture": "#0"},
				"west": {"uv": [13, 5, 13.5, 4], "texture": "#0"},
				"up": {"uv": [13.5, 4, 13, 5], "rotation": 90, "texture": "#0"},
				"down": {"uv": [13.5, 4, 13, 5], "rotation": 270, "texture": "#0"}
			}
		},
		{
			"from": [14, 2, 6],
			"to": [15, 3, 7],
			"rotation": {"angle": 0, "axis": "y", "origin": [14.4, 0.25, 7]},
			"faces": {
				"north": {"uv": [13, 5, 13.5, 4], "texture": "#0"},
				"east": {"uv": [13, 5.5, 13.5, 4.5], "texture": "#0"},
				"south": {"uv": [13, 5, 13.5, 4], "texture": "#0"},
				"west": {"uv": [13, 5, 13.5, 4], "texture": "#0"},
				"up": {"uv": [13.5, 4, 13, 5], "rotation": 90, "texture": "#0"},
				"down": {"uv": [13.5, 4, 13, 5], "rotation": 270, "texture": "#0"}
			}
		}
	],
	"display": {
		"thirdperson_righthand": {
			"rotation": [-21, 102, 81],
			"translation": [0.75, 0, 0],
			"scale": [0.8, 0.8, 0.8]
		},
		"thirdperson_lefthand": {
			"rotation": [63, -96, 0],
			"translation": [0.5, 0, 0],
			"scale": [0.8, 0.8, 0.8]
		},
		"firstperson_righthand": {
			"rotation": [0, 122, 0],
			"translation": [2.25, 2.25, -25],
			"scale": [0.8, 0.8, 0.8]
		},
		"firstperson_lefthand": {
			"rotation": [0, -69, 0],
			"translation": [1.5, 1.25, -27],
			"scale": [0.81, 0.81, 0.81]
		},
		"ground": {
			"translation": [0, 7, 0]
		},
		"gui": {
			"rotation": [-9, -60, -16],
			"translation": [0, 2, 0],
			"scale": [0.79, 0.79, 0.79]
		},
		"head": {
			"rotation": [0, 90, 0],
			"translation": [0, 9.5, -0.75],
			"scale": [2, 2, 2]
		},
		"fixed": {
			"rotation": [0, 90, 0],
			"translation": [0, 8, -6.5],
			"scale": [2, 2, 2]
		}
	},
	"groups": [
		{
			"name": "rog",
			"origin": [2, 3, 8],
			"color": 0,
			"children": [
				{
					"name": "r",
					"origin": [2, 3, 8],
					"color": 0,
					"children": [0, 1, 2, 3, 4, 5, 6, 7, 8]
				},
				{
					"name": "r",
					"origin": [2, 3, 8],
					"color": 0,
					"children": [9, 10, 11, 12, 13, 14, 15, 16, 17, 18, 19, 20, 21, 22, 23, 24, 25, 26, 27, 28, 29, 30, 31, 32]
				}
			]
		},
		{
			"name": "o",
			"origin": [2, 3, 8],
			"color": 0,
			"children": [33, 34, 35, 36, 37, 38, 39, 40, 41, 42, 43]
		},
		{
			"name": "r",
			"origin": [2, 3, 8],
			"color": 0,
			"children": [44, 45, 46, 47, 48, 49, 50, 51, 52]
		}
	]
}