{
	"parent": "item/generated",
	"textures": {
		"layer0": "item/mutton"
	},

	"overrides": [
		{ "predicate": {"custom_model_data":1000}, "model": "item/mobs/meats/goat_meat"},
		{ "predicate": {"custom_model_data":1002}, "model": "item/mobs/aminal_death_bodies/goat_d"},
		{ "predicate": {"custom_model_data":1003}, "model": "item/mobs/aminal_death_bodies/goat_d2"},
		{ "predicate": {"custom_model_data":1004}, "model": "item/mobs/meats/llama_meat"},
		{ "predicate": {"custom_model_data":1006}, "model": "item/mobs/aminal_death_bodies/llama_d"},
		{ "predicate": {"custom_model_data":1007}, "model": "item/mobs/aminal_death_bodies/llama_d2"},
		{ "predicate": {"custom_model_data":1008}, "model": "item/mobs/aminal_death_bodies/sheep/sheep_d"},
		{ "predicate": {"custom_model_data":1009}, "model": "item/mobs/aminal_death_bodies/sheep/sheep_d2"},
		{ "predicate": {"custom_model_data":1010}, "model": "item/mobs/aminal_death_bodies/sheep/sheep_d3"},
		{ "predicate": {"custom_model_data":1011}, "model": "item/mobs/aminal_death_bodies/sheep/sheep_d4"},
		{ "predicate": {"custom_model_data":1012}, "model": "item/mobs/aminal_death_bodies/sheep/sheep_d5"},
		{ "predicate": {"custom_model_data":1013}, "model": "item/mobs/aminal_death_bodies/sheep/sheep_d6"},
		{ "predicate": {"custom_model_data":1014}, "model": "item/mobs/aminal_death_bodies/sheep/sheep_d7"},
		{ "predicate": {"custom_model_data":1015}, "model": "item/mobs/aminal_death_bodies/sheep/sheep_d8"},
		{ "predicate": {"custom_model_data":1016}, "model": "item/mobs/aminal_death_bodies/sheep/sheep_d9"},
		{ "predicate": {"custom_model_data":1017}, "model": "item/mobs/aminal_death_bodies/sheep/sheep_d10"},
		{ "predicate": {"custom_model_data":1018}, "model": "item/mobs/aminal_death_bodies/sheep/sheep_d11"},
		{ "predicate": {"custom_model_data":1019}, "model": "item/mobs/aminal_death_bodies/sheep/sheep_d12"},
		{ "predicate": {"custom_model_data":1020}, "model": "item/mobs/aminal_death_bodies/sheep/sheep_d13"},
		{ "predicate": {"custom_model_data":1021}, "model": "item/mobs/aminal_death_bodies/sheep/sheep_d14"},
		{ "predicate": {"custom_model_data":1022}, "model": "item/mobs/aminal_death_bodies/sheep/sheep_d15"},
		{ "predicate": {"custom_model_data":1023}, "model": "item/mobs/aminal_death_bodies/sheep/sheep_d16"},
		{ "predicate": {"custom_model_data":1024}, "model": "item/mobs/aminal_death_bodies/sheep/sheep_d17"},
		{ "predicate": {"custom_model_data":1025}, "model": "item/mobs/aminal_death_bodies/sheep/sheep_d18"}

	]
}