{
	"parent": "item/generated",
	"textures": {
		"layer0": "item/scute"	},

	"overrides": [

                { "predicate": { "custom_model_data": 130}, "model": "item/audition/head" },
                { "predicate": { "custom_model_data": 131}, "model": "item/audition/body" },
                { "predicate": { "custom_model_data": 132}, "model": "item/audition/body_motion" },
                { "predicate": { "custom_model_data": 133}, "model": "item/audition/arm" },
                { "predicate": { "custom_model_data": 134}, "model": "item/audition/particle" },
                { "predicate": { "custom_model_data": 135}, "model": "item/gustation/head" },
                { "predicate": { "custom_model_data": 136}, "model": "item/gustation/body" },
                { "predicate": { "custom_model_data": 137}, "model": "item/gustation/body_motion" },
                { "predicate": { "custom_model_data": 138}, "model": "item/gustation/arm" },
                { "predicate": { "custom_model_data": 139}, "model": "item/gustation/particle" },
                { "predicate": { "custom_model_data": 140}, "model": "item/olfaction/head" },
                { "predicate": { "custom_model_data": 141}, "model": "item/olfaction/body" },
                { "predicate": { "custom_model_data": 142}, "model": "item/olfaction/body_motion" },
                { "predicate": { "custom_model_data": 143}, "model": "item/olfaction/arm" },
                { "predicate": { "custom_model_data": 144}, "model": "item/olfaction/particle" },
                { "predicate": { "custom_model_data": 145}, "model": "item/somatosensation/head" },
                { "predicate": { "custom_model_data": 146}, "model": "item/somatosensation/body" },
                { "predicate": { "custom_model_data": 147}, "model": "item/somatosensation/body_motion" },
                { "predicate": { "custom_model_data": 148}, "model": "item/somatosensation/arm" },
                { "predicate": { "custom_model_data": 149}, "model": "item/somatosensation/particle" },
                { "predicate": { "custom_model_data": 150}, "model": "item/vision/head" },
                { "predicate": { "custom_model_data": 151}, "model": "item/vision/body" },
                { "predicate": { "custom_model_data": 152}, "model": "item/vision/body_motion" },
                { "predicate": { "custom_model_data": 153}, "model": "item/vision/arm" },
                { "predicate": { "custom_model_data": 154}, "model": "item/vision/particle" },
                { "predicate": { "custom_model_data": 155}, "model": "item/audition/head_harm" },
                { "predicate": { "custom_model_data": 156}, "model": "item/audition/body_harm" },
                { "predicate": { "custom_model_data": 157}, "model": "item/audition/arm_harm" },
                { "predicate": { "custom_model_data": 158}, "model": "item/audition/body_dead" },
                { "predicate": { "custom_model_data": 159}, "model": "item/audition/body_harm_motion" },
                { "predicate": {"custom_model_data":4105}, "model": "item/anubishead"}

    ]

}
