{
	"parent": "block/thin_block",
	"textures": {
		"particle": "#all"
	},
	"elements": [
		{
			"from": [0, 0, 0],
			"to": [16, 1, 16],
			"faces": {
				"north": {"uv": [0, 15, 16, 16], "texture": "#all", "cullface": "north"},
				"east": {"uv": [0, 15, 16, 16], "texture": "#all", "cullface": "east"},
				"south": {"uv": [0, 15, 16, 16], "texture": "#all", "cullface": "south"},
				"west": {"uv": [0, 15, 16, 16], "texture": "#all", "cullface": "west"},
				"up": {"uv": [0, 0, 16, 16], "texture": "#all"},
				"down": {"uv": [0, 0, 16, 16], "texture": "#all", "cullface": "down"}
			}
		}
	],
	"display": {
		"fixed": {
			"rotation": [-90, 0, 0],
			"translation": [0, 0, -16.075],
			"scale": [2.001, 2.01, 2.001]
		}
	}
}