{
	"credit": "Made with Blockbench",
	"parent": "generated:stick",
	"textures": {
		"0": "block/oak_planks",
		"particle": "block/oak_planks"
	},
	"elements": [
		{
			"from": [6, -16, 6],
			"to": [10, 0, 10],
			"faces": {
				"north": {"uv": [0, 0, 4, 16], "texture": "#0"},
				"east": {"uv": [0, 0, 4, 16], "texture": "#0"},
				"south": {"uv": [0, 0, 4, 16], "texture": "#0"},
				"west": {"uv": [0, 0, 4, 16], "texture": "#0"},
				"up": {"uv": [0, 0, 4, 4], "texture": "#0"},
				"down": {"uv": [0, 0, 4, 4], "texture": "#0"}
			}
		},
		{
			"from": [6, 0, 6],
			"to": [10, 16, 10],
			"faces": {
				"north": {"uv": [0, 0, 4, 16], "texture": "#0"},
				"east": {"uv": [0, 0, 4, 16], "texture": "#0"},
				"south": {"uv": [0, 0, 4, 16], "texture": "#0"},
				"west": {"uv": [0, 0, 4, 16], "texture": "#0"},
				"up": {"uv": [0, 0, 4, 4], "texture": "#0"},
				"down": {"uv": [0, 0, 4, 4], "texture": "#0"}
			}
		},
		{
			"from": [6, 16, 6],
			"to": [10, 32, 10],
			"faces": {
				"north": {"uv": [0, 0, 4, 16], "texture": "#0"},
				"east": {"uv": [0, 0, 4, 16], "texture": "#0"},
				"south": {"uv": [0, 0, 4, 16], "texture": "#0"},
				"west": {"uv": [0, 0, 4, 16], "texture": "#0"},
				"up": {"uv": [0, 0, 4, 4], "texture": "#0"},
				"down": {"uv": [0, 0, 4, 4], "texture": "#0"}
			}
		},
		{
			"from": [-7, 8, 7],
			"to": [6, 15, 9],
			"faces": {
				"north": {"uv": [2, 6, 15, 13], "texture": "#0"},
				"east": {"uv": [0, 0, 2, 7], "texture": "#0"},
				"south": {"uv": [2, 2, 15, 9], "texture": "#0"},
				"west": {"uv": [0, 0, 2, 7], "texture": "#0"},
				"up": {"uv": [0, 0, 13, 2], "texture": "#0"},
				"down": {"uv": [0, 1, 13, 3], "texture": "#0"}
			}
		},
		{
			"from": [10, 8, 7],
			"to": [23, 15, 9],
			"faces": {
				"north": {"uv": [1, 2, 14, 9], "texture": "#0"},
				"east": {"uv": [0, 0, 2, 7], "texture": "#0"},
				"south": {"uv": [0, 6, 13, 13], "texture": "#0"},
				"west": {"uv": [0, 0, 2, 7], "texture": "#0"},
				"up": {"uv": [0, 0, 13, 2], "texture": "#0"},
				"down": {"uv": [0, 9, 13, 11], "texture": "#0"}
			}
		},
		{
			"from": [-9, 9, 7],
			"to": [-7, 15, 9],
			"faces": {
				"north": {"uv": [0, 0, 2, 6], "texture": "#0"},
				"east": {"uv": [0, 0, 2, 6], "texture": "#0"},
				"south": {"uv": [3, 3, 5, 9], "texture": "#0"},
				"west": {"uv": [0, 0, 2, 6], "texture": "#0"},
				"up": {"uv": [0, 0, 2, 2], "texture": "#0"},
				"down": {"uv": [0, 0, 2, 2], "texture": "#0"}
			}
		},
		{
			"from": [23, 9, 7],
			"to": [25, 15, 9],
			"faces": {
				"north": {"uv": [2, 0, 4, 6], "texture": "#0"},
				"east": {"uv": [0, 0, 2, 6], "texture": "#0"},
				"south": {"uv": [0, 0, 2, 6], "texture": "#0"},
				"west": {"uv": [0, 0, 2, 6], "texture": "#0"},
				"up": {"uv": [0, 0, 2, 2], "texture": "#0"},
				"down": {"uv": [0, 0, 2, 2], "texture": "#0"}
			}
		},
		{
			"from": [-10, 10, 7],
			"to": [-9, 14, 9],
			"faces": {
				"north": {"uv": [0, 0, 1, 4], "texture": "#0"},
				"east": {"uv": [0, 0, 2, 4], "texture": "#0"},
				"south": {"uv": [3, 1, 4, 5], "texture": "#0"},
				"west": {"uv": [0, 0, 2, 4], "texture": "#0"},
				"up": {"uv": [0, 0, 1, 2], "texture": "#0"},
				"down": {"uv": [0, 0, 1, 2], "texture": "#0"}
			}
		},
		{
			"from": [25, 10, 7],
			"to": [26, 14, 9],
			"faces": {
				"north": {"uv": [4, 0, 5, 4], "texture": "#0"},
				"east": {"uv": [0, 0, 2, 4], "texture": "#0"},
				"south": {"uv": [0, 0, 1, 4], "texture": "#0"},
				"west": {"uv": [0, 0, 2, 4], "texture": "#0"},
				"up": {"uv": [0, 0, 1, 2], "texture": "#0"},
				"down": {"uv": [0, 0, 1, 2], "texture": "#0"}
			}
		},
		{
			"from": [-11, 11, 7],
			"to": [-10, 13, 9],
			"faces": {
				"north": {"uv": [0, 0, 1, 2], "texture": "#0"},
				"east": {"uv": [0, 0, 2, 2], "texture": "#0"},
				"south": {"uv": [0, 0, 1, 2], "texture": "#0"},
				"west": {"uv": [0, 0, 2, 2], "texture": "#0"},
				"up": {"uv": [0, 0, 1, 2], "texture": "#0"},
				"down": {"uv": [0, 0, 1, 2], "texture": "#0"}
			}
		},
		{
			"from": [26, 11, 7],
			"to": [27, 13, 9],
			"faces": {
				"north": {"uv": [2, 4, 3, 6], "texture": "#0"},
				"east": {"uv": [0, 0, 2, 2], "texture": "#0"},
				"south": {"uv": [0, 0, 1, 2], "texture": "#0"},
				"west": {"uv": [0, 0, 2, 2], "texture": "#0"},
				"up": {"uv": [0, 0, 1, 2], "texture": "#0"},
				"down": {"uv": [0, 0, 1, 2], "texture": "#0"}
			}
		},
		{
			"name": "head",
			"from": [7.01, 19.16, 2.01],
			"to": [8.99, 22.64, 2.99],
			"rotation": {"angle": 0, "axis": "x", "origin": [8, 23.38271, 3.75]},
			"faces": {
				"north": {"uv": [15, 8, 16, 10], "texture": "#0"},
				"east": {"uv": [14, 9, 15, 11], "texture": "#0"},
				"south": {"uv": [19, 8, 20, 10], "texture": "#0"},
				"west": {"uv": [15, 8, 16, 10], "texture": "#0"},
				"up": {"uv": [15, 8, 14, 7], "texture": "#0"},
				"down": {"uv": [16, 7, 15, 8], "texture": "#0"}
			}
		},
		{
			"name": "head",
			"from": [6, 22.15, 2],
			"to": [10, 24.15, 6],
			"rotation": {"angle": 0, "axis": "x", "origin": [8, 23.38271, 3.75]},
			"faces": {
				"north": {"uv": [14, 4, 16, 5], "texture": "#0"},
				"east": {"uv": [10, 4, 14, 5], "texture": "#0"},
				"south": {"uv": [20, 4, 22, 5], "texture": "#0"},
				"west": {"uv": [12, 4, 16, 5], "texture": "#0"},
				"up": {"uv": [16, 4, 14, 0], "texture": "#0"},
				"down": {"uv": [16, 0, 14, 4], "texture": "#0"}
			}
		},
		{
			"name": "head",
			"from": [7, 18.15, 3],
			"to": [9, 22.15, 4],
			"rotation": {"angle": 0, "axis": "x", "origin": [8, 23.38271, 3.75]},
			"faces": {
				"north": {"uv": [12, 8, 13, 10], "texture": "#0"},
				"east": {"uv": [11, 8, 12, 10], "texture": "#0"},
				"south": {"uv": [14, 8, 15, 10], "texture": "#0"},
				"west": {"uv": [13, 8, 14, 10], "texture": "#0"},
				"up": {"uv": [13, 8, 12, 7], "texture": "#0"},
				"down": {"uv": [14, 7, 13, 8], "texture": "#0"}
			}
		},
		{
			"name": "head",
			"from": [6, 16.15, 4],
			"to": [10, 22.15, 6],
			"rotation": {"angle": 0, "axis": "x", "origin": [8, 23.38271, 3.75]},
			"faces": {
				"north": {"uv": [5, 8, 7, 11], "texture": "#0"},
				"east": {"uv": [3, 8, 5, 11], "texture": "#0"},
				"south": {"uv": [9, 8, 11, 11], "texture": "#0"},
				"west": {"uv": [7, 8, 9, 11], "texture": "#0"},
				"up": {"uv": [7, 8, 5, 6], "texture": "#0"},
				"down": {"uv": [9, 6, 7, 8], "texture": "#0"}
			}
		},
		{
			"name": "feather",
			"from": [7.75, 23.01541, 3],
			"to": [8.25, 28.01541, 7],
			"rotation": {"angle": 22.5, "axis": "x", "origin": [8, 25.51541, 4]},
			"faces": {
				"north": {"uv": [6, 11, 7, 16], "texture": "#0"},
				"east": {"uv": [9, 3, 13, 8], "texture": "#0"},
				"south": {"uv": [10, 22, 10, 27], "texture": "#0"},
				"west": {"uv": [5, 0, 9, 5], "texture": "#0"},
				"up": {"uv": [4, 16, 3, 11], "texture": "#0"},
				"down": {"uv": [6, 11, 7, 16], "texture": "#0"}
			}
		},
		{
			"name": "head",
			"from": [7.01, 19.16, 12.91],
			"to": [8.99, 22.64, 13.89],
			"rotation": {"angle": 0, "axis": "x", "origin": [8, 23.38271, 3.65]},
			"faces": {
				"north": {"uv": [17, 8, 18, 10], "texture": "#0"},
				"east": {"uv": [12, 6, 13, 8], "texture": "#0"},
				"south": {"uv": [15, 8, 16, 10], "texture": "#0"},
				"west": {"uv": [14, 9, 15, 11], "texture": "#0"},
				"up": {"uv": [16, 8, 15, 7], "texture": "#0"},
				"down": {"uv": [15, 6, 14, 7], "texture": "#0"}
			}
		},
		{
			"name": "head",
			"from": [6, 22.15, 9.9],
			"to": [10, 24.15, 13.9],
			"rotation": {"angle": 0, "axis": "x", "origin": [8, 23.38271, 3.65]},
			"faces": {
				"north": {"uv": [14, 4, 16, 5], "texture": "#0"},
				"east": {"uv": [10, 4, 14, 5], "texture": "#0"},
				"south": {"uv": [14, 4, 16, 5], "texture": "#0"},
				"west": {"uv": [12, 4, 16, 5], "texture": "#0"},
				"up": {"uv": [16, 4, 14, 0], "texture": "#0"},
				"down": {"uv": [16, 0, 14, 4], "texture": "#0"}
			}
		},
		{
			"name": "head",
			"from": [7, 18.15, 11.9],
			"to": [9, 22.15, 12.9],
			"rotation": {"angle": 0, "axis": "x", "origin": [8, 23.38271, 3.65]},
			"faces": {
				"north": {"uv": [12, 8, 13, 10], "texture": "#0"},
				"east": {"uv": [11, 8, 12, 10], "texture": "#0"},
				"south": {"uv": [14, 8, 15, 10], "texture": "#0"},
				"west": {"uv": [13, 8, 14, 10], "texture": "#0"},
				"up": {"uv": [13, 8, 12, 7], "texture": "#0"},
				"down": {"uv": [14, 7, 13, 8], "texture": "#0"}
			}
		},
		{
			"name": "head",
			"from": [6, 16.15, 9.9],
			"to": [10, 22.15, 11.9],
			"rotation": {"angle": 0, "axis": "x", "origin": [8, 23.38271, 3.65]},
			"faces": {
				"north": {"uv": [4, 4, 6, 7], "texture": "#0"},
				"east": {"uv": [2, 4, 4, 7], "texture": "#0"},
				"south": {"uv": [8, 7, 10, 10], "texture": "#0"},
				"west": {"uv": [6, 4, 8, 7], "texture": "#0"},
				"up": {"uv": [6, 4, 4, 2], "texture": "#0"},
				"down": {"uv": [8, 2, 6, 4], "texture": "#0"}
			}
		},
		{
			"name": "feather",
			"from": [7.75, 23.01541, 8.9],
			"to": [8.25, 28.01541, 12.9],
			"rotation": {"angle": -22.5, "axis": "x", "origin": [8, 25.51541, 11.9]},
			"faces": {
				"north": {"uv": [7, 11, 7, 16], "texture": "#0"},
				"east": {"uv": [7, 11, 11, 16], "texture": "#0"},
				"south": {"uv": [11, 11, 11, 16], "texture": "#0"},
				"west": {"uv": [7, 11, 11, 16], "texture": "#0"},
				"up": {"uv": [7, 11, 8, 16], "texture": "#0"},
				"down": {"uv": [7, 11, 8, 16], "rotation": 180, "texture": "#0"}
			}
		}
	],
	"display": {
		"thirdperson_righthand": {
			"rotation": [90, 0, 0],
			"translation": [-6, -2, 42]
		},
		"head": {
			"translation": [0, 24.75, 0],
			"scale": [1.64, 1.64, 1.64]
		},
		"fixed": {
			"rotation": [-90, 0, 0],
			"translation": [0, 0, -39.75],
			"scale": [2, 2, 2]
		}
	},
	"groups": [
		{
			"name": "base",
			"origin": [0, 0, 0],
			"color": 0,
			"nbt": "{}",
			"armAnimationEnabled": false,
			"children": [
				{
					"name": "rod",
					"origin": [0, 0, 0],
					"color": 0,
					"nbt": "{}",
					"armAnimationEnabled": false,
					"children": [0, 1, 2]
				},
				{
					"name": "wings",
					"origin": [0, 0, 0],
					"color": 0,
					"nbt": "{}",
					"armAnimationEnabled": false,
					"children": [3, 4, 5, 6, 7, 8, 9, 10]
				}
			]
		},
		{
			"name": "head2",
			"origin": [0, 12, 3.5],
			"color": 0,
			"nbt": "{}",
			"armAnimationEnabled": false,
			"children": [11, 12, 13, 14, 15]
		},
		{
			"name": "head1",
			"origin": [0, 12, 3.5],
			"color": 0,
			"nbt": "{}",
			"armAnimationEnabled": false,
			"children": [16, 17, 18, 19, 20]
		}
	]
}