{
	"credit": "Made with Blockbench",
	"ambientocclusion": false,
	"textures": {
		"particle": "block/ladder",
		"texture": "block/ladder"
	},
	"elements": [
		{
			"from": [2, 0, 15],
			"to": [4, 16, 16],
			"faces": {
				"north": {"uv": [12, 0, 14, 16], "texture": "#texture"},
				"east": {"uv": [12, 0, 13, 16], "texture": "#texture"},
				"south": {"uv": [12, 0, 14, 16], "texture": "#texture"},
				"west": {"uv": [13, 0, 14, 16], "texture": "#texture"},
				"up": {"uv": [12, 0, 14, 1], "texture": "#texture"},
				"down": {"uv": [12, 15, 14, 16], "texture": "#texture"}
			}
		},
		{
			"from": [12, 0, 15],
			"to": [14, 16, 16],
			"faces": {
				"north": {"uv": [2, 0, 4, 16], "texture": "#texture"},
				"east": {"uv": [2, 0, 3, 16], "texture": "#texture"},
				"south": {"uv": [2, 0, 4, 16], "texture": "#texture"},
				"west": {"uv": [3, 0, 4, 16], "texture": "#texture"},
				"up": {"uv": [2, 0, 4, 1], "texture": "#texture"},
				"down": {"uv": [2, 15, 4, 16], "texture": "#texture"}
			}
		},
		{
			"from": [1, 13, 15.1],
			"to": [2, 15, 15.9],
			"faces": {
				"north": {"uv": [14, 1, 15, 3], "texture": "#texture"},
				"east": {"uv": [14, 1, 15, 3], "texture": "#texture"},
				"south": {"uv": [14, 1, 15, 3], "texture": "#texture"},
				"west": {"uv": [14, 1, 15, 3], "texture": "#texture"},
				"up": {"uv": [14, 1, 15, 2], "texture": "#texture"},
				"down": {"uv": [14, 1, 15, 2], "texture": "#texture"}
			}
		},
		{
			"from": [14, 13, 15.1],
			"to": [15, 15, 15.9],
			"faces": {
				"north": {"uv": [1, 1, 2, 3], "texture": "#texture"},
				"east": {"uv": [1, 1, 2, 3], "texture": "#texture"},
				"south": {"uv": [1, 1, 2, 3], "texture": "#texture"},
				"west": {"uv": [1, 1, 2, 3], "texture": "#texture"},
				"up": {"uv": [1, 1, 2, 2], "texture": "#texture"},
				"down": {"uv": [1, 1, 2, 2], "texture": "#texture"}
			}
		},
		{
			"from": [4, 13, 15.1],
			"to": [12, 15, 15.9],
			"faces": {
				"north": {"uv": [4, 1, 12, 3], "texture": "#texture"},
				"east": {"uv": [4, 1, 12, 3], "texture": "#texture"},
				"south": {"uv": [4, 1, 12, 3], "texture": "#texture"},
				"west": {"uv": [4, 1, 12, 3], "texture": "#texture"},
				"up": {"uv": [4, 1, 12, 2], "texture": "#texture"},
				"down": {"uv": [4, 1, 12, 2], "texture": "#texture"}
			}
		},
		{
			"from": [4, 9, 15.1],
			"to": [12, 11, 15.9],
			"faces": {
				"north": {"uv": [4, 5, 12, 7], "texture": "#texture"},
				"east": {"uv": [4, 5, 12, 7], "texture": "#texture"},
				"south": {"uv": [4, 5, 12, 7], "texture": "#texture"},
				"west": {"uv": [4, 5, 12, 7], "texture": "#texture"},
				"up": {"uv": [4, 5, 12, 6], "texture": "#texture"},
				"down": {"uv": [4, 5, 12, 6], "texture": "#texture"}
			}
		},
		{
			"from": [1, 9, 15.1],
			"to": [2, 11, 15.9],
			"faces": {
				"north": {"uv": [14, 5, 15, 7], "texture": "#texture"},
				"east": {"uv": [14, 5, 15, 7], "texture": "#texture"},
				"south": {"uv": [14, 5, 15, 7], "texture": "#texture"},
				"west": {"uv": [14, 5, 15, 7], "texture": "#texture"},
				"up": {"uv": [14, 5, 15, 6], "texture": "#texture"},
				"down": {"uv": [14, 5, 15, 6], "texture": "#texture"}
			}
		},
		{
			"from": [14, 9, 15.1],
			"to": [15, 11, 15.9],
			"faces": {
				"north": {"uv": [1, 5, 2, 7], "texture": "#texture"},
				"east": {"uv": [1, 5, 2, 7], "texture": "#texture"},
				"south": {"uv": [1, 5, 2, 7], "texture": "#texture"},
				"west": {"uv": [1, 5, 2, 7], "texture": "#texture"},
				"up": {"uv": [1, 5, 2, 6], "texture": "#texture"},
				"down": {"uv": [1, 5, 2, 6], "texture": "#texture"}
			}
		},
		{
			"from": [4, 1, 15.1],
			"to": [12, 3, 15.9],
			"faces": {
				"north": {"uv": [4, 13, 12, 15], "texture": "#texture"},
				"east": {"uv": [4, 13, 12, 15], "texture": "#texture"},
				"south": {"uv": [4, 13, 12, 15], "texture": "#texture"},
				"west": {"uv": [4, 13, 12, 15], "texture": "#texture"},
				"up": {"uv": [4, 13, 12, 14], "texture": "#texture"},
				"down": {"uv": [4, 13, 12, 14], "texture": "#texture"}
			}
		},
		{
			"from": [1, 1, 15.1],
			"to": [2, 3, 15.9],
			"faces": {
				"north": {"uv": [14, 13, 15, 15], "texture": "#texture"},
				"east": {"uv": [14, 13, 15, 15], "texture": "#texture"},
				"south": {"uv": [14, 13, 15, 15], "texture": "#texture"},
				"west": {"uv": [14, 13, 15, 15], "texture": "#texture"},
				"up": {"uv": [14, 13, 15, 14], "texture": "#texture"},
				"down": {"uv": [14, 13, 15, 14], "texture": "#texture"}
			}
		},
		{
			"from": [14, 1, 15.1],
			"to": [15, 3, 15.9],
			"faces": {
				"north": {"uv": [1, 13, 2, 15], "texture": "#texture"},
				"east": {"uv": [1, 13, 2, 15], "texture": "#texture"},
				"south": {"uv": [1, 13, 2, 15], "texture": "#texture"},
				"west": {"uv": [1, 13, 2, 15], "texture": "#texture"},
				"up": {"uv": [1, 13, 2, 14], "texture": "#texture"},
				"down": {"uv": [1, 13, 2, 14], "texture": "#texture"}
			}
		},
		{
			"from": [1, 5, 15.1],
			"to": [2, 7, 15.9],
			"faces": {
				"north": {"uv": [14, 9, 15, 11], "texture": "#texture"},
				"east": {"uv": [14, 9, 15, 11], "texture": "#texture"},
				"south": {"uv": [14, 9, 15, 11], "texture": "#texture"},
				"west": {"uv": [14, 9, 15, 11], "texture": "#texture"},
				"up": {"uv": [14, 9, 15, 10], "texture": "#texture"},
				"down": {"uv": [14, 9, 15, 10], "texture": "#texture"}
			}
		},
		{
			"from": [4, 5, 15.1],
			"to": [12, 7, 15.9],
			"faces": {
				"north": {"uv": [4, 9, 12, 11], "texture": "#texture"},
				"east": {"uv": [4, 9, 12, 11], "texture": "#texture"},
				"south": {"uv": [4, 9, 12, 11], "texture": "#texture"},
				"west": {"uv": [4, 9, 12, 11], "texture": "#texture"},
				"up": {"uv": [4, 9, 12, 10], "texture": "#texture"},
				"down": {"uv": [4, 9, 12, 10], "texture": "#texture"}
			}
		},
		{
			"from": [14, 5, 15.1],
			"to": [15, 7, 15.9],
			"faces": {
				"north": {"uv": [1, 9, 2, 11], "texture": "#texture"},
				"east": {"uv": [1, 9, 2, 11], "texture": "#texture"},
				"south": {"uv": [1, 9, 2, 11], "texture": "#texture"},
				"west": {"uv": [1, 9, 2, 11], "texture": "#texture"},
				"up": {"uv": [1, 9, 2, 10], "texture": "#texture"},
				"down": {"uv": [1, 9, 2, 10], "texture": "#texture"}
			}
		}
	]
}